{
	"name": "AzureDataLakeStorage_BlueYonder",
	"properties": {
		"parameters": {
			"AccountName": {
				"type": "string"
			},
			"SecretKey": {
				"type": "string"
			}
		},
		"annotations": [],
		"type": "AzureBlobFS",
		"typeProperties": {
			"url": "@{linkedService().AccountName}",
			"accountKey": {
				"type": "AzureKeyVaultSecret",
				"store": {
					"referenceName": "AzureKeyVault",
					"type": "LinkedServiceReference"
				},
				"secretName": {
					"value": "@linkedService().SecretKey",
					"type": "Expression"
				}
			}
		}
	},
	"type": "Microsoft.DataFactory/factories/linkedservices"
}