{
	"name": "AzureSynapseAnalytics_EIM",
	"properties": {
		"annotations": [],
		"type": "AzureSqlDW",
		"typeProperties": {
			"connectionString": {
				"type": "AzureKeyVaultSecret",
				"store": {
					"referenceName": "AzureKeyVault",
					"type": "LinkedServiceReference"
				},
				"secretName": "ADF-Synapse-ConnectionString"
			}
		},
		"connectVia": {
			"referenceName": "irSelfHosted-ENV-vm-ms-ADF-SelfHosted",
			"type": "IntegrationRuntimeReference"
		}
	},
	"type": "Microsoft.DataFactory/factories/linkedservices"
}