{
	"name": "AzureDataLakeStorage",
	"properties": {
		"parameters": {
			"AccountName": {
				"type": "string",
				"defaultValue": "https://mdatadevdls01.dfs.core.windows.net"
			},
			"SecretName": {
				"type": "string",
				"defaultValue": "ADF-DataLake-Key"
			}
		},
		"annotations": [],
		"type": "AzureBlobFS",
		"typeProperties": {
			"url": "@{linkedService().AccountName}",
			"accountKey": {
				"type": "AzureKeyVaultSecret",
				"store": {
					"referenceName": "AzureKeyVault",
					"type": "LinkedServiceReference"
				},
				"secretName": {
					"value": "@linkedService().SecretName",
					"type": "Expression"
				}
			}
		},
		"connectVia": {
			"referenceName": "irSelfHosted-ENV-vm-ms-ADF-SelfHosted",
			"type": "IntegrationRuntimeReference"
		}
	}
}