{
	"name": "AzureDataLakeStorage_RetailScan",
	"properties": {
		"parameters": {
			"AccountName": {
				"type": "string"
			},
			"SecretKey": {
				"type": "string"
			}
		},
		"annotations": [],
		"type": "AzureBlobFS",
		"typeProperties": {
			"url": "@{linkedService().AccountName}",
			"accountKey": {
				"type": "AzureKeyVaultSecret",
				"store": {
					"referenceName": "AzureKeyVault",
					"type": "LinkedServiceReference"
				},
				"secretName": {
					"value": "@linkedService().SecretKey",
					"type": "Expression"
				}
			}
		},
		"connectVia": {
			"referenceName": "MDATA-MCS-IR-01",
			"type": "IntegrationRuntimeReference"
		}
	}
}