{
	"name": "SalesforceServiceCloud_MetcashLoyalty",
	"properties": {
		"annotations": [],
		"type": "SalesforceServiceCloud",
		"typeProperties": {
			"environmentUrl": "https://metcash--uat.sandbox.my.salesforce.com",
			"username": "greg1.king@metcash.com.uat",
			"password": {
				"type": "AzureKeyVaultSecret",
				"store": {
					"referenceName": "AzureKeyVault",
					"type": "LinkedServiceReference"
				},
				"secretName": "SalesforceServiceCloud-MetcashLoyaltyUserPassword"
			},
			"securityToken": {
				"type": "AzureKeyVaultSecret",
				"store": {
					"referenceName": "AzureKeyVault",
					"type": "LinkedServiceReference"
				},
				"secretName": "SalesforceServiceCloud-MetcashLoyaltyUserToken"
			},
			"apiVersion": "56.0"
		}
	}
}