{"source":2,"revision":4,"description":null,"createdBy":{"displayName":"Kelvin Hong","url":"https://spsprodeau1.vssps.visualstudio.com/A58974c6b-072f-4a7d-9046-b753e8e7303d/_apis/Identities/c8fbdc16-f12d-6512-9bb8-6a64741d06d9","_links":{"avatar":{"href":"https://dev.azure.com/METCASHDevOps/_apis/GraphProfile/MemberAvatars/aad.YzhmYmRjMTYtZjEyZC03NTEyLTliYjgtNmE2NDc0MWQwNmQ5"}},"id":"c8fbdc16-f12d-6512-9bb8-6a64741d06d9","uniqueName":"hongke@metcash.com","imageUrl":"https://dev.azure.com/METCASHDevOps/_apis/GraphProfile/MemberAvatars/aad.YzhmYmRjMTYtZjEyZC03NTEyLTliYjgtNmE2NDc0MWQwNmQ5","descriptor":"aad.YzhmYmRjMTYtZjEyZC03NTEyLTliYjgtNmE2NDc0MWQwNmQ5"},"createdOn":"2022-01-18T21:45:34.307Z","modifiedBy":{"displayName":"Kelvin Hong","url":"https://spsprodeau1.vssps.visualstudio.com/A58974c6b-072f-4a7d-9046-b753e8e7303d/_apis/Identities/c8fbdc16-f12d-6512-9bb8-6a64741d06d9","_links":{"avatar":{"href":"https://dev.azure.com/METCASHDevOps/_apis/GraphProfile/MemberAvatars/aad.YzhmYmRjMTYtZjEyZC03NTEyLTliYjgtNmE2NDc0MWQwNmQ5"}},"id":"c8fbdc16-f12d-6512-9bb8-6a64741d06d9","uniqueName":"hongke@metcash.com","imageUrl":"https://dev.azure.com/METCASHDevOps/_apis/GraphProfile/MemberAvatars/aad.YzhmYmRjMTYtZjEyZC03NTEyLTliYjgtNmE2NDc0MWQwNmQ5","descriptor":"aad.YzhmYmRjMTYtZjEyZC03NTEyLTliYjgtNmE2NDc0MWQwNmQ5"},"modifiedOn":"2022-01-31T05:24:37.133Z","isDeleted":false,"lastRelease":{"id":18,"name":"Release-1","artifacts":[],"_links":{},"description":"","releaseDefinition":{"id":6,"projectReference":null,"_links":{}},"createdOn":"2022-01-18T21:51:51.293Z","createdBy":{"displayName":"Kelvin Hong","url":"https://spsprodeau1.vssps.visualstudio.com/A58974c6b-072f-4a7d-9046-b753e8e7303d/_apis/Identities/c8fbdc16-f12d-6512-9bb8-6a64741d06d9","_links":{"avatar":{"href":"https://dev.azure.com/METCASHDevOps/_apis/GraphProfile/MemberAvatars/aad.YzhmYmRjMTYtZjEyZC03NTEyLTliYjgtNmE2NDc0MWQwNmQ5"}},"id":"c8fbdc16-f12d-6512-9bb8-6a64741d06d9","uniqueName":"hongke@metcash.com","imageUrl":"https://dev.azure.com/METCASHDevOps/_apis/GraphProfile/MemberAvatars/aad.YzhmYmRjMTYtZjEyZC03NTEyLTliYjgtNmE2NDc0MWQwNmQ5","descriptor":"aad.YzhmYmRjMTYtZjEyZC03NTEyLTliYjgtNmE2NDc0MWQwNmQ5"}},"variables":{},"variableGroups":[4],"environments":[{"id":11,"name":"DEV","rank":1,"owner":{"displayName":"Kelvin Hong","url":"https://spsprodeau1.vssps.visualstudio.com/A58974c6b-072f-4a7d-9046-b753e8e7303d/_apis/Identities/c8fbdc16-f12d-6512-9bb8-6a64741d06d9","_links":{"avatar":{"href":"https://dev.azure.com/METCASHDevOps/_apis/GraphProfile/MemberAvatars/aad.YzhmYmRjMTYtZjEyZC03NTEyLTliYjgtNmE2NDc0MWQwNmQ5"}},"id":"c8fbdc16-f12d-6512-9bb8-6a64741d06d9","uniqueName":"hongke@metcash.com","imageUrl":"https://dev.azure.com/METCASHDevOps/_apis/GraphProfile/MemberAvatars/aad.YzhmYmRjMTYtZjEyZC03NTEyLTliYjgtNmE2NDc0MWQwNmQ5","descriptor":"aad.YzhmYmRjMTYtZjEyZC03NTEyLTliYjgtNmE2NDc0MWQwNmQ5"},"variables":{},"variableGroups":[5],"preDeployApprovals":{"approvals":[{"rank":1,"isAutomated":true,"isNotificationOn":false,"id":31}],"approvalOptions":{"requiredApproverCount":null,"releaseCreatorCanBeApprover":false,"autoTriggeredAndPreviousEnvironmentApprovedCanBeSkipped":false,"enforceIdentityRevalidation":false,"timeoutInMinutes":0,"executionOrder":1}},"deployStep":{"id":36},"postDeployApprovals":{"approvals":[{"rank":1,"isAutomated":true,"isNotificationOn":false,"id":37}],"approvalOptions":{"requiredApproverCount":null,"releaseCreatorCanBeApprover":false,"autoTriggeredAndPreviousEnvironmentApprovedCanBeSkipped":false,"enforceIdentityRevalidation":false,"timeoutInMinutes":0,"executionOrder":2}},"deployPhases":[{"deploymentInput":{"parallelExecution":{"parallelExecutionType":0},"agentSpecification":{"identifier":"windows-latest"},"skipArtifactsDownload":false,"artifactsDownloadInput":{"downloadInputs":[]},"queueId":161,"demands":[],"enableAccessToken":false,"timeoutInMinutes":0,"jobCancelTimeoutInMinutes":1,"condition":"succeeded()","overrideInputs":{}},"rank":1,"phaseType":1,"name":"Application","refName":null,"workflowTasks":[{"environment":{},"taskId":"94a74903-f93f-4075-884f-dc11f34058b4","version":"2.*","name":"Main Variables","refName":"","enabled":true,"alwaysRun":false,"continueOnError":false,"timeoutInMinutes":0,"retryCountOnTaskFailure":0,"definitionType":"task","overrideInputs":{},"condition":"succeeded()","inputs":{"ConnectedServiceName":"783fa479-fd32-40ca-af43-f58ef7292a34","action":"Create Or Update Resource Group","resourceGroupName":"$(resource-Group)","location":"$(location)","templateLocation":"Linked artifact","csmFileLink":"","csmParametersFileLink":"","csmFile":"$(System.DefaultWorkingDirectory)/_Build/AzureResources/MainARM/maindeploy.json","csmParametersFile":"","overrideParameters":"-ServicePrincipal-ObjectID $(ServicePrincipal-ObjectID) -ServicePrincipal-ApplicationID $(ServicePrincipal-ApplicationID) -ServicePrincipal-Secret $(ServicePrincipal-Secret) -resource-template $(resource-template) -environment $(environment) -database-User $(database-User) -database-Password $(database-Password)","deploymentMode":"Incremental","enableDeploymentPrerequisites":"None","deploymentGroupEndpoint":"","project":"","deploymentGroupName":"","copyAzureVMTags":"true","runAgentServiceAsUser":"false","userName":"","password":"","outputVariable":"","deploymentName":"","deploymentOutputs":"armoutput","addSpnToEnvironment":"false"}},{"environment":{},"taskId":"e213ff0f-5d5c-4791-802d-52ea3e7be1f1","version":"2.*","name":"Parse Arm Output","refName":"","enabled":true,"alwaysRun":false,"continueOnError":false,"timeoutInMinutes":0,"retryCountOnTaskFailure":0,"definitionType":"task","overrideInputs":{},"condition":"succeeded()","inputs":{"targetType":"inline","filePath":"","arguments":"","script":"# Make outputs from resource group deployment available to subsequent tasks\n$outputs = ConvertFrom-Json $($env:armoutput)\nforeach ($output in $outputs.PSObject.Properties) {\n  Write-Host \"##vso[task.setvariable variable=RGDO_$($output.Name)]$($output.Value.value)\"\n  $($output.Name)\n  $($output.Value.value)\n}","errorActionPreference":"stop","warningPreference":"default","informationPreference":"default","verbosePreference":"default","debugPreference":"default","failOnStderr":"false","showWarnings":"false","ignoreLASTEXITCODE":"false","pwsh":"false","workingDirectory":"","runScriptInSeparateScope":"false"}},{"environment":{},"taskId":"94a74903-f93f-4075-884f-dc11f34058b4","version":"2.*","name":"Data Services","refName":"","enabled":true,"alwaysRun":false,"continueOnError":false,"timeoutInMinutes":0,"retryCountOnTaskFailure":0,"definitionType":"task","overrideInputs":{},"condition":"succeeded()","inputs":{"ConnectedServiceName":"783fa479-fd32-40ca-af43-f58ef7292a34","action":"Create Or Update Resource Group","resourceGroupName":"$(resource-Group)","location":"$(location)","templateLocation":"Linked artifact","csmFileLink":"","csmParametersFileLink":"","csmFile":"$(System.DefaultWorkingDirectory)/_Build/AzureResources/DataServices/dataServicesDeploy.json","csmParametersFile":"","overrideParameters":"-ServicePrincipal-ObjectID \"$(RGDO_ServicePrincipal-ObjectID)\" -AzureSqlServerName \"$(RGDO_AzureSqlServerName)\" -dbUsername \"$(RGDO_dbUsername)\" -dbPassword \"$(RGDO_dbPassword)\" -dataLakeName \"$(RGDO_dataLakeName)\" -dataFactoryName \"$(RGDO_dataFactoryName)\" -SHIRName \"$(RGDO_SHIRName)\" -keyVaultName \"$(RGDO_keyVaultName)\" -databricksWorkspaceName \"$(RGDO_databricksWorkspaceName)\" -synapseWorkspaceName \"$(RGDO_synapseWorkspaceName)\"","deploymentMode":"Incremental","enableDeploymentPrerequisites":"None","deploymentGroupEndpoint":"","project":"","deploymentGroupName":"","copyAzureVMTags":"true","runAgentServiceAsUser":"false","userName":"","password":"","outputVariable":"","deploymentName":"","deploymentOutputs":"","addSpnToEnvironment":"false"}},{"environment":{},"taskId":"94a74903-f93f-4075-884f-dc11f34058b4","version":"2.*","name":"Application","refName":"","enabled":true,"alwaysRun":false,"continueOnError":false,"timeoutInMinutes":0,"retryCountOnTaskFailure":0,"definitionType":"task","overrideInputs":{},"condition":"succeeded()","inputs":{"ConnectedServiceName":"783fa479-fd32-40ca-af43-f58ef7292a34","action":"Create Or Update Resource Group","resourceGroupName":"$(resource-Group)","location":"$(location)","templateLocation":"Linked artifact","csmFileLink":"","csmParametersFileLink":"","csmFile":"$(System.DefaultWorkingDirectory)/_Build/AzureResources/Application/applicationdeploy.json","csmParametersFile":"","overrideParameters":"-ServicePrincipal-ObjectID \"$(RGDO_ServicePrincipal-ObjectID)\" -ServicePrincipal-ApplicationID \"$(RGDO_ServicePrincipal-ApplicationID)\" -ServicePrincipal-Secret \"$(RGDO_ServicePrincipal-Secret)\" -AAD-Group-ObjectID \"$(AAD-Group-ObjectID)\" -AzureDatabricks-ObjectID \"$(AzureDatabricks-ObjectID)\" -AzureSqlServerName \"$(RGDO_AzureSqlServerName)\" -dbUsername \"$(RGDO_dbUsername)\" -dbPassword \"$(RGDO_dbPassword)\" -dataLakeName \"$(RGDO_dataLakeName)\" -dataFactoryName \"$(RGDO_dataFactoryName)\" -keyVaultName \"$(RGDO_keyVaultName)\" -databricksWorkspaceName \"$(RGDO_databricksWorkspaceName)\" -synapseWorkspaceName \"$(RGDO_synapseWorkspaceName)\"","deploymentMode":"Incremental","enableDeploymentPrerequisites":"None","deploymentGroupEndpoint":"","project":"","deploymentGroupName":"","copyAzureVMTags":"true","runAgentServiceAsUser":"false","userName":"","password":"","outputVariable":"","deploymentName":"","deploymentOutputs":"","addSpnToEnvironment":"false"}},{"environment":{},"taskId":"72a1931b-effb-4d2e-8fd8-f8472a07cb62","version":"5.*","name":"Databricks Setup","refName":"","enabled":true,"alwaysRun":false,"continueOnError":false,"timeoutInMinutes":0,"retryCountOnTaskFailure":0,"definitionType":"task","overrideInputs":{},"condition":"succeeded()","inputs":{"ConnectedServiceNameARM":"783fa479-fd32-40ca-af43-f58ef7292a34","ScriptType":"InlineScript","ScriptPath":"","Inline":"$tenantid = \"$(Tenant-ID)\"\n$clientid = \"$(ServicePrincipal-ApplicationID)\"\n$password = \"$(ServicePrincipal-Secret)\"\n$resourceGroupName = \"$(resource-Group)\"\n$databricks  = \"$(RGDO_databricksWorkspaceName)\"\n$url = \"https://$(location).azuredatabricks.net\"\n$keyVaultUrl = \"https://$(RGDO_keyVaultName).vault.azure.net\"\n\n$userPassword = ConvertTo-SecureString -String $password -AsPlainText -Force\n$userCredential = New-Object -TypeName System.Management.Automation.PSCredential -ArgumentList $clientid, $userPassword\nConnect-AzAccount -Credential $userCredential -ServicePrincipal –TenantId $tenantid\n\n$databricksResourceId = (Get-AzResourceGroup -Name \"$(resource-Group)\").ResourceId + \"/providers/Microsoft.Databricks/workspaces/$databricks\"\n\n#GET DATABRICKS TOKEN\n$databricksToken= (Get-AzAccessToken -Resource \"2ff814a6-3304-4ab8-85cb-cd0e6f879c1d\").Token\n\n#GET MANAGEMENT TOKEN\n$managementToken = (Get-AzAccessToken -Resource \"https://management.core.windows.net/\").Token\n\n#GET DATABRICKS KEYVAULT\n$keyVaultToken= (Get-AzAccessToken -Resource \"https://vault.azure.net\").Token\n\n#GET WORKSPACE\n$workspaceUrl=\"https://\"+(Get-AzResource -Name $databricks -ResourceGroupName $resourceGroupName -ExpandProperties).Properties.workspaceUrl\n\n#CREATE PAT\n$headers = @{ \"Authorization\" = \"Bearer $databricksToken\";\n\"X-Databricks-Azure-SP-Management-Token\" = \"$managementToken\";\n\"X-Databricks-Azure-Workspace-Resource-Id\" = \"$databricksResourceId \"\n }\n$body = @{ comment = \"DevOps Created\" } | convertTo-Json\n$databricksPat = (Invoke-RestMethod -Method Post -ContentType \"application/json\" -Uri \"$url/api/2.0/token/create\" -Headers $headers -Body $body).token_value\n\n#STORE DATABRICKS-PAT KEY VAULT\n$headers = @{ \"Authorization\" = \"Bearer $keyVaultToken\" }\n$body = @{ value= \"$databricksPat\" } | convertTo-Json\nInvoke-RestMethod -Method PUT -ContentType \"application/json\" -Uri \"$keyVaultUrl/secrets/Databricks-PAT?api-version=7.2\" -Headers $headers -Body $body\n\n#CREATE CLUSTER\n$headers = @{ \"Authorization\" = \"Bearer $databricksToken\";\n\"X-Databricks-Azure-SP-Management-Token\" = \"$managementToken\";\n\"X-Databricks-Azure-Workspace-Resource-Id\" = \"$databricksResourceId \"\n }\n$body = @{ cluster_name =  \"default-cluster\";\n  spark_version = \"10.1.x-scala2.12\";\n  node_type_id = \"Standard_F4\";\n  autotermination_minutes = 20;\n  num_workers = 1\n} | convertTo-Json\n$clusterId = (Invoke-RestMethod -Method Post -ContentType \"application/json\" -Uri \"$url/api/2.0/clusters/create\" -Headers $headers -Body $body).cluster_id\n\n#STORE DATABRICKS-CLUSTERID KEY VAULT\n$headers = @{ \"Authorization\" = \"Bearer $keyVaultToken\" }\n$body = @{ value= \"$clusterId\" } | convertTo-Json\nInvoke-RestMethod -Method PUT -ContentType \"application/json\" -Uri \"$keyVaultUrl/secrets/Databricks-ClusterId?api-version=7.2\" -Headers $headers -Body $body\n","ScriptArguments":"","errorActionPreference":"stop","FailOnStandardError":"false","TargetAzurePs":"LatestVersion","CustomTargetAzurePs":"","pwsh":"false","workingDirectory":""}},{"environment":{},"taskId":"72a1931b-effb-4d2e-8fd8-f8472a07cb62","version":"5.*","name":"Synapse Setup","refName":"","enabled":true,"alwaysRun":false,"continueOnError":false,"timeoutInMinutes":0,"retryCountOnTaskFailure":0,"definitionType":"task","overrideInputs":{},"condition":"ne(variables['RGDO_synapseWorkspaceName'], '')","inputs":{"ConnectedServiceNameARM":"783fa479-fd32-40ca-af43-f58ef7292a34","ScriptType":"InlineScript","ScriptPath":"","Inline":"Install-Module -Name Az.Synapse -Scope CurrentUser -Force \n\n$tenantid = \"$(Tenant-ID)\"\n$clientid = \"$(ServicePrincipal-ApplicationID)\"\n$Password = \"$(ServicePrincipal-Secret)\"\n$workspaceName = \"$(RGDO_synapseWorkspaceName)\"\n\n$userPassword = ConvertTo-SecureString -String $password -AsPlainText -Force\n$userCredential = New-Object -TypeName System.Management.Automation.PSCredential -ArgumentList $clientid, $userPassword\n\nConnect-AzAccount -Credential $userCredential -ServicePrincipal –TenantId $tenantid\n\n#Bearer token\n$token = (Get-AzAccessToken -Resource \"https://dev.azuresynapse.net\").Token\n$headers = @{ Authorization = \"Bearer $token\" }\n\n#get roles\n$uri=\"https://$workspacename.dev.azuresynapse.net/rbac/roles?api-version=2020-02-01-preview\"\n\n$result = Invoke-RestMethod -Method Get -ContentType \"application/json\" -Uri $uri -Headers $headers | ConvertTo-json\n$Pscustom = ConvertFrom-Json –InputObject $result \n$object = $Pscustom.value | where {$_.name -eq 'Workspace Admin'}\n$id = $object.id\n\n#Assign role\n\n$uri1 = \"https://$workspacename.dev.azuresynapse.net/rbac/roleAssignments?api-version=2020-02-01-preview\"\n$body = @{\nroleId = $id\n\nprincipalId= \"$(AAD-Group-ObjectID)\"\n} | convertTo-Json\n    \n$pos = Invoke-RestMethod -Method Post -ContentType \"application/json\" -Uri $uri1 -Headers $headers -Body $body\n\nSuspend-AzSynapseSqlPool -WorkspaceName \"$(RGDO_synapseWorkspaceName)\" -Name \"EDW_PRES\"\n","ScriptArguments":"","errorActionPreference":"stop","FailOnStandardError":"false","TargetAzurePs":"LatestVersion","CustomTargetAzurePs":"","pwsh":"false","workingDirectory":""}},{"environment":{},"taskId":"ce85a08b-a538-4d2b-8589-1d37a9ab970f","version":"1.*","name":"ControlDB","refName":"","enabled":true,"alwaysRun":false,"continueOnError":false,"timeoutInMinutes":0,"retryCountOnTaskFailure":0,"definitionType":"task","overrideInputs":{},"condition":"succeeded()","inputs":{"ConnectedServiceNameSelector":"ConnectedServiceNameARM","ConnectedServiceName":"","ConnectedServiceNameARM":"783fa479-fd32-40ca-af43-f58ef7292a34","AuthenticationType":"server","ServerName":"$(RGDO_AzureSqlServerName).database.windows.net","DatabaseName":"ControlDB","SqlUsername":"$(RGDO_dbUsername)","SqlPassword":"$(RGDO_dbPassword)","aadSqlUsername":"","aadSqlPassword":"","ConnectionString":"","TaskNameSelector":"DacpacTask","DeploymentAction":"Publish","DacpacFile":"$(System.DefaultWorkingDirectory)/_Build/ControlDB/ControlDB.dacpac","BacpacFile":"","SqlFile":"","SqlInline":"","PublishProfile":"","AdditionalArguments":"","SqlAdditionalArguments":"","InlineAdditionalArguments":"","IpDetectionMethod":"AutoDetect","StartIpAddress":"","EndIpAddress":"","DeleteFirewallRule":"true"}}]}],"environmentOptions":{"emailNotificationType":"OnlyOnFailure","emailRecipients":"release.environment.owner;release.creator","skipArtifactsDownload":false,"timeoutInMinutes":0,"enableAccessToken":false,"publishDeploymentStatus":true,"badgeEnabled":true,"autoLinkWorkItems":true,"pullRequestDeploymentEnabled":false},"demands":[],"conditions":[{"name":"ReleaseStarted","conditionType":1,"value":""}],"executionPolicy":{"concurrencyCount":1,"queueDepthCount":0},"schedules":[],"currentRelease":{"id":18,"url":"https://vsrm.dev.azure.com/METCASHDevOps/bc2a69e4-73f8-4fc7-af3a-c740c88f9673/_apis/Release/releases/18","_links":{}},"retentionPolicy":{"daysToKeep":3,"releasesToKeep":3,"retainBuild":false},"processParameters":{},"properties":{"BoardsEnvironmentType":{"$type":"System.String","$value":"testing"},"LinkBoardsWorkItems":{"$type":"System.String","$value":"False"}},"preDeploymentGates":{"id":0,"gatesOptions":null,"gates":[]},"postDeploymentGates":{"id":0,"gatesOptions":null,"gates":[]},"environmentTriggers":[],"badgeUrl":"https://vsrm.dev.azure.com/METCASHDevOps/_apis/public/Release/badge/bc2a69e4-73f8-4fc7-af3a-c740c88f9673/6/11"},{"id":12,"name":"UAT","rank":2,"owner":{"displayName":"Kelvin Hong","url":"https://spsprodeau1.vssps.visualstudio.com/A58974c6b-072f-4a7d-9046-b753e8e7303d/_apis/Identities/c8fbdc16-f12d-6512-9bb8-6a64741d06d9","_links":{"avatar":{"href":"https://dev.azure.com/METCASHDevOps/_apis/GraphProfile/MemberAvatars/aad.YzhmYmRjMTYtZjEyZC03NTEyLTliYjgtNmE2NDc0MWQwNmQ5"}},"id":"c8fbdc16-f12d-6512-9bb8-6a64741d06d9","uniqueName":"hongke@metcash.com","imageUrl":"https://dev.azure.com/METCASHDevOps/_apis/GraphProfile/MemberAvatars/aad.YzhmYmRjMTYtZjEyZC03NTEyLTliYjgtNmE2NDc0MWQwNmQ5","descriptor":"aad.YzhmYmRjMTYtZjEyZC03NTEyLTliYjgtNmE2NDc0MWQwNmQ5"},"variables":{},"variableGroups":[6],"preDeployApprovals":{"approvals":[{"rank":1,"isAutomated":true,"isNotificationOn":false,"id":32}],"approvalOptions":{"requiredApproverCount":null,"releaseCreatorCanBeApprover":false,"autoTriggeredAndPreviousEnvironmentApprovedCanBeSkipped":false,"enforceIdentityRevalidation":false,"timeoutInMinutes":0,"executionOrder":1}},"deployStep":{"id":35},"postDeployApprovals":{"approvals":[{"rank":1,"isAutomated":true,"isNotificationOn":false,"id":38}],"approvalOptions":{"requiredApproverCount":null,"releaseCreatorCanBeApprover":false,"autoTriggeredAndPreviousEnvironmentApprovedCanBeSkipped":false,"enforceIdentityRevalidation":false,"timeoutInMinutes":0,"executionOrder":2}},"deployPhases":[{"deploymentInput":{"parallelExecution":{"parallelExecutionType":0},"agentSpecification":{"identifier":"windows-latest"},"skipArtifactsDownload":false,"artifactsDownloadInput":{"downloadInputs":[]},"queueId":161,"demands":[],"enableAccessToken":false,"timeoutInMinutes":0,"jobCancelTimeoutInMinutes":1,"condition":"succeeded()","overrideInputs":{}},"rank":1,"phaseType":1,"name":"Application","refName":null,"workflowTasks":[{"environment":{},"taskId":"94a74903-f93f-4075-884f-dc11f34058b4","version":"2.*","name":"Main Variables","refName":"","enabled":true,"alwaysRun":false,"continueOnError":false,"timeoutInMinutes":0,"retryCountOnTaskFailure":0,"definitionType":"task","overrideInputs":{},"condition":"succeeded()","inputs":{"ConnectedServiceName":"77924b6f-3030-475d-90ae-61e14909b583","action":"Create Or Update Resource Group","resourceGroupName":"$(resource-Group)","location":"$(location)","templateLocation":"Linked artifact","csmFileLink":"","csmParametersFileLink":"","csmFile":"$(System.DefaultWorkingDirectory)/_Build/AzureResources/MainARM/maindeploy.json","csmParametersFile":"","overrideParameters":"-ServicePrincipal-ObjectID $(ServicePrincipal-ObjectID) -ServicePrincipal-ApplicationID $(ServicePrincipal-ApplicationID) -ServicePrincipal-Secret $(ServicePrincipal-Secret) -resource-template $(resource-template) -environment $(environment) -database-User $(database-User) -database-Password $(database-Password)","deploymentMode":"Incremental","enableDeploymentPrerequisites":"None","deploymentGroupEndpoint":"","project":"","deploymentGroupName":"","copyAzureVMTags":"true","runAgentServiceAsUser":"false","userName":"","password":"","outputVariable":"","deploymentName":"","deploymentOutputs":"armoutput","addSpnToEnvironment":"false"}},{"environment":{},"taskId":"e213ff0f-5d5c-4791-802d-52ea3e7be1f1","version":"2.*","name":"Parse Arm Output","refName":"","enabled":true,"alwaysRun":false,"continueOnError":false,"timeoutInMinutes":0,"retryCountOnTaskFailure":0,"definitionType":"task","overrideInputs":{},"condition":"succeeded()","inputs":{"targetType":"inline","filePath":"","arguments":"","script":"# Make outputs from resource group deployment available to subsequent tasks\n$outputs = ConvertFrom-Json $($env:armoutput)\nforeach ($output in $outputs.PSObject.Properties) {\n  Write-Host \"##vso[task.setvariable variable=RGDO_$($output.Name)]$($output.Value.value)\"\n  $($output.Name)\n  $($output.Value.value)\n}","errorActionPreference":"stop","warningPreference":"default","informationPreference":"default","verbosePreference":"default","debugPreference":"default","failOnStderr":"false","showWarnings":"false","ignoreLASTEXITCODE":"false","pwsh":"false","workingDirectory":"","runScriptInSeparateScope":"false"}},{"environment":{},"taskId":"94a74903-f93f-4075-884f-dc11f34058b4","version":"2.*","name":"Data Services","refName":"","enabled":true,"alwaysRun":false,"continueOnError":false,"timeoutInMinutes":0,"retryCountOnTaskFailure":0,"definitionType":"task","overrideInputs":{},"condition":"succeeded()","inputs":{"ConnectedServiceName":"77924b6f-3030-475d-90ae-61e14909b583","action":"Create Or Update Resource Group","resourceGroupName":"$(resource-Group)","location":"$(location)","templateLocation":"Linked artifact","csmFileLink":"","csmParametersFileLink":"","csmFile":"$(System.DefaultWorkingDirectory)/_Build/AzureResources/DataServices/dataServicesDeploy.json","csmParametersFile":"","overrideParameters":"-ServicePrincipal-ObjectID \"$(RGDO_ServicePrincipal-ObjectID)\" -AzureSqlServerName \"$(RGDO_AzureSqlServerName)\" -dbUsername \"$(RGDO_dbUsername)\" -dbPassword \"$(RGDO_dbPassword)\" -dataLakeName \"$(RGDO_dataLakeName)\" -dataFactoryName \"$(RGDO_dataFactoryName)\" -SHIRName \"$(RGDO_SHIRName)\" -keyVaultName \"$(RGDO_keyVaultName)\" -databricksWorkspaceName \"$(RGDO_databricksWorkspaceName)\" -synapseWorkspaceName \"$(RGDO_synapseWorkspaceName)\"","deploymentMode":"Incremental","enableDeploymentPrerequisites":"None","deploymentGroupEndpoint":"","project":"","deploymentGroupName":"","copyAzureVMTags":"true","runAgentServiceAsUser":"false","userName":"","password":"","outputVariable":"","deploymentName":"","deploymentOutputs":"","addSpnToEnvironment":"false"}},{"environment":{},"taskId":"94a74903-f93f-4075-884f-dc11f34058b4","version":"2.*","name":"Application","refName":"","enabled":true,"alwaysRun":false,"continueOnError":false,"timeoutInMinutes":0,"retryCountOnTaskFailure":0,"definitionType":"task","overrideInputs":{},"condition":"succeeded()","inputs":{"ConnectedServiceName":"77924b6f-3030-475d-90ae-61e14909b583","action":"Create Or Update Resource Group","resourceGroupName":"$(resource-Group)","location":"$(location)","templateLocation":"Linked artifact","csmFileLink":"","csmParametersFileLink":"","csmFile":"$(System.DefaultWorkingDirectory)/_Build/AzureResources/Application/applicationdeploy.json","csmParametersFile":"","overrideParameters":"-ServicePrincipal-ObjectID \"$(RGDO_ServicePrincipal-ObjectID)\" -ServicePrincipal-ApplicationID \"$(RGDO_ServicePrincipal-ApplicationID)\" -ServicePrincipal-Secret \"$(RGDO_ServicePrincipal-Secret)\" -AAD-Group-ObjectID \"$(AAD-Group-ObjectID)\" -AzureDatabricks-ObjectID \"$(AzureDatabricks-ObjectID)\" -AzureSqlServerName \"$(RGDO_AzureSqlServerName)\" -dbUsername \"$(RGDO_dbUsername)\" -dbPassword \"$(RGDO_dbPassword)\" -dataLakeName \"$(RGDO_dataLakeName)\" -dataFactoryName \"$(RGDO_dataFactoryName)\" -keyVaultName \"$(RGDO_keyVaultName)\" -databricksWorkspaceName \"$(RGDO_databricksWorkspaceName)\" -synapseWorkspaceName \"$(RGDO_synapseWorkspaceName)\"","deploymentMode":"Incremental","enableDeploymentPrerequisites":"None","deploymentGroupEndpoint":"","project":"","deploymentGroupName":"","copyAzureVMTags":"true","runAgentServiceAsUser":"false","userName":"","password":"","outputVariable":"","deploymentName":"","deploymentOutputs":"","addSpnToEnvironment":"false"}},{"environment":{},"taskId":"72a1931b-effb-4d2e-8fd8-f8472a07cb62","version":"5.*","name":"Databricks Setup","refName":"","enabled":true,"alwaysRun":false,"continueOnError":false,"timeoutInMinutes":0,"retryCountOnTaskFailure":0,"definitionType":"task","overrideInputs":{},"condition":"succeeded()","inputs":{"ConnectedServiceNameARM":"77924b6f-3030-475d-90ae-61e14909b583","ScriptType":"InlineScript","ScriptPath":"","Inline":"$tenantid = \"$(Tenant-ID)\"\n$clientid = \"$(ServicePrincipal-ApplicationID)\"\n$password = \"$(ServicePrincipal-Secret)\"\n$resourceGroupName = \"$(resource-Group)\"\n$databricks  = \"$(RGDO_databricksWorkspaceName)\"\n$url = \"https://$(location).azuredatabricks.net\"\n$keyVaultUrl = \"https://$(RGDO_keyVaultName).vault.azure.net\"\n\n$userPassword = ConvertTo-SecureString -String $password -AsPlainText -Force\n$userCredential = New-Object -TypeName System.Management.Automation.PSCredential -ArgumentList $clientid, $userPassword\nConnect-AzAccount -Credential $userCredential -ServicePrincipal –TenantId $tenantid\n\n$databricksResourceId = (Get-AzResourceGroup -Name \"$(resource-Group)\").ResourceId + \"/providers/Microsoft.Databricks/workspaces/$databricks\"\n\n#GET DATABRICKS TOKEN\n$databricksToken= (Get-AzAccessToken -Resource \"2ff814a6-3304-4ab8-85cb-cd0e6f879c1d\").Token\n\n#GET MANAGEMENT TOKEN\n$managementToken = (Get-AzAccessToken -Resource \"https://management.core.windows.net/\").Token\n\n#GET DATABRICKS KEYVAULT\n$keyVaultToken= (Get-AzAccessToken -Resource \"https://vault.azure.net\").Token\n\n#GET WORKSPACE\n$workspaceUrl=\"https://\"+(Get-AzResource -Name $databricks -ResourceGroupName $resourceGroupName -ExpandProperties).Properties.workspaceUrl\n\n#CREATE PAT\n$headers = @{ \"Authorization\" = \"Bearer $databricksToken\";\n\"X-Databricks-Azure-SP-Management-Token\" = \"$managementToken\";\n\"X-Databricks-Azure-Workspace-Resource-Id\" = \"$databricksResourceId \"\n }\n$body = @{ comment = \"DevOps Created\" } | convertTo-Json\n$databricksPat = (Invoke-RestMethod -Method Post -ContentType \"application/json\" -Uri \"$url/api/2.0/token/create\" -Headers $headers -Body $body).token_value\n\n#STORE DATABRICKS-PAT KEY VAULT\n$headers = @{ \"Authorization\" = \"Bearer $keyVaultToken\" }\n$body = @{ value= \"$databricksPat\" } | convertTo-Json\nInvoke-RestMethod -Method PUT -ContentType \"application/json\" -Uri \"$keyVaultUrl/secrets/Databricks-PAT?api-version=7.2\" -Headers $headers -Body $body\n\n#CREATE CLUSTER\n$headers = @{ \"Authorization\" = \"Bearer $databricksToken\";\n\"X-Databricks-Azure-SP-Management-Token\" = \"$managementToken\";\n\"X-Databricks-Azure-Workspace-Resource-Id\" = \"$databricksResourceId \"\n }\n$body = @{ cluster_name =  \"default-cluster\";\n  spark_version = \"10.1.x-scala2.12\";\n  node_type_id = \"Standard_F4\";\n  autotermination_minutes = 20;\n  num_workers = 1\n} | convertTo-Json\n$clusterId = (Invoke-RestMethod -Method Post -ContentType \"application/json\" -Uri \"$url/api/2.0/clusters/create\" -Headers $headers -Body $body).cluster_id\n\n#STORE DATABRICKS-CLUSTERID KEY VAULT\n$headers = @{ \"Authorization\" = \"Bearer $keyVaultToken\" }\n$body = @{ value= \"$clusterId\" } | convertTo-Json\nInvoke-RestMethod -Method PUT -ContentType \"application/json\" -Uri \"$keyVaultUrl/secrets/Databricks-ClusterId?api-version=7.2\" -Headers $headers -Body $body\n","ScriptArguments":"","errorActionPreference":"stop","FailOnStandardError":"false","TargetAzurePs":"LatestVersion","CustomTargetAzurePs":"","pwsh":"false","workingDirectory":""}},{"environment":{},"taskId":"72a1931b-effb-4d2e-8fd8-f8472a07cb62","version":"5.*","name":"Synapse Setup","refName":"","enabled":true,"alwaysRun":false,"continueOnError":false,"timeoutInMinutes":0,"retryCountOnTaskFailure":0,"definitionType":"task","overrideInputs":{},"condition":"ne(variables['RGDO_synapseWorkspaceName'], '')","inputs":{"ConnectedServiceNameARM":"77924b6f-3030-475d-90ae-61e14909b583","ScriptType":"InlineScript","ScriptPath":"","Inline":"Install-Module -Name Az.Synapse -Scope CurrentUser -Force \n\n$tenantid = \"$(Tenant-ID)\"\n$clientid = \"$(ServicePrincipal-ApplicationID)\"\n$Password = \"$(ServicePrincipal-Secret)\"\n$workspaceName = \"$(RGDO_synapseWorkspaceName)\"\n\n$userPassword = ConvertTo-SecureString -String $password -AsPlainText -Force\n$userCredential = New-Object -TypeName System.Management.Automation.PSCredential -ArgumentList $clientid, $userPassword\n\nConnect-AzAccount -Credential $userCredential -ServicePrincipal –TenantId $tenantid\n\n#Bearer token\n$token = (Get-AzAccessToken -Resource \"https://dev.azuresynapse.net\").Token\n$headers = @{ Authorization = \"Bearer $token\" }\n\n#get roles\n$uri=\"https://$workspacename.dev.azuresynapse.net/rbac/roles?api-version=2020-02-01-preview\"\n\n$result = Invoke-RestMethod -Method Get -ContentType \"application/json\" -Uri $uri -Headers $headers | ConvertTo-json\n$Pscustom = ConvertFrom-Json –InputObject $result \n$object = $Pscustom.value | where {$_.name -eq 'Workspace Admin'}\n$id = $object.id\n\n#Assign role\n\n$uri1 = \"https://$workspacename.dev.azuresynapse.net/rbac/roleAssignments?api-version=2020-02-01-preview\"\n$body = @{\nroleId = $id\n\nprincipalId= \"$(AAD-Group-ObjectID)\"\n} | convertTo-Json\n    \n$pos = Invoke-RestMethod -Method Post -ContentType \"application/json\" -Uri $uri1 -Headers $headers -Body $body\n\nSuspend-AzSynapseSqlPool -WorkspaceName \"$(RGDO_synapseWorkspaceName)\" -Name \"EDW_PRES\"\n","ScriptArguments":"","errorActionPreference":"stop","FailOnStandardError":"false","TargetAzurePs":"LatestVersion","CustomTargetAzurePs":"","pwsh":"false","workingDirectory":""}},{"environment":{},"taskId":"ce85a08b-a538-4d2b-8589-1d37a9ab970f","version":"1.*","name":"ControlDB","refName":"","enabled":true,"alwaysRun":false,"continueOnError":false,"timeoutInMinutes":0,"retryCountOnTaskFailure":0,"definitionType":"task","overrideInputs":{},"condition":"succeeded()","inputs":{"ConnectedServiceNameSelector":"ConnectedServiceNameARM","ConnectedServiceName":"","ConnectedServiceNameARM":"77924b6f-3030-475d-90ae-61e14909b583","AuthenticationType":"server","ServerName":"$(RGDO_AzureSqlServerName).database.windows.net","DatabaseName":"ControlDB","SqlUsername":"$(RGDO_dbUsername)","SqlPassword":"$(RGDO_dbPassword)","aadSqlUsername":"","aadSqlPassword":"","ConnectionString":"","TaskNameSelector":"DacpacTask","DeploymentAction":"Publish","DacpacFile":"$(System.DefaultWorkingDirectory)/_Build/ControlDB/ControlDB.dacpac","BacpacFile":"","SqlFile":"","SqlInline":"","PublishProfile":"","AdditionalArguments":"","SqlAdditionalArguments":"","InlineAdditionalArguments":"","IpDetectionMethod":"AutoDetect","StartIpAddress":"","EndIpAddress":"","DeleteFirewallRule":"true"}}]}],"environmentOptions":{"emailNotificationType":"OnlyOnFailure","emailRecipients":"release.environment.owner;release.creator","skipArtifactsDownload":false,"timeoutInMinutes":0,"enableAccessToken":false,"publishDeploymentStatus":true,"badgeEnabled":true,"autoLinkWorkItems":true,"pullRequestDeploymentEnabled":false},"demands":[],"conditions":[{"name":"DEV","conditionType":2,"value":"4"}],"executionPolicy":{"concurrencyCount":1,"queueDepthCount":0},"schedules":[],"currentRelease":{"id":18,"url":"https://vsrm.dev.azure.com/METCASHDevOps/bc2a69e4-73f8-4fc7-af3a-c740c88f9673/_apis/Release/releases/18","_links":{}},"retentionPolicy":{"daysToKeep":3,"releasesToKeep":3,"retainBuild":false},"processParameters":{},"properties":{"BoardsEnvironmentType":{"$type":"System.String","$value":"unmapped"},"LinkBoardsWorkItems":{"$type":"System.String","$value":"False"}},"preDeploymentGates":{"id":0,"gatesOptions":null,"gates":[]},"postDeploymentGates":{"id":0,"gatesOptions":null,"gates":[]},"environmentTriggers":[],"badgeUrl":"https://vsrm.dev.azure.com/METCASHDevOps/_apis/public/Release/badge/bc2a69e4-73f8-4fc7-af3a-c740c88f9673/6/12"},{"id":13,"name":"PROD","rank":3,"owner":{"displayName":"Kelvin Hong","url":"https://spsprodeau1.vssps.visualstudio.com/A58974c6b-072f-4a7d-9046-b753e8e7303d/_apis/Identities/c8fbdc16-f12d-6512-9bb8-6a64741d06d9","_links":{"avatar":{"href":"https://dev.azure.com/METCASHDevOps/_apis/GraphProfile/MemberAvatars/aad.YzhmYmRjMTYtZjEyZC03NTEyLTliYjgtNmE2NDc0MWQwNmQ5"}},"id":"c8fbdc16-f12d-6512-9bb8-6a64741d06d9","uniqueName":"hongke@metcash.com","imageUrl":"https://dev.azure.com/METCASHDevOps/_apis/GraphProfile/MemberAvatars/aad.YzhmYmRjMTYtZjEyZC03NTEyLTliYjgtNmE2NDc0MWQwNmQ5","descriptor":"aad.YzhmYmRjMTYtZjEyZC03NTEyLTliYjgtNmE2NDc0MWQwNmQ5"},"variables":{},"variableGroups":[7],"preDeployApprovals":{"approvals":[{"rank":1,"isAutomated":true,"isNotificationOn":false,"id":33}],"approvalOptions":{"requiredApproverCount":null,"releaseCreatorCanBeApprover":false,"autoTriggeredAndPreviousEnvironmentApprovedCanBeSkipped":false,"enforceIdentityRevalidation":false,"timeoutInMinutes":0,"executionOrder":1}},"deployStep":{"id":34},"postDeployApprovals":{"approvals":[{"rank":1,"isAutomated":true,"isNotificationOn":false,"id":39}],"approvalOptions":{"requiredApproverCount":null,"releaseCreatorCanBeApprover":false,"autoTriggeredAndPreviousEnvironmentApprovedCanBeSkipped":false,"enforceIdentityRevalidation":false,"timeoutInMinutes":0,"executionOrder":2}},"deployPhases":[{"deploymentInput":{"parallelExecution":{"parallelExecutionType":0},"agentSpecification":{"identifier":"windows-latest"},"skipArtifactsDownload":false,"artifactsDownloadInput":{"downloadInputs":[]},"queueId":161,"demands":[],"enableAccessToken":false,"timeoutInMinutes":0,"jobCancelTimeoutInMinutes":1,"condition":"succeeded()","overrideInputs":{}},"rank":1,"phaseType":1,"name":"Application","refName":null,"workflowTasks":[{"environment":{},"taskId":"94a74903-f93f-4075-884f-dc11f34058b4","version":"2.*","name":"Main Variables","refName":"","enabled":true,"alwaysRun":false,"continueOnError":false,"timeoutInMinutes":0,"retryCountOnTaskFailure":0,"definitionType":"task","overrideInputs":{},"condition":"succeeded()","inputs":{"ConnectedServiceName":"54ea6bb1-eab6-4d20-8774-49ee8f0ffd1f","action":"Create Or Update Resource Group","resourceGroupName":"$(resource-Group)","location":"$(location)","templateLocation":"Linked artifact","csmFileLink":"","csmParametersFileLink":"","csmFile":"$(System.DefaultWorkingDirectory)/_Build/AzureResources/MainARM/maindeploy.json","csmParametersFile":"","overrideParameters":"-ServicePrincipal-ObjectID $(ServicePrincipal-ObjectID) -ServicePrincipal-ApplicationID $(ServicePrincipal-ApplicationID) -ServicePrincipal-Secret $(ServicePrincipal-Secret) -resource-template $(resource-template) -environment $(environment) -database-User $(database-User) -database-Password $(database-Password)","deploymentMode":"Incremental","enableDeploymentPrerequisites":"None","deploymentGroupEndpoint":"","project":"","deploymentGroupName":"","copyAzureVMTags":"true","runAgentServiceAsUser":"false","userName":"","password":"","outputVariable":"","deploymentName":"","deploymentOutputs":"armoutput","addSpnToEnvironment":"false"}},{"environment":{},"taskId":"e213ff0f-5d5c-4791-802d-52ea3e7be1f1","version":"2.*","name":"Parse Arm Output","refName":"","enabled":true,"alwaysRun":false,"continueOnError":false,"timeoutInMinutes":0,"retryCountOnTaskFailure":0,"definitionType":"task","overrideInputs":{},"condition":"succeeded()","inputs":{"targetType":"inline","filePath":"","arguments":"","script":"# Make outputs from resource group deployment available to subsequent tasks\n$outputs = ConvertFrom-Json $($env:armoutput)\nforeach ($output in $outputs.PSObject.Properties) {\n  Write-Host \"##vso[task.setvariable variable=RGDO_$($output.Name)]$($output.Value.value)\"\n  $($output.Name)\n  $($output.Value.value)\n}","errorActionPreference":"stop","warningPreference":"default","informationPreference":"default","verbosePreference":"default","debugPreference":"default","failOnStderr":"false","showWarnings":"false","ignoreLASTEXITCODE":"false","pwsh":"false","workingDirectory":"","runScriptInSeparateScope":"false"}},{"environment":{},"taskId":"94a74903-f93f-4075-884f-dc11f34058b4","version":"2.*","name":"Data Services","refName":"","enabled":true,"alwaysRun":false,"continueOnError":false,"timeoutInMinutes":0,"retryCountOnTaskFailure":0,"definitionType":"task","overrideInputs":{},"condition":"succeeded()","inputs":{"ConnectedServiceName":"54ea6bb1-eab6-4d20-8774-49ee8f0ffd1f","action":"Create Or Update Resource Group","resourceGroupName":"$(resource-Group)","location":"$(location)","templateLocation":"Linked artifact","csmFileLink":"","csmParametersFileLink":"","csmFile":"$(System.DefaultWorkingDirectory)/_Build/AzureResources/DataServices/dataServicesDeploy.json","csmParametersFile":"","overrideParameters":"-ServicePrincipal-ObjectID \"$(RGDO_ServicePrincipal-ObjectID)\" -AzureSqlServerName \"$(RGDO_AzureSqlServerName)\" -dbUsername \"$(RGDO_dbUsername)\" -dbPassword \"$(RGDO_dbPassword)\" -dataLakeName \"$(RGDO_dataLakeName)\" -dataFactoryName \"$(RGDO_dataFactoryName)\" -SHIRName \"$(RGDO_SHIRName)\" -keyVaultName \"$(RGDO_keyVaultName)\" -databricksWorkspaceName \"$(RGDO_databricksWorkspaceName)\" -synapseWorkspaceName \"$(RGDO_synapseWorkspaceName)\"","deploymentMode":"Incremental","enableDeploymentPrerequisites":"None","deploymentGroupEndpoint":"","project":"","deploymentGroupName":"","copyAzureVMTags":"true","runAgentServiceAsUser":"false","userName":"","password":"","outputVariable":"","deploymentName":"","deploymentOutputs":"","addSpnToEnvironment":"false"}},{"environment":{},"taskId":"94a74903-f93f-4075-884f-dc11f34058b4","version":"2.*","name":"Application","refName":"","enabled":true,"alwaysRun":false,"continueOnError":false,"timeoutInMinutes":0,"retryCountOnTaskFailure":0,"definitionType":"task","overrideInputs":{},"condition":"succeeded()","inputs":{"ConnectedServiceName":"54ea6bb1-eab6-4d20-8774-49ee8f0ffd1f","action":"Create Or Update Resource Group","resourceGroupName":"$(resource-Group)","location":"$(location)","templateLocation":"Linked artifact","csmFileLink":"","csmParametersFileLink":"","csmFile":"$(System.DefaultWorkingDirectory)/_Build/AzureResources/Application/applicationdeploy.json","csmParametersFile":"","overrideParameters":"-ServicePrincipal-ObjectID \"$(RGDO_ServicePrincipal-ObjectID)\" -ServicePrincipal-ApplicationID \"$(RGDO_ServicePrincipal-ApplicationID)\" -ServicePrincipal-Secret \"$(RGDO_ServicePrincipal-Secret)\" -AAD-Group-ObjectID \"$(AAD-Group-ObjectID)\" -AzureDatabricks-ObjectID \"$(AzureDatabricks-ObjectID)\" -AzureSqlServerName \"$(RGDO_AzureSqlServerName)\" -dbUsername \"$(RGDO_dbUsername)\" -dbPassword \"$(RGDO_dbPassword)\" -dataLakeName \"$(RGDO_dataLakeName)\" -dataFactoryName \"$(RGDO_dataFactoryName)\" -keyVaultName \"$(RGDO_keyVaultName)\" -databricksWorkspaceName \"$(RGDO_databricksWorkspaceName)\" -synapseWorkspaceName \"$(RGDO_synapseWorkspaceName)\"","deploymentMode":"Incremental","enableDeploymentPrerequisites":"None","deploymentGroupEndpoint":"","project":"","deploymentGroupName":"","copyAzureVMTags":"true","runAgentServiceAsUser":"false","userName":"","password":"","outputVariable":"","deploymentName":"","deploymentOutputs":"","addSpnToEnvironment":"false"}},{"environment":{},"taskId":"72a1931b-effb-4d2e-8fd8-f8472a07cb62","version":"5.*","name":"Databricks Setup","refName":"","enabled":true,"alwaysRun":false,"continueOnError":false,"timeoutInMinutes":0,"retryCountOnTaskFailure":0,"definitionType":"task","overrideInputs":{},"condition":"succeeded()","inputs":{"ConnectedServiceNameARM":"54ea6bb1-eab6-4d20-8774-49ee8f0ffd1f","ScriptType":"InlineScript","ScriptPath":"","Inline":"$tenantid = \"$(Tenant-ID)\"\n$clientid = \"$(ServicePrincipal-ApplicationID)\"\n$password = \"$(ServicePrincipal-Secret)\"\n$resourceGroupName = \"$(resource-Group)\"\n$databricks  = \"$(RGDO_databricksWorkspaceName)\"\n$url = \"https://$(location).azuredatabricks.net\"\n$keyVaultUrl = \"https://$(RGDO_keyVaultName).vault.azure.net\"\n\n$userPassword = ConvertTo-SecureString -String $password -AsPlainText -Force\n$userCredential = New-Object -TypeName System.Management.Automation.PSCredential -ArgumentList $clientid, $userPassword\nConnect-AzAccount -Credential $userCredential -ServicePrincipal –TenantId $tenantid\n\n$databricksResourceId = (Get-AzResourceGroup -Name \"$(resource-Group)\").ResourceId + \"/providers/Microsoft.Databricks/workspaces/$databricks\"\n\n#GET DATABRICKS TOKEN\n$databricksToken= (Get-AzAccessToken -Resource \"2ff814a6-3304-4ab8-85cb-cd0e6f879c1d\").Token\n\n#GET MANAGEMENT TOKEN\n$managementToken = (Get-AzAccessToken -Resource \"https://management.core.windows.net/\").Token\n\n#GET DATABRICKS KEYVAULT\n$keyVaultToken= (Get-AzAccessToken -Resource \"https://vault.azure.net\").Token\n\n#GET WORKSPACE\n$workspaceUrl=\"https://\"+(Get-AzResource -Name $databricks -ResourceGroupName $resourceGroupName -ExpandProperties).Properties.workspaceUrl\n\n#CREATE PAT\n$headers = @{ \"Authorization\" = \"Bearer $databricksToken\";\n\"X-Databricks-Azure-SP-Management-Token\" = \"$managementToken\";\n\"X-Databricks-Azure-Workspace-Resource-Id\" = \"$databricksResourceId \"\n }\n$body = @{ comment = \"DevOps Created\" } | convertTo-Json\n$databricksPat = (Invoke-RestMethod -Method Post -ContentType \"application/json\" -Uri \"$url/api/2.0/token/create\" -Headers $headers -Body $body).token_value\n\n#STORE DATABRICKS-PAT KEY VAULT\n$headers = @{ \"Authorization\" = \"Bearer $keyVaultToken\" }\n$body = @{ value= \"$databricksPat\" } | convertTo-Json\nInvoke-RestMethod -Method PUT -ContentType \"application/json\" -Uri \"$keyVaultUrl/secrets/Databricks-PAT?api-version=7.2\" -Headers $headers -Body $body\n\n#CREATE CLUSTER\n$headers = @{ \"Authorization\" = \"Bearer $databricksToken\";\n\"X-Databricks-Azure-SP-Management-Token\" = \"$managementToken\";\n\"X-Databricks-Azure-Workspace-Resource-Id\" = \"$databricksResourceId \"\n }\n$body = @{ cluster_name =  \"default-cluster\";\n  spark_version = \"10.1.x-scala2.12\";\n  node_type_id = \"Standard_F4\";\n  autotermination_minutes = 20;\n  num_workers = 1\n} | convertTo-Json\n$clusterId = (Invoke-RestMethod -Method Post -ContentType \"application/json\" -Uri \"$url/api/2.0/clusters/create\" -Headers $headers -Body $body).cluster_id\n\n#STORE DATABRICKS-CLUSTERID KEY VAULT\n$headers = @{ \"Authorization\" = \"Bearer $keyVaultToken\" }\n$body = @{ value= \"$clusterId\" } | convertTo-Json\nInvoke-RestMethod -Method PUT -ContentType \"application/json\" -Uri \"$keyVaultUrl/secrets/Databricks-ClusterId?api-version=7.2\" -Headers $headers -Body $body\n","ScriptArguments":"","errorActionPreference":"stop","FailOnStandardError":"false","TargetAzurePs":"LatestVersion","CustomTargetAzurePs":"","pwsh":"false","workingDirectory":""}},{"environment":{},"taskId":"72a1931b-effb-4d2e-8fd8-f8472a07cb62","version":"5.*","name":"Synapse Setup","refName":"","enabled":true,"alwaysRun":false,"continueOnError":false,"timeoutInMinutes":0,"retryCountOnTaskFailure":0,"definitionType":"task","overrideInputs":{},"condition":"ne(variables['RGDO_synapseWorkspaceName'], '')","inputs":{"ConnectedServiceNameARM":"54ea6bb1-eab6-4d20-8774-49ee8f0ffd1f","ScriptType":"InlineScript","ScriptPath":"","Inline":"Install-Module -Name Az.Synapse -Scope CurrentUser -Force \n\n$tenantid = \"$(Tenant-ID)\"\n$clientid = \"$(ServicePrincipal-ApplicationID)\"\n$Password = \"$(ServicePrincipal-Secret)\"\n$workspaceName = \"$(RGDO_synapseWorkspaceName)\"\n\n$userPassword = ConvertTo-SecureString -String $password -AsPlainText -Force\n$userCredential = New-Object -TypeName System.Management.Automation.PSCredential -ArgumentList $clientid, $userPassword\n\nConnect-AzAccount -Credential $userCredential -ServicePrincipal –TenantId $tenantid\n\n#Bearer token\n$token = (Get-AzAccessToken -Resource \"https://dev.azuresynapse.net\").Token\n$headers = @{ Authorization = \"Bearer $token\" }\n\n#get roles\n$uri=\"https://$workspacename.dev.azuresynapse.net/rbac/roles?api-version=2020-02-01-preview\"\n\n$result = Invoke-RestMethod -Method Get -ContentType \"application/json\" -Uri $uri -Headers $headers | ConvertTo-json\n$Pscustom = ConvertFrom-Json –InputObject $result \n$object = $Pscustom.value | where {$_.name -eq 'Workspace Admin'}\n$id = $object.id\n\n#Assign role\n\n$uri1 = \"https://$workspacename.dev.azuresynapse.net/rbac/roleAssignments?api-version=2020-02-01-preview\"\n$body = @{\nroleId = $id\n\nprincipalId= \"$(AAD-Group-ObjectID)\"\n} | convertTo-Json\n    \n$pos = Invoke-RestMethod -Method Post -ContentType \"application/json\" -Uri $uri1 -Headers $headers -Body $body\n\nSuspend-AzSynapseSqlPool -WorkspaceName \"$(RGDO_synapseWorkspaceName)\" -Name \"EDW_PRES\"\n","ScriptArguments":"","errorActionPreference":"stop","FailOnStandardError":"false","TargetAzurePs":"LatestVersion","CustomTargetAzurePs":"","pwsh":"false","workingDirectory":""}},{"environment":{},"taskId":"ce85a08b-a538-4d2b-8589-1d37a9ab970f","version":"1.*","name":"ControlDB","refName":"","enabled":true,"alwaysRun":false,"continueOnError":false,"timeoutInMinutes":0,"retryCountOnTaskFailure":0,"definitionType":"task","overrideInputs":{},"condition":"succeeded()","inputs":{"ConnectedServiceNameSelector":"ConnectedServiceNameARM","ConnectedServiceName":"","ConnectedServiceNameARM":"54ea6bb1-eab6-4d20-8774-49ee8f0ffd1f","AuthenticationType":"server","ServerName":"$(RGDO_AzureSqlServerName).database.windows.net","DatabaseName":"ControlDB","SqlUsername":"$(RGDO_dbUsername)","SqlPassword":"$(RGDO_dbPassword)","aadSqlUsername":"","aadSqlPassword":"","ConnectionString":"","TaskNameSelector":"DacpacTask","DeploymentAction":"Publish","DacpacFile":"$(System.DefaultWorkingDirectory)/_Build/ControlDB/ControlDB.dacpac","BacpacFile":"","SqlFile":"","SqlInline":"","PublishProfile":"","AdditionalArguments":"","SqlAdditionalArguments":"","InlineAdditionalArguments":"","IpDetectionMethod":"AutoDetect","StartIpAddress":"","EndIpAddress":"","DeleteFirewallRule":"true"}}]}],"environmentOptions":{"emailNotificationType":"OnlyOnFailure","emailRecipients":"release.environment.owner;release.creator","skipArtifactsDownload":false,"timeoutInMinutes":0,"enableAccessToken":false,"publishDeploymentStatus":true,"badgeEnabled":true,"autoLinkWorkItems":true,"pullRequestDeploymentEnabled":false},"demands":[],"conditions":[{"name":"UAT","conditionType":2,"value":"4"}],"executionPolicy":{"concurrencyCount":1,"queueDepthCount":0},"schedules":[],"currentRelease":{"id":18,"url":"https://vsrm.dev.azure.com/METCASHDevOps/bc2a69e4-73f8-4fc7-af3a-c740c88f9673/_apis/Release/releases/18","_links":{}},"retentionPolicy":{"daysToKeep":3,"releasesToKeep":3,"retainBuild":false},"processParameters":{},"properties":{"BoardsEnvironmentType":{"$type":"System.String","$value":"unmapped"},"LinkBoardsWorkItems":{"$type":"System.String","$value":"False"}},"preDeploymentGates":{"id":0,"gatesOptions":null,"gates":[]},"postDeploymentGates":{"id":0,"gatesOptions":null,"gates":[]},"environmentTriggers":[],"badgeUrl":"https://vsrm.dev.azure.com/METCASHDevOps/_apis/public/Release/badge/bc2a69e4-73f8-4fc7-af3a-c740c88f9673/6/13"}],"artifacts":[{"sourceId":"bc2a69e4-73f8-4fc7-af3a-c740c88f9673:29","type":"Build","alias":"_Build","definitionReference":{"artifactSourceDefinitionUrl":{"id":"https://dev.azure.com/METCASHDevOps/_permalink/_build/index?collectionId=98368777-3b55-4c7f-8507-cf1074002d10&projectId=bc2a69e4-73f8-4fc7-af3a-c740c88f9673&definitionId=29","name":""},"defaultVersionBranch":{"id":"","name":""},"defaultVersionSpecific":{"id":"","name":""},"defaultVersionTags":{"id":"","name":""},"defaultVersionType":{"id":"latestType","name":"Latest"},"definition":{"id":"29","name":"DataOps-Build"},"definitions":{"id":"","name":""},"IsMultiDefinitionType":{"id":"False","name":"False"},"project":{"id":"bc2a69e4-73f8-4fc7-af3a-c740c88f9673","name":"MDATA"},"repository":{"id":"","name":""}},"isPrimary":true,"isRetained":false}],"triggers":[],"releaseNameFormat":"Release-$(rev:r)","tags":[],"properties":{"DefinitionCreationSource":{"$type":"System.String","$value":"ReleaseClone"},"IntegrateBoardsWorkItems":{"$type":"System.String","$value":"False"},"IntegrateJiraWorkItems":{"$type":"System.String","$value":"false"}},"id":6,"name":"IaC-CD","path":"\\","projectReference":null,"url":"https://vsrm.dev.azure.com/METCASHDevOps/bc2a69e4-73f8-4fc7-af3a-c740c88f9673/_apis/Release/definitions/6","_links":{"self":{"href":"https://vsrm.dev.azure.com/METCASHDevOps/bc2a69e4-73f8-4fc7-af3a-c740c88f9673/_apis/Release/definitions/6"},"web":{"href":"https://dev.azure.com/METCASHDevOps/bc2a69e4-73f8-4fc7-af3a-c740c88f9673/_release?definitionId=6"}}}