{"source":2,"revision":2,"description":null,"createdBy":{"displayName":"Kelvin Hong","url":"https://spsprodeau1.vssps.visualstudio.com/A58974c6b-072f-4a7d-9046-b753e8e7303d/_apis/Identities/c8fbdc16-f12d-6512-9bb8-6a64741d06d9","_links":{"avatar":{"href":"https://dev.azure.com/METCASHDevOps/_apis/GraphProfile/MemberAvatars/aad.YzhmYmRjMTYtZjEyZC03NTEyLTliYjgtNmE2NDc0MWQwNmQ5"}},"id":"c8fbdc16-f12d-6512-9bb8-6a64741d06d9","uniqueName":"hongke@metcash.com","imageUrl":"https://dev.azure.com/METCASHDevOps/_apis/GraphProfile/MemberAvatars/aad.YzhmYmRjMTYtZjEyZC03NTEyLTliYjgtNmE2NDc0MWQwNmQ5","descriptor":"aad.YzhmYmRjMTYtZjEyZC03NTEyLTliYjgtNmE2NDc0MWQwNmQ5"},"createdOn":"2022-03-03T03:35:18.200Z","modifiedBy":{"displayName":"Kelvin Hong","url":"https://spsprodeau1.vssps.visualstudio.com/A58974c6b-072f-4a7d-9046-b753e8e7303d/_apis/Identities/c8fbdc16-f12d-6512-9bb8-6a64741d06d9","_links":{"avatar":{"href":"https://dev.azure.com/METCASHDevOps/_apis/GraphProfile/MemberAvatars/aad.YzhmYmRjMTYtZjEyZC03NTEyLTliYjgtNmE2NDc0MWQwNmQ5"}},"id":"c8fbdc16-f12d-6512-9bb8-6a64741d06d9","uniqueName":"hongke@metcash.com","imageUrl":"https://dev.azure.com/METCASHDevOps/_apis/GraphProfile/MemberAvatars/aad.YzhmYmRjMTYtZjEyZC03NTEyLTliYjgtNmE2NDc0MWQwNmQ5","descriptor":"aad.YzhmYmRjMTYtZjEyZC03NTEyLTliYjgtNmE2NDc0MWQwNmQ5"},"modifiedOn":"2022-03-03T03:37:50.390Z","isDeleted":false,"lastRelease":{"id":68,"name":"Release-3","artifacts":[],"_links":{},"description":"","releaseDefinition":{"id":17,"projectReference":null,"_links":{}},"createdOn":"2022-03-03T04:14:41.933Z","createdBy":{"displayName":"Kelvin Hong","url":"https://spsprodeau1.vssps.visualstudio.com/A58974c6b-072f-4a7d-9046-b753e8e7303d/_apis/Identities/c8fbdc16-f12d-6512-9bb8-6a64741d06d9","_links":{"avatar":{"href":"https://dev.azure.com/METCASHDevOps/_apis/GraphProfile/MemberAvatars/aad.YzhmYmRjMTYtZjEyZC03NTEyLTliYjgtNmE2NDc0MWQwNmQ5"}},"id":"c8fbdc16-f12d-6512-9bb8-6a64741d06d9","uniqueName":"hongke@metcash.com","imageUrl":"https://dev.azure.com/METCASHDevOps/_apis/GraphProfile/MemberAvatars/aad.YzhmYmRjMTYtZjEyZC03NTEyLTliYjgtNmE2NDc0MWQwNmQ5","descriptor":"aad.YzhmYmRjMTYtZjEyZC03NTEyLTliYjgtNmE2NDc0MWQwNmQ5"}},"variables":{},"variableGroups":[4,9],"environments":[{"id":27,"name":"DEV","rank":1,"owner":{"displayName":"Kelvin Hong","url":"https://spsprodeau1.vssps.visualstudio.com/A58974c6b-072f-4a7d-9046-b753e8e7303d/_apis/Identities/c8fbdc16-f12d-6512-9bb8-6a64741d06d9","_links":{"avatar":{"href":"https://dev.azure.com/METCASHDevOps/_apis/GraphProfile/MemberAvatars/aad.YzhmYmRjMTYtZjEyZC03NTEyLTliYjgtNmE2NDc0MWQwNmQ5"}},"id":"c8fbdc16-f12d-6512-9bb8-6a64741d06d9","uniqueName":"hongke@metcash.com","imageUrl":"https://dev.azure.com/METCASHDevOps/_apis/GraphProfile/MemberAvatars/aad.YzhmYmRjMTYtZjEyZC03NTEyLTliYjgtNmE2NDc0MWQwNmQ5","descriptor":"aad.YzhmYmRjMTYtZjEyZC03NTEyLTliYjgtNmE2NDc0MWQwNmQ5"},"variables":{},"variableGroups":[5],"preDeployApprovals":{"approvals":[{"rank":1,"isAutomated":true,"isNotificationOn":false,"id":79}],"approvalOptions":{"requiredApproverCount":null,"releaseCreatorCanBeApprover":false,"autoTriggeredAndPreviousEnvironmentApprovedCanBeSkipped":false,"enforceIdentityRevalidation":false,"timeoutInMinutes":0,"executionOrder":1}},"deployStep":{"id":80},"postDeployApprovals":{"approvals":[{"rank":1,"isAutomated":true,"isNotificationOn":false,"id":81}],"approvalOptions":{"requiredApproverCount":null,"releaseCreatorCanBeApprover":false,"autoTriggeredAndPreviousEnvironmentApprovedCanBeSkipped":false,"enforceIdentityRevalidation":false,"timeoutInMinutes":0,"executionOrder":2}},"deployPhases":[{"deploymentInput":{"parallelExecution":{"parallelExecutionType":0},"agentSpecification":{"identifier":"windows-latest"},"skipArtifactsDownload":false,"artifactsDownloadInput":{"downloadInputs":[]},"queueId":161,"demands":[],"enableAccessToken":false,"timeoutInMinutes":0,"jobCancelTimeoutInMinutes":1,"condition":"succeeded()","overrideInputs":{}},"rank":1,"phaseType":1,"name":"Application","refName":null,"workflowTasks":[{"environment":{},"taskId":"94a74903-f93f-4075-884f-dc11f34058b4","version":"2.*","name":"LogicApp","refName":"","enabled":true,"alwaysRun":false,"continueOnError":false,"timeoutInMinutes":0,"retryCountOnTaskFailure":0,"definitionType":"task","overrideInputs":{},"condition":"succeeded()","inputs":{"ConnectedServiceName":"783fa479-fd32-40ca-af43-f58ef7292a34","action":"Create Or Update Resource Group","resourceGroupName":"$(resource-Group)","location":"$(location)","templateLocation":"Linked artifact","csmFileLink":"","csmParametersFileLink":"","csmFile":"$(System.DefaultWorkingDirectory)/_Build/LogicApp/send-email/send-email.json","csmParametersFile":"","overrideParameters":"-apiName $(logic-connection) -logicAppName $(logic-app)","deploymentMode":"Incremental","enableDeploymentPrerequisites":"None","deploymentGroupEndpoint":"","project":"","deploymentGroupName":"","copyAzureVMTags":"true","runAgentServiceAsUser":"false","userName":"","password":"","outputVariable":"","deploymentName":"","deploymentOutputs":"armoutput","addSpnToEnvironment":"false"}},{"environment":{},"taskId":"e213ff0f-5d5c-4791-802d-52ea3e7be1f1","version":"2.*","name":"Parse Arm Output","refName":"","enabled":true,"alwaysRun":false,"continueOnError":false,"timeoutInMinutes":0,"retryCountOnTaskFailure":0,"definitionType":"task","overrideInputs":{},"condition":"succeeded()","inputs":{"targetType":"inline","filePath":"","arguments":"","script":"# Make outputs from resource group deployment available to subsequent tasks\n$outputs = ConvertFrom-Json $($env:armoutput)\nforeach ($output in $outputs.PSObject.Properties) {\n  Write-Host \"##vso[task.setvariable variable=RGDO_$($output.Name)]$($output.Value.value)\"\n  $($output.Name)\n  $($output.Value.value)\n}","errorActionPreference":"stop","warningPreference":"default","informationPreference":"default","verbosePreference":"default","debugPreference":"default","failOnStderr":"false","showWarnings":"false","ignoreLASTEXITCODE":"false","pwsh":"false","workingDirectory":"","runScriptInSeparateScope":"false"}}]}],"environmentOptions":{"emailNotificationType":"OnlyOnFailure","emailRecipients":"release.environment.owner;release.creator","skipArtifactsDownload":false,"timeoutInMinutes":0,"enableAccessToken":false,"publishDeploymentStatus":true,"badgeEnabled":true,"autoLinkWorkItems":true,"pullRequestDeploymentEnabled":false},"demands":[],"conditions":[{"name":"ReleaseStarted","conditionType":1,"value":""}],"executionPolicy":{"concurrencyCount":1,"queueDepthCount":0},"schedules":[],"currentRelease":{"id":68,"url":"https://vsrm.dev.azure.com/METCASHDevOps/bc2a69e4-73f8-4fc7-af3a-c740c88f9673/_apis/Release/releases/68","_links":{}},"retentionPolicy":{"daysToKeep":3,"releasesToKeep":3,"retainBuild":false},"processParameters":{},"properties":{"BoardsEnvironmentType":{"$type":"System.String","$value":"testing"},"LinkBoardsWorkItems":{"$type":"System.String","$value":"False"}},"preDeploymentGates":{"id":0,"gatesOptions":null,"gates":[]},"postDeploymentGates":{"id":0,"gatesOptions":null,"gates":[]},"environmentTriggers":[],"badgeUrl":"https://vsrm.dev.azure.com/METCASHDevOps/_apis/public/Release/badge/bc2a69e4-73f8-4fc7-af3a-c740c88f9673/17/27"}],"artifacts":[{"sourceId":"bc2a69e4-73f8-4fc7-af3a-c740c88f9673:ab61aae9-3277-423c-a6f0-d5d2e4569f9a","type":"Git","alias":"_Build","definitionReference":{"branches":{"id":"master","name":"master"},"checkoutNestedSubmodules":{"id":"True","name":"Any nested submodules within"},"checkoutSubmodules":{"id":"","name":""},"defaultVersionSpecific":{"id":"","name":""},"defaultVersionType":{"id":"latestFromBranchType","name":"Latest from the default branch"},"definition":{"id":"ab61aae9-3277-423c-a6f0-d5d2e4569f9a","name":"dataops-reference"},"fetchDepth":{"id":"/LogicApp","name":"/LogicApp"},"gitLfsSupport":{"id":"","name":""},"project":{"id":"bc2a69e4-73f8-4fc7-af3a-c740c88f9673","name":"MDATA"}},"isPrimary":true,"isRetained":false}],"triggers":[],"releaseNameFormat":"Release-$(rev:r)","tags":[],"properties":{"DefinitionCreationSource":{"$type":"System.String","$value":"ReleaseClone"},"IntegrateBoardsWorkItems":{"$type":"System.String","$value":"False"},"IntegrateJiraWorkItems":{"$type":"System.String","$value":"false"}},"id":17,"name":"LogicApp-CD","path":"\\","projectReference":null,"url":"https://vsrm.dev.azure.com/METCASHDevOps/bc2a69e4-73f8-4fc7-af3a-c740c88f9673/_apis/Release/definitions/17","_links":{"self":{"href":"https://vsrm.dev.azure.com/METCASHDevOps/bc2a69e4-73f8-4fc7-af3a-c740c88f9673/_apis/Release/definitions/17"},"web":{"href":"https://dev.azure.com/METCASHDevOps/bc2a69e4-73f8-4fc7-af3a-c740c88f9673/_release?definitionId=17"}}}