{"source":2,"revision":2,"description":null,"createdBy":{"displayName":"Kelvin Hong","url":"https://spsprodeau1.vssps.visualstudio.com/A58974c6b-072f-4a7d-9046-b753e8e7303d/_apis/Identities/c8fbdc16-f12d-6512-9bb8-6a64741d06d9","_links":{"avatar":{"href":"https://dev.azure.com/METCASHDevOps/_apis/GraphProfile/MemberAvatars/aad.YzhmYmRjMTYtZjEyZC03NTEyLTliYjgtNmE2NDc0MWQwNmQ5"}},"id":"c8fbdc16-f12d-6512-9bb8-6a64741d06d9","uniqueName":"hongke@metcash.com","imageUrl":"https://dev.azure.com/METCASHDevOps/_apis/GraphProfile/MemberAvatars/aad.YzhmYmRjMTYtZjEyZC03NTEyLTliYjgtNmE2NDc0MWQwNmQ5","descriptor":"aad.YzhmYmRjMTYtZjEyZC03NTEyLTliYjgtNmE2NDc0MWQwNmQ5"},"createdOn":"2022-02-23T03:26:32.000Z","modifiedBy":{"displayName":"Kelvin Hong","url":"https://spsprodeau1.vssps.visualstudio.com/A58974c6b-072f-4a7d-9046-b753e8e7303d/_apis/Identities/c8fbdc16-f12d-6512-9bb8-6a64741d06d9","_links":{"avatar":{"href":"https://dev.azure.com/METCASHDevOps/_apis/GraphProfile/MemberAvatars/aad.YzhmYmRjMTYtZjEyZC03NTEyLTliYjgtNmE2NDc0MWQwNmQ5"}},"id":"c8fbdc16-f12d-6512-9bb8-6a64741d06d9","uniqueName":"hongke@metcash.com","imageUrl":"https://dev.azure.com/METCASHDevOps/_apis/GraphProfile/MemberAvatars/aad.YzhmYmRjMTYtZjEyZC03NTEyLTliYjgtNmE2NDc0MWQwNmQ5","descriptor":"aad.YzhmYmRjMTYtZjEyZC03NTEyLTliYjgtNmE2NDc0MWQwNmQ5"},"modifiedOn":"2022-02-23T03:27:11.277Z","isDeleted":false,"lastRelease":{"id":70,"name":"Release-2","artifacts":[],"_links":{},"description":"","releaseDefinition":{"id":15,"projectReference":null,"_links":{}},"createdOn":"2022-03-04T03:13:02.343Z","createdBy":{"displayName":"Kelvin Hong","url":"https://spsprodeau1.vssps.visualstudio.com/A58974c6b-072f-4a7d-9046-b753e8e7303d/_apis/Identities/c8fbdc16-f12d-6512-9bb8-6a64741d06d9","_links":{"avatar":{"href":"https://dev.azure.com/METCASHDevOps/_apis/GraphProfile/MemberAvatars/aad.YzhmYmRjMTYtZjEyZC03NTEyLTliYjgtNmE2NDc0MWQwNmQ5"}},"id":"c8fbdc16-f12d-6512-9bb8-6a64741d06d9","uniqueName":"hongke@metcash.com","imageUrl":"https://dev.azure.com/METCASHDevOps/_apis/GraphProfile/MemberAvatars/aad.YzhmYmRjMTYtZjEyZC03NTEyLTliYjgtNmE2NDc0MWQwNmQ5","descriptor":"aad.YzhmYmRjMTYtZjEyZC03NTEyLTliYjgtNmE2NDc0MWQwNmQ5"}},"variables":{},"variableGroups":[4],"environments":[{"id":25,"name":"PRD","rank":1,"owner":{"displayName":"Kelvin Hong","url":"https://spsprodeau1.vssps.visualstudio.com/A58974c6b-072f-4a7d-9046-b753e8e7303d/_apis/Identities/c8fbdc16-f12d-6512-9bb8-6a64741d06d9","_links":{"avatar":{"href":"https://dev.azure.com/METCASHDevOps/_apis/GraphProfile/MemberAvatars/aad.YzhmYmRjMTYtZjEyZC03NTEyLTliYjgtNmE2NDc0MWQwNmQ5"}},"id":"c8fbdc16-f12d-6512-9bb8-6a64741d06d9","uniqueName":"hongke@metcash.com","imageUrl":"https://dev.azure.com/METCASHDevOps/_apis/GraphProfile/MemberAvatars/aad.YzhmYmRjMTYtZjEyZC03NTEyLTliYjgtNmE2NDc0MWQwNmQ5","descriptor":"aad.YzhmYmRjMTYtZjEyZC03NTEyLTliYjgtNmE2NDc0MWQwNmQ5"},"variables":{"Source-Workspace":{"value":"EIM - DevOps Dev/UAT"},"Target-Workspace":{"value":"EIM - DevOps Prod"}},"variableGroups":[7],"preDeployApprovals":{"approvals":[{"rank":1,"isAutomated":true,"isNotificationOn":false,"id":73}],"approvalOptions":{"requiredApproverCount":null,"releaseCreatorCanBeApprover":false,"autoTriggeredAndPreviousEnvironmentApprovedCanBeSkipped":false,"enforceIdentityRevalidation":false,"timeoutInMinutes":0,"executionOrder":1}},"deployStep":{"id":74},"postDeployApprovals":{"approvals":[{"rank":1,"isAutomated":true,"isNotificationOn":false,"id":75}],"approvalOptions":{"requiredApproverCount":null,"releaseCreatorCanBeApprover":false,"autoTriggeredAndPreviousEnvironmentApprovedCanBeSkipped":false,"enforceIdentityRevalidation":false,"timeoutInMinutes":0,"executionOrder":2}},"deployPhases":[{"deploymentInput":{"parallelExecution":{"parallelExecutionType":0},"agentSpecification":{"identifier":"windows-latest"},"skipArtifactsDownload":false,"artifactsDownloadInput":{"downloadInputs":[]},"queueId":161,"demands":[],"enableAccessToken":false,"timeoutInMinutes":0,"jobCancelTimeoutInMinutes":1,"condition":"succeeded()","overrideInputs":{}},"rank":1,"phaseType":1,"name":"Agent job","refName":null,"workflowTasks":[{"environment":{},"taskId":"72a1931b-effb-4d2e-8fd8-f8472a07cb62","version":"5.*","name":"Power BI","refName":"","enabled":true,"alwaysRun":false,"continueOnError":false,"timeoutInMinutes":0,"retryCountOnTaskFailure":0,"definitionType":"task","overrideInputs":{},"condition":"succeeded()","inputs":{"ConnectedServiceNameARM":"783fa479-fd32-40ca-af43-f58ef7292a34","ScriptType":"InlineScript","ScriptPath":"","Inline":"$tenantid = \"$(Tenant-ID)\"\n$clientid = \"$(ServicePrincipal-ApplicationID)\"\n$Password = \"$(ServicePrincipal-Secret)\"\n$sourceWorkspaceName = \"$(Source-Workspace)\"\n$targetWorkspaceName = \"$(Target-Workspace)\"\n\n$userPassword = ConvertTo-SecureString -String $password -AsPlainText -Force\n$userCredential = New-Object -TypeName System.Management.Automation.PSCredential -ArgumentList $clientid, $userPassword\n\n#GET BEARER TOKEN\nConnect-AzAccount -Credential $userCredential -ServicePrincipal -TenantId $tenantid\n$token = (Get-AzAccessToken -Resource \"https://analysis.windows.net/powerbi/api\").Token\n$headers = @{ Authorization = \"Bearer $token\" }\n\nfunction Get-Workspaces {\n    Param ()\n    $uri = \"https://api.powerbi.com/v1.0/myorg/groups\"\n    $result = Invoke-RestMethod -Method Get -ContentType \"application/json\" -Uri $uri -Headers $headers | ConvertTo-json -Depth 9\n    return ConvertFrom-Json -InputObject $result \n}\nfunction Get-Workspace {\n    Param ($workspaceName)\n    $Pscustom = Get-Workspaces\n    $object = $Pscustom.value | Where-Object {$_.name -eq $workspaceName}\n    return $object\n}\nfunction Get-Reports {\n    Param ($workspaceId)\n    $uri = \"https://api.powerbi.com/v1.0/myorg/groups/$workspaceId/reports\"\n    $result = Invoke-RestMethod -Method Get -ContentType \"application/json\" -Uri $uri -Headers $headers | ConvertTo-json -Depth 9\n    if($result) {\n        return ConvertFrom-Json -InputObject $result\n    } else {\n        return ConvertFrom-Json -InputObject \"{}\"\n    }\n}\nfunction Get-Report {\n    Param ($workspaceId, $reportName)\n    $Pscustom = Get-Reports $workspaceId\n    $object = $Pscustom.value | Where-Object {$_.name -eq $reportName}\n    return $object\n}\nfunction Get-WorkspaceDataSetByName {\n    Param ($workspaceId, $dataSetName)\n    $uri = \"https://api.powerbi.com/v1.0/myorg/groups/$workspaceId/datasets\"\n    $result = Invoke-RestMethod -Method Get -ContentType \"application/json\" -Uri $uri -Headers $headers | ConvertTo-json -Depth 99\n    $Pscustom = ConvertFrom-Json -InputObject $result\n    $object = $Pscustom.value | Where-Object {$_.name -eq $dataSetName}\n    return $object\n}\nfunction Get-WorkspaceDataSet {\n    Param ($workspaceId, $dataSetId)\n    $uri = \"https://api.powerbi.com/v1.0/myorg/groups/$workspaceId/datasets/$datasetId\"\n    $result = Invoke-RestMethod -Method Get -ContentType \"application/json\" -Uri $uri -Headers $headers | ConvertTo-json -Depth 9\n    return ConvertFrom-Json -InputObject $result \n}\nfunction Add-Report {\n    Param ($sourceWorkspaceId, $sourceReportId, $targetWorkspaceId, $targetModelId, $reportName)\n    $uri = \"https://api.powerbi.com/v1.0/myorg/groups/$sourceWorkspaceId/reports/$sourceReportId/clone\"\n    $body = @{\n        name = $reportName\n        targetModelId= $targetModelId\n        targetWorkspaceId= $targetWorkspaceId\n    } | convertTo-Json \n    $result = Invoke-RestMethod -Method Post -ContentType \"application/json\" -Uri $uri -Headers $headers -Body $body | ConvertTo-json\n    $Pscustom = ConvertFrom-Json -InputObject $result \n    $object = $Pscustom.value\n    return $object\n}\nfunction Update-Report {\n    Param ($sourceWorkspaceId, $sourceReportId, $targetWorkspaceId, $targetReportId)\n    $uri = \"https://api.powerbi.com/v1.0/myorg/groups/$targetWorkspaceId/reports/$targetReportId/UpdateReportContent\"\n    $body = @{\n        sourceReport = @{\n        sourceReportId = $sourceReportId\n        sourceWorkspaceId = $sourceWorkspaceId\n        }\n        sourceType = \"ExistingReport\"\n    } | convertTo-Json \n    $result = Invoke-RestMethod -Method Post -ContentType \"application/json\" -Uri $uri -Headers $headers -Body $body | ConvertTo-json\n    $Pscustom = ConvertFrom-Json -InputObject $result \n    $object = $Pscustom.value\n    return $object\n}\nfunction Copy-Workspace-Reports {\n    Param()\n    $source = Get-Workspace $sourceWorkspaceName\n    $target = Get-Workspace $targetWorkspaceName\n\n    foreach($r in (Get-Reports $source.id).value) {\n        $reportName = $r.name\n        $targetReport = Get-Report $target.id $reportName\n        $sourceDataSet = Get-WorkspaceDataSet $source.id $r.datasetId\n        $targetDataSet = Get-WorkspaceDataSetByName $target.id $sourceDataSet.name\n\n        Write-Host(\"Copying [$reportName] from [$sourceWorkspaceName] to [$targetWorkspaceName]\")\n\n        if($targetDataSet) {\n            Write-Host(\"Rebinding dataset...\")\n        } else {\n            Write-Host(\"Sharing dataset...\")\n        }\n\n        if($targetReport) {\n            Write-Host(\"Updating report...\")\n            Update-Report $source.id $r.id $target.id $targetReport.id\n        } else {\n            Write-Host(\"Cloning report...\")\n            Add-Report $source.id $r.id $target.id $targetDataSet.id $r.name\n        }\n    }\n}\n\nCopy-Workspace-Reports\n\n\"Done!\"","ScriptArguments":"","errorActionPreference":"stop","FailOnStandardError":"false","TargetAzurePs":"LatestVersion","CustomTargetAzurePs":"","pwsh":"false","workingDirectory":""}}]}],"environmentOptions":{"emailNotificationType":"OnlyOnFailure","emailRecipients":"release.environment.owner;release.creator","skipArtifactsDownload":false,"timeoutInMinutes":0,"enableAccessToken":false,"publishDeploymentStatus":true,"badgeEnabled":false,"autoLinkWorkItems":false,"pullRequestDeploymentEnabled":false},"demands":[],"conditions":[{"name":"ReleaseStarted","conditionType":1,"value":""}],"executionPolicy":{"concurrencyCount":1,"queueDepthCount":0},"schedules":[],"currentRelease":{"id":70,"url":"https://vsrm.dev.azure.com/METCASHDevOps/bc2a69e4-73f8-4fc7-af3a-c740c88f9673/_apis/Release/releases/70","_links":{}},"retentionPolicy":{"daysToKeep":3,"releasesToKeep":3,"retainBuild":true},"processParameters":{},"properties":{"BoardsEnvironmentType":{"$type":"System.String","$value":"testing"},"LinkBoardsWorkItems":{"$type":"System.String","$value":"False"}},"preDeploymentGates":{"id":0,"gatesOptions":null,"gates":[]},"postDeploymentGates":{"id":0,"gatesOptions":null,"gates":[]},"environmentTriggers":[],"badgeUrl":"https://vsrm.dev.azure.com/METCASHDevOps/_apis/public/Release/badge/bc2a69e4-73f8-4fc7-af3a-c740c88f9673/15/25"}],"artifacts":[],"triggers":[],"releaseNameFormat":"Release-$(rev:r)","tags":[],"properties":{"DefinitionCreationSource":{"$type":"System.String","$value":"ReleaseClone"},"IntegrateBoardsWorkItems":{"$type":"System.String","$value":"False"},"IntegrateJiraWorkItems":{"$type":"System.String","$value":"false"}},"id":15,"name":"PowerBI-CD","path":"\\","projectReference":null,"url":"https://vsrm.dev.azure.com/METCASHDevOps/bc2a69e4-73f8-4fc7-af3a-c740c88f9673/_apis/Release/definitions/15","_links":{"self":{"href":"https://vsrm.dev.azure.com/METCASHDevOps/bc2a69e4-73f8-4fc7-af3a-c740c88f9673/_apis/Release/definitions/15"},"web":{"href":"https://dev.azure.com/METCASHDevOps/bc2a69e4-73f8-4fc7-af3a-c740c88f9673/_release?definitionId=15"}}}