{"source":2,"revision":13,"description":null,"createdBy":{"displayName":"Kelvin Hong","url":"https://spsprodeau1.vssps.visualstudio.com/A58974c6b-072f-4a7d-9046-b753e8e7303d/_apis/Identities/c8fbdc16-f12d-6512-9bb8-6a64741d06d9","_links":{"avatar":{"href":"https://dev.azure.com/METCASHDevOps/_apis/GraphProfile/MemberAvatars/aad.YzhmYmRjMTYtZjEyZC03NTEyLTliYjgtNmE2NDc0MWQwNmQ5"}},"id":"c8fbdc16-f12d-6512-9bb8-6a64741d06d9","uniqueName":"hongke@metcash.com","imageUrl":"https://dev.azure.com/METCASHDevOps/_apis/GraphProfile/MemberAvatars/aad.YzhmYmRjMTYtZjEyZC03NTEyLTliYjgtNmE2NDc0MWQwNmQ5","descriptor":"aad.YzhmYmRjMTYtZjEyZC03NTEyLTliYjgtNmE2NDc0MWQwNmQ5"},"createdOn":"2022-01-18T23:31:29.310Z","modifiedBy":{"displayName":"Kelvin Hong","url":"https://spsprodeau1.vssps.visualstudio.com/A58974c6b-072f-4a7d-9046-b753e8e7303d/_apis/Identities/c8fbdc16-f12d-6512-9bb8-6a64741d06d9","_links":{"avatar":{"href":"https://dev.azure.com/METCASHDevOps/_apis/GraphProfile/MemberAvatars/aad.YzhmYmRjMTYtZjEyZC03NTEyLTliYjgtNmE2NDc0MWQwNmQ5"}},"id":"c8fbdc16-f12d-6512-9bb8-6a64741d06d9","uniqueName":"hongke@metcash.com","imageUrl":"https://dev.azure.com/METCASHDevOps/_apis/GraphProfile/MemberAvatars/aad.YzhmYmRjMTYtZjEyZC03NTEyLTliYjgtNmE2NDc0MWQwNmQ5","descriptor":"aad.YzhmYmRjMTYtZjEyZC03NTEyLTliYjgtNmE2NDc0MWQwNmQ5"},"modifiedOn":"2022-02-02T03:24:59.573Z","isDeleted":false,"lastRelease":{"id":65,"name":"Release-18","artifacts":[],"_links":{},"description":"Triggered by DataOps-Build 20220302.1.","releaseDefinition":{"id":7,"projectReference":null,"_links":{}},"createdOn":"2022-03-01T23:24:13.853Z","createdBy":{"displayName":"Kelvin Hong","url":"https://spsprodeau1.vssps.visualstudio.com/A58974c6b-072f-4a7d-9046-b753e8e7303d/_apis/Identities/c8fbdc16-f12d-6512-9bb8-6a64741d06d9","_links":{"avatar":{"href":"https://dev.azure.com/METCASHDevOps/_apis/GraphProfile/MemberAvatars/aad.YzhmYmRjMTYtZjEyZC03NTEyLTliYjgtNmE2NDc0MWQwNmQ5"}},"id":"c8fbdc16-f12d-6512-9bb8-6a64741d06d9","uniqueName":"hongke@metcash.com","imageUrl":"https://dev.azure.com/METCASHDevOps/_apis/GraphProfile/MemberAvatars/aad.YzhmYmRjMTYtZjEyZC03NTEyLTliYjgtNmE2NDc0MWQwNmQ5","descriptor":"aad.YzhmYmRjMTYtZjEyZC03NTEyLTliYjgtNmE2NDc0MWQwNmQ5"}},"variables":{},"variableGroups":[4],"environments":[{"id":15,"name":"DEV","rank":1,"owner":{"displayName":"Kelvin Hong","url":"https://spsprodeau1.vssps.visualstudio.com/A58974c6b-072f-4a7d-9046-b753e8e7303d/_apis/Identities/c8fbdc16-f12d-6512-9bb8-6a64741d06d9","_links":{"avatar":{"href":"https://dev.azure.com/METCASHDevOps/_apis/GraphProfile/MemberAvatars/aad.YzhmYmRjMTYtZjEyZC03NTEyLTliYjgtNmE2NDc0MWQwNmQ5"}},"id":"c8fbdc16-f12d-6512-9bb8-6a64741d06d9","uniqueName":"hongke@metcash.com","imageUrl":"https://dev.azure.com/METCASHDevOps/_apis/GraphProfile/MemberAvatars/aad.YzhmYmRjMTYtZjEyZC03NTEyLTliYjgtNmE2NDc0MWQwNmQ5","descriptor":"aad.YzhmYmRjMTYtZjEyZC03NTEyLTliYjgtNmE2NDc0MWQwNmQ5"},"variables":{},"variableGroups":[5],"preDeployApprovals":{"approvals":[{"rank":1,"isAutomated":true,"isNotificationOn":false,"id":43}],"approvalOptions":{"requiredApproverCount":null,"releaseCreatorCanBeApprover":false,"autoTriggeredAndPreviousEnvironmentApprovedCanBeSkipped":false,"enforceIdentityRevalidation":false,"timeoutInMinutes":0,"executionOrder":1}},"deployStep":{"id":48},"postDeployApprovals":{"approvals":[{"rank":1,"isAutomated":true,"isNotificationOn":false,"id":49}],"approvalOptions":{"requiredApproverCount":null,"releaseCreatorCanBeApprover":false,"autoTriggeredAndPreviousEnvironmentApprovedCanBeSkipped":false,"enforceIdentityRevalidation":false,"timeoutInMinutes":0,"executionOrder":2}},"deployPhases":[{"deploymentInput":{"parallelExecution":{"parallelExecutionType":0},"agentSpecification":{"identifier":"windows-latest"},"skipArtifactsDownload":false,"artifactsDownloadInput":{"downloadInputs":[]},"queueId":161,"demands":[],"enableAccessToken":false,"timeoutInMinutes":0,"jobCancelTimeoutInMinutes":1,"condition":"succeeded()","overrideInputs":{}},"rank":1,"phaseType":1,"name":"Agent job","refName":null,"workflowTasks":[{"environment":{},"taskId":"94a74903-f93f-4075-884f-dc11f34058b4","version":"2.*","name":"Main Variables","refName":"","enabled":true,"alwaysRun":false,"continueOnError":false,"timeoutInMinutes":0,"retryCountOnTaskFailure":0,"definitionType":"task","overrideInputs":{},"condition":"succeeded()","inputs":{"ConnectedServiceName":"783fa479-fd32-40ca-af43-f58ef7292a34","action":"Create Or Update Resource Group","resourceGroupName":"$(resource-Group)","location":"$(location)","templateLocation":"Linked artifact","csmFileLink":"","csmParametersFileLink":"","csmFile":"$(System.DefaultWorkingDirectory)/_Build/AzureResources/MainARM/maindeploy.json","csmParametersFile":"","overrideParameters":"-ServicePrincipal-ObjectID $(ServicePrincipal-ObjectID) -ServicePrincipal-ApplicationID $(ServicePrincipal-ApplicationID) -ServicePrincipal-Secret $(ServicePrincipal-Secret) -resource-template $(resource-template) -environment $(environment) -database-User $(database-User) -database-Password $(database-Password)","deploymentMode":"Incremental","enableDeploymentPrerequisites":"None","deploymentGroupEndpoint":"","project":"","deploymentGroupName":"","copyAzureVMTags":"true","runAgentServiceAsUser":"false","userName":"","password":"","outputVariable":"","deploymentName":"","deploymentOutputs":"armoutput","addSpnToEnvironment":"false"}},{"environment":{},"taskId":"e213ff0f-5d5c-4791-802d-52ea3e7be1f1","version":"2.*","name":"Parse Arm Output","refName":"","enabled":true,"alwaysRun":false,"continueOnError":false,"timeoutInMinutes":0,"retryCountOnTaskFailure":0,"definitionType":"task","overrideInputs":{},"condition":"succeeded()","inputs":{"targetType":"inline","filePath":"","arguments":"","script":"# Make outputs from resource group deployment available to subsequent tasks\n$outputs = ConvertFrom-Json $($env:armoutput)\nforeach ($output in $outputs.PSObject.Properties) {\n  Write-Host \"##vso[task.setvariable variable=RGDO_$($output.Name)]$($output.Value.value)\"\n  $($output.Name)\n  $($output.Value.value)\n}","errorActionPreference":"stop","warningPreference":"default","informationPreference":"default","verbosePreference":"default","debugPreference":"default","failOnStderr":"false","showWarnings":"false","ignoreLASTEXITCODE":"false","pwsh":"false","workingDirectory":"","runScriptInSeparateScope":"false"}},{"environment":{},"taskId":"1e244d32-2dd4-4165-96fb-b7441ca9331e","version":"2.*","name":"Databricks-PAT KeyVault","refName":"","enabled":true,"alwaysRun":false,"continueOnError":true,"timeoutInMinutes":0,"retryCountOnTaskFailure":0,"definitionType":"task","overrideInputs":{},"condition":"succeeded()","inputs":{"ConnectedServiceName":"783fa479-fd32-40ca-af43-f58ef7292a34","KeyVaultName":"$(RGDO_keyVaultName)","SecretsFilter":"Databricks-PAT","RunAsPreJob":"false"}},{"environment":{},"taskId":"e213ff0f-5d5c-4791-802d-52ea3e7be1f1","version":"2.*","name":"Databricks Variables","refName":"","enabled":true,"alwaysRun":false,"continueOnError":false,"timeoutInMinutes":0,"retryCountOnTaskFailure":0,"definitionType":"task","overrideInputs":{},"condition":"succeeded()","inputs":{"targetType":"inline","filePath":"","arguments":"","script":"Write-Host \"##vso[task.setvariable variable=DATABRICKS_HOST]https://$(location).azuredatabricks.net\"\nWrite-Host \"##vso[task.setvariable variable=DATABRICKS_TOKEN]$(Databricks-PAT)\"","errorActionPreference":"stop","warningPreference":"default","informationPreference":"default","verbosePreference":"default","debugPreference":"default","failOnStderr":"false","showWarnings":"false","ignoreLASTEXITCODE":"false","pwsh":"false","workingDirectory":"","runScriptInSeparateScope":"false"}},{"environment":{},"taskId":"6c731c3c-3c68-459a-a5c9-bde6e6595b5b","version":"3.*","name":"Databricks Notebooks","refName":"","enabled":true,"alwaysRun":false,"continueOnError":false,"timeoutInMinutes":0,"retryCountOnTaskFailure":0,"definitionType":"task","overrideInputs":{},"condition":"ne(variables['DATABRICKS_TOKEN'], '')","inputs":{"targetType":"inline","filePath":"","arguments":"","script":"pip install databricks-cli\ndatabricks workspace import_dir -o '$(System.DefaultWorkingDirectory)\\_Build\\Databricks' '//'\n","workingDirectory":"","failOnStderr":"false","bashEnvValue":""}}]}],"environmentOptions":{"emailNotificationType":"OnlyOnFailure","emailRecipients":"release.environment.owner;release.creator","skipArtifactsDownload":false,"timeoutInMinutes":0,"enableAccessToken":false,"publishDeploymentStatus":true,"badgeEnabled":false,"autoLinkWorkItems":false,"pullRequestDeploymentEnabled":false},"demands":[],"conditions":[{"name":"ReleaseStarted","conditionType":1,"value":""}],"executionPolicy":{"concurrencyCount":1,"queueDepthCount":0},"schedules":[],"currentRelease":{"id":65,"url":"https://vsrm.dev.azure.com/METCASHDevOps/bc2a69e4-73f8-4fc7-af3a-c740c88f9673/_apis/Release/releases/65","_links":{}},"retentionPolicy":{"daysToKeep":3,"releasesToKeep":3,"retainBuild":true},"processParameters":{},"properties":{"BoardsEnvironmentType":{"$type":"System.String","$value":"testing"},"LinkBoardsWorkItems":{"$type":"System.String","$value":"False"}},"preDeploymentGates":{"id":0,"gatesOptions":null,"gates":[]},"postDeploymentGates":{"id":0,"gatesOptions":null,"gates":[]},"environmentTriggers":[],"badgeUrl":"https://vsrm.dev.azure.com/METCASHDevOps/_apis/public/Release/badge/bc2a69e4-73f8-4fc7-af3a-c740c88f9673/7/15"},{"id":16,"name":"UAT","rank":2,"owner":{"displayName":"Kelvin Hong","url":"https://spsprodeau1.vssps.visualstudio.com/A58974c6b-072f-4a7d-9046-b753e8e7303d/_apis/Identities/c8fbdc16-f12d-6512-9bb8-6a64741d06d9","_links":{"avatar":{"href":"https://dev.azure.com/METCASHDevOps/_apis/GraphProfile/MemberAvatars/aad.YzhmYmRjMTYtZjEyZC03NTEyLTliYjgtNmE2NDc0MWQwNmQ5"}},"id":"c8fbdc16-f12d-6512-9bb8-6a64741d06d9","uniqueName":"hongke@metcash.com","imageUrl":"https://dev.azure.com/METCASHDevOps/_apis/GraphProfile/MemberAvatars/aad.YzhmYmRjMTYtZjEyZC03NTEyLTliYjgtNmE2NDc0MWQwNmQ5","descriptor":"aad.YzhmYmRjMTYtZjEyZC03NTEyLTliYjgtNmE2NDc0MWQwNmQ5"},"variables":{},"variableGroups":[6],"preDeployApprovals":{"approvals":[{"rank":1,"isAutomated":true,"isNotificationOn":false,"id":44}],"approvalOptions":{"requiredApproverCount":null,"releaseCreatorCanBeApprover":false,"autoTriggeredAndPreviousEnvironmentApprovedCanBeSkipped":false,"enforceIdentityRevalidation":false,"timeoutInMinutes":0,"executionOrder":1}},"deployStep":{"id":47},"postDeployApprovals":{"approvals":[{"rank":1,"isAutomated":true,"isNotificationOn":false,"id":50}],"approvalOptions":{"requiredApproverCount":null,"releaseCreatorCanBeApprover":false,"autoTriggeredAndPreviousEnvironmentApprovedCanBeSkipped":false,"enforceIdentityRevalidation":false,"timeoutInMinutes":0,"executionOrder":2}},"deployPhases":[{"deploymentInput":{"parallelExecution":{"parallelExecutionType":0},"agentSpecification":{"identifier":"windows-latest"},"skipArtifactsDownload":false,"artifactsDownloadInput":{"downloadInputs":[]},"queueId":161,"demands":[],"enableAccessToken":false,"timeoutInMinutes":0,"jobCancelTimeoutInMinutes":1,"condition":"succeeded()","overrideInputs":{}},"rank":1,"phaseType":1,"name":"Agent job","refName":null,"workflowTasks":[{"environment":{},"taskId":"94a74903-f93f-4075-884f-dc11f34058b4","version":"2.*","name":"Main Variables","refName":"","enabled":true,"alwaysRun":false,"continueOnError":false,"timeoutInMinutes":0,"retryCountOnTaskFailure":0,"definitionType":"task","overrideInputs":{},"condition":"succeeded()","inputs":{"ConnectedServiceName":"77924b6f-3030-475d-90ae-61e14909b583","action":"Create Or Update Resource Group","resourceGroupName":"$(resource-Group)","location":"$(location)","templateLocation":"Linked artifact","csmFileLink":"","csmParametersFileLink":"","csmFile":"$(System.DefaultWorkingDirectory)/_Build/AzureResources/MainARM/maindeploy.json","csmParametersFile":"","overrideParameters":"-ServicePrincipal-ObjectID $(ServicePrincipal-ObjectID) -ServicePrincipal-ApplicationID $(ServicePrincipal-ApplicationID) -ServicePrincipal-Secret $(ServicePrincipal-Secret) -resource-template $(resource-template) -environment $(environment) -database-User $(database-User) -database-Password $(database-Password)","deploymentMode":"Incremental","enableDeploymentPrerequisites":"None","deploymentGroupEndpoint":"","project":"","deploymentGroupName":"","copyAzureVMTags":"true","runAgentServiceAsUser":"false","userName":"","password":"","outputVariable":"","deploymentName":"","deploymentOutputs":"armoutput","addSpnToEnvironment":"false"}},{"environment":{},"taskId":"e213ff0f-5d5c-4791-802d-52ea3e7be1f1","version":"2.*","name":"Parse Arm Output","refName":"","enabled":true,"alwaysRun":false,"continueOnError":false,"timeoutInMinutes":0,"retryCountOnTaskFailure":0,"definitionType":"task","overrideInputs":{},"condition":"succeeded()","inputs":{"targetType":"inline","filePath":"","arguments":"","script":"# Make outputs from resource group deployment available to subsequent tasks\n$outputs = ConvertFrom-Json $($env:armoutput)\nforeach ($output in $outputs.PSObject.Properties) {\n  Write-Host \"##vso[task.setvariable variable=RGDO_$($output.Name)]$($output.Value.value)\"\n  $($output.Name)\n  $($output.Value.value)\n}","errorActionPreference":"stop","warningPreference":"default","informationPreference":"default","verbosePreference":"default","debugPreference":"default","failOnStderr":"false","showWarnings":"false","ignoreLASTEXITCODE":"false","pwsh":"false","workingDirectory":"","runScriptInSeparateScope":"false"}},{"environment":{},"taskId":"ce85a08b-a538-4d2b-8589-1d37a9ab970f","version":"1.*","name":"ControlDB","refName":"","enabled":true,"alwaysRun":false,"continueOnError":false,"timeoutInMinutes":0,"retryCountOnTaskFailure":0,"definitionType":"task","overrideInputs":{},"condition":"succeeded()","inputs":{"ConnectedServiceNameSelector":"ConnectedServiceNameARM","ConnectedServiceName":"","ConnectedServiceNameARM":"77924b6f-3030-475d-90ae-61e14909b583","AuthenticationType":"server","ServerName":"$(RGDO_AzureSqlServerName).database.windows.net","DatabaseName":"ControlDB","SqlUsername":"$(RGDO_dbUsername)","SqlPassword":"$(RGDO_dbPassword)","aadSqlUsername":"","aadSqlPassword":"","ConnectionString":"","TaskNameSelector":"DacpacTask","DeploymentAction":"Publish","DacpacFile":"$(System.DefaultWorkingDirectory)/_Build/ControlDB/ControlDB.dacpac","BacpacFile":"","SqlFile":"","SqlInline":"","PublishProfile":"","AdditionalArguments":"","SqlAdditionalArguments":"","InlineAdditionalArguments":"","IpDetectionMethod":"AutoDetect","StartIpAddress":"","EndIpAddress":"","DeleteFirewallRule":"true"}},{"environment":{},"taskId":"72a1931b-effb-4d2e-8fd8-f8472a07cb62","version":"5.*","name":"Disable ADF Triggers","refName":"","enabled":true,"alwaysRun":false,"continueOnError":false,"timeoutInMinutes":0,"retryCountOnTaskFailure":0,"definitionType":"task","overrideInputs":{},"condition":"succeeded()","inputs":{"ConnectedServiceNameARM":"77924b6f-3030-475d-90ae-61e14909b583","ScriptType":"InlineScript","ScriptPath":"","Inline":"$enabledADFtriggers = [System.Collections.ArrayList]::new()\n$triggersADF = Get-AzDataFactoryV2Trigger -ResourceGroupName \"$(resource-Group)\" -DataFactoryName \"$(RGDO_dataFactoryName)\"\n\n$triggersADF.where{$_.RuntimeState -eq 'Started'} | ForEach-Object  {\n  $enabledADFtriggers.Add($_.name)\n  Stop-AzDataFactoryV2Trigger -ResourceGroupName  \"$(resource-Group)\" -DataFactoryName \"$(RGDO_dataFactoryName)\" -Name $_.name -Force \n}\n\n$envList = $($enabledADFtriggers -join \";\")\nWrite-Host (\"##vso[task.setvariable variable=Enabled_ADF_Triggers]$envList\")","ScriptArguments":"","errorActionPreference":"stop","FailOnStandardError":"false","TargetAzurePs":"LatestVersion","CustomTargetAzurePs":"","pwsh":"false","workingDirectory":""}},{"environment":{},"taskId":"94a74903-f93f-4075-884f-dc11f34058b4","version":"2.*","name":"Data Factory","refName":"","enabled":true,"alwaysRun":false,"continueOnError":true,"timeoutInMinutes":0,"retryCountOnTaskFailure":0,"definitionType":"task","overrideInputs":{},"condition":"succeeded()","inputs":{"ConnectedServiceName":"77924b6f-3030-475d-90ae-61e14909b583","action":"Create Or Update Resource Group","resourceGroupName":"$(resource-Group)","location":"$(location)","templateLocation":"Linked artifact","csmFileLink":"","csmParametersFileLink":"","csmFile":"$(System.DefaultWorkingDirectory)/_Build/ADF/ARMTemplateForFactory.json","csmParametersFile":"$(System.DefaultWorkingDirectory)/_Build/ADF/ARMTemplateParametersForFactory.json","overrideParameters":"-factoryName \"$(RGDO_dataFactoryName)\" -AmazonS3_properties_typeProperties_accessKeyId {\"type\":\"AzureKeyVaultSecret\",\"store\":{\"referenceName\":\"AzureKeyVault\",\"type\":\"LinkedServiceReference\"},\"secretName\":{\"value\":\"@concat(linkedService().systemName, '-AccessKeyID-KVSecret')\",\"type\":\"Expression\"}} -AzureDataLakeStorage_properties_typeProperties_url \"https://$(RGDO_dataLakeName).dfs.core.windows.net/\" -AzureKeyVault_properties_typeProperties_baseUrl \"https://$(RGDO_keyVaultName).vault.azure.net/\" -AzureSqlDatabase_Ctrldb_properties_typeProperties_connectionString_secretName \"ADF-ControlDB\" -HttpLinkAnonymous_properties_typeProperties_url \"@{linkedService().url}\" -REST_Anonymous_properties_typeProperties_url \"@{linkedService().url}\" -SFTP_Basic_properties_typeProperties_host {\"type\":\"AzureKeyVaultSecret\",\"store\":{\"referenceName\":\"AzureKeyVault\",\"type\":\"LinkedServiceReference\"},\"secretName\":\"Preceda-SFTP-Host\"} -SFTP_Basic_properties_typeProperties_userName {\"type\":\"AzureKeyVaultSecret\",\"store\":{\"referenceName\":\"AzureKeyVault\",\"type\":\"LinkedServiceReference\"},\"secretName\":\"Preceda-SFTP-Username\"} -SQLServer_properties_typeProperties_connectionString_secretName \"@linkedService().kvSecret\" -dataFactory_properties_globalParameters_storageName_value \"$(RGDO_dataLakeName)\" -dataFactory_properties_globalParameters_keyVaultName_value \"$(RGDO_keyVaultName)\" -dataFactory_location \"$(location)\"","deploymentMode":"Incremental","enableDeploymentPrerequisites":"None","deploymentGroupEndpoint":"","project":"","deploymentGroupName":"","copyAzureVMTags":"true","runAgentServiceAsUser":"false","userName":"","password":"","outputVariable":"","deploymentName":"","deploymentOutputs":"","addSpnToEnvironment":"false"}},{"environment":{},"taskId":"72a1931b-effb-4d2e-8fd8-f8472a07cb62","version":"5.*","name":"Enable ADF Triggers","refName":"","enabled":true,"alwaysRun":false,"continueOnError":false,"timeoutInMinutes":0,"retryCountOnTaskFailure":0,"definitionType":"task","overrideInputs":{},"condition":"succeeded()","inputs":{"ConnectedServiceNameARM":"77924b6f-3030-475d-90ae-61e14909b583","ScriptType":"InlineScript","ScriptPath":"","Inline":"if (\"$(Enabled_ADF_Triggers)\")\n{\n  (\"$(Enabled_ADF_Triggers)\" -split \";\") | ForEach-Object  {\n    Start-AzDataFactoryV2Trigger -ResourceGroupName  \"$(resource-Group)\" -DataFactoryName \"$(RGDO_dataFactoryName)\" -Name \"$_\" -Force \n  }\n}","ScriptArguments":"","errorActionPreference":"stop","FailOnStandardError":"false","TargetAzurePs":"LatestVersion","CustomTargetAzurePs":"","pwsh":"false","workingDirectory":""}},{"environment":{},"taskId":"1e244d32-2dd4-4165-96fb-b7441ca9331e","version":"2.*","name":"KeyVault Secrets","refName":"","enabled":true,"alwaysRun":false,"continueOnError":false,"timeoutInMinutes":0,"retryCountOnTaskFailure":0,"definitionType":"task","overrideInputs":{},"condition":"succeeded()","inputs":{"ConnectedServiceName":"77924b6f-3030-475d-90ae-61e14909b583","KeyVaultName":"$(RGDO_keyVaultName)","SecretsFilter":"*","RunAsPreJob":"false"}},{"environment":{},"taskId":"e213ff0f-5d5c-4791-802d-52ea3e7be1f1","version":"2.*","name":"Databricks Variables","refName":"","enabled":true,"alwaysRun":false,"continueOnError":false,"timeoutInMinutes":0,"retryCountOnTaskFailure":0,"definitionType":"task","overrideInputs":{},"condition":"succeeded()","inputs":{"targetType":"inline","filePath":"","arguments":"","script":"Write-Host \"##vso[task.setvariable variable=DATABRICKS_HOST]https://$(location).azuredatabricks.net\"\nWrite-Host \"##vso[task.setvariable variable=DATABRICKS_TOKEN]$(Databricks-PAT)\"","errorActionPreference":"stop","warningPreference":"default","informationPreference":"default","verbosePreference":"default","debugPreference":"default","failOnStderr":"false","showWarnings":"false","ignoreLASTEXITCODE":"false","pwsh":"false","workingDirectory":"","runScriptInSeparateScope":"false"}},{"environment":{},"taskId":"6c731c3c-3c68-459a-a5c9-bde6e6595b5b","version":"3.*","name":"Databricks Notebooks","refName":"","enabled":true,"alwaysRun":false,"continueOnError":false,"timeoutInMinutes":0,"retryCountOnTaskFailure":0,"definitionType":"task","overrideInputs":{},"condition":"ne(variables['Databricks-PAT'], '')","inputs":{"targetType":"inline","filePath":"","arguments":"","script":"pip install databricks-cli\ndatabricks workspace import_dir -o '$(System.DefaultWorkingDirectory)\\_Build\\Databricks' '//'","workingDirectory":"","failOnStderr":"false","bashEnvValue":""}},{"environment":{},"taskId":"46e4be58-730b-4389-8a2f-ea10b3e5e815","version":"2.*","name":"Synapse Firewall","refName":"","enabled":true,"alwaysRun":false,"continueOnError":false,"timeoutInMinutes":0,"retryCountOnTaskFailure":0,"definitionType":"task","overrideInputs":{},"condition":"ne(variables['RGDO_synapseWorkspaceName'], '')","inputs":{"connectedServiceNameARM":"77924b6f-3030-475d-90ae-61e14909b583","scriptType":"ps","scriptLocation":"inlineScript","scriptPath":"","inlineScript":"$ip = (Invoke-WebRequest -uri \"http://ifconfig.me/ip\").Content\naz synapse workspace firewall-rule create --name \"DevOpsAgent\" --workspace-name \"$(RGDO_synapseWorkspaceName)\" --resource-group \"$(resource-Group)\" --start-ip-address $ip --end-ip-address $ip","scriptArguments":"","powerShellErrorActionPreference":"stop","addSpnToEnvironment":"false","useGlobalConfig":"false","cwd":"","failOnStandardError":"false","powerShellIgnoreLASTEXITCODE":"false"}},{"environment":{},"taskId":"72a1931b-effb-4d2e-8fd8-f8472a07cb62","version":"5.*","name":"Synapse Resume","refName":"","enabled":true,"alwaysRun":false,"continueOnError":false,"timeoutInMinutes":0,"retryCountOnTaskFailure":0,"definitionType":"task","overrideInputs":{},"condition":"ne(variables['RGDO_synapseWorkspaceName'], '')","inputs":{"ConnectedServiceNameARM":"77924b6f-3030-475d-90ae-61e14909b583","ScriptType":"InlineScript","ScriptPath":"","Inline":"Install-Module -Name Az.Synapse -Scope CurrentUser -Force \n$status = Get-AzSynapseSqlPool -WorkspaceName \"$(RGDO_synapseWorkspaceName)\" -Name \"EDW_PRES\"\n$status = $status.Status\n\nif (\"$status\" -eq \"Paused\")\n{\n  Resume-AzSynapseSqlPool -WorkspaceName \"$(RGDO_synapseWorkspaceName)\" -Name \"EDW_PRES\"\n}\n\nWrite-Host (\"##vso[task.setvariable variable=Synapse_Status]$status\")\n","ScriptArguments":"","errorActionPreference":"stop","FailOnStandardError":"false","TargetAzurePs":"LatestVersion","CustomTargetAzurePs":"","pwsh":"false","workingDirectory":""}},{"environment":{},"taskId":"ce85a08b-a538-4d2b-8589-1d37a9ab970f","version":"1.*","name":"EDW_PRES","refName":"","enabled":true,"alwaysRun":false,"continueOnError":true,"timeoutInMinutes":0,"retryCountOnTaskFailure":0,"definitionType":"task","overrideInputs":{},"condition":"ne(variables['RGDO_synapseWorkspaceName'], '')","inputs":{"ConnectedServiceNameSelector":"ConnectedServiceNameARM","ConnectedServiceName":"","ConnectedServiceNameARM":"77924b6f-3030-475d-90ae-61e14909b583","AuthenticationType":"server","ServerName":"$(RGDO_synapseWorkspaceName).sql.azuresynapse.net","DatabaseName":"EDW_PRES","SqlUsername":"$(RGDO_dbUsername)","SqlPassword":"$(RGDO_dbPassword)","aadSqlUsername":"","aadSqlPassword":"","ConnectionString":"","TaskNameSelector":"DacpacTask","DeploymentAction":"Publish","DacpacFile":"$(System.DefaultWorkingDirectory)/_Build/EDW_PRES/EDW_PRES.dacpac","BacpacFile":"","SqlFile":"","SqlInline":"","PublishProfile":"","AdditionalArguments":"/p:ExcludeObjectTypes=\"Users;Logins;RoleMembership\" /variables:MASTER_KEY=\"$(RGDO_dbPassword)\" /variables:STORAGE_NAME=\"$(RGDO_dataLakeName)\" /variables:SAS_KEY=\"$(ADF-DataLake-Key)\"","SqlAdditionalArguments":"","InlineAdditionalArguments":"","IpDetectionMethod":"AutoDetect","StartIpAddress":"","EndIpAddress":"","DeleteFirewallRule":"true"}},{"environment":{},"taskId":"72a1931b-effb-4d2e-8fd8-f8472a07cb62","version":"5.*","name":"Synapse Suspend","refName":"","enabled":true,"alwaysRun":false,"continueOnError":false,"timeoutInMinutes":0,"retryCountOnTaskFailure":0,"definitionType":"task","overrideInputs":{},"condition":"ne(variables['RGDO_synapseWorkspaceName'], '')","inputs":{"ConnectedServiceNameARM":"77924b6f-3030-475d-90ae-61e14909b583","ScriptType":"InlineScript","ScriptPath":"","Inline":"\"$(Synapse_Status)\"\n\nif (\"$(Synapse_Status)\" -eq \"Paused\")\n{\n  Suspend-AzSynapseSqlPool -WorkspaceName \"$(RGDO_synapseWorkspaceName)\" -Name \"EDW_PRES\"\n}\n","ScriptArguments":"","errorActionPreference":"stop","FailOnStandardError":"false","TargetAzurePs":"LatestVersion","CustomTargetAzurePs":"","pwsh":"false","workingDirectory":""}}]}],"environmentOptions":{"emailNotificationType":"OnlyOnFailure","emailRecipients":"release.environment.owner;release.creator","skipArtifactsDownload":false,"timeoutInMinutes":0,"enableAccessToken":false,"publishDeploymentStatus":true,"badgeEnabled":false,"autoLinkWorkItems":false,"pullRequestDeploymentEnabled":false},"demands":[],"conditions":[{"name":"DEV","conditionType":2,"value":"4"}],"executionPolicy":{"concurrencyCount":1,"queueDepthCount":0},"schedules":[],"currentRelease":{"id":65,"url":"https://vsrm.dev.azure.com/METCASHDevOps/bc2a69e4-73f8-4fc7-af3a-c740c88f9673/_apis/Release/releases/65","_links":{}},"retentionPolicy":{"daysToKeep":5,"releasesToKeep":3,"retainBuild":true},"processParameters":{},"properties":{"BoardsEnvironmentType":{"$type":"System.String","$value":"unmapped"},"LinkBoardsWorkItems":{"$type":"System.String","$value":"False"}},"preDeploymentGates":{"id":0,"gatesOptions":null,"gates":[]},"postDeploymentGates":{"id":0,"gatesOptions":null,"gates":[]},"environmentTriggers":[],"badgeUrl":"https://vsrm.dev.azure.com/METCASHDevOps/_apis/public/Release/badge/bc2a69e4-73f8-4fc7-af3a-c740c88f9673/7/16"},{"id":17,"name":"PROD","rank":3,"owner":{"displayName":"Kelvin Hong","url":"https://spsprodeau1.vssps.visualstudio.com/A58974c6b-072f-4a7d-9046-b753e8e7303d/_apis/Identities/c8fbdc16-f12d-6512-9bb8-6a64741d06d9","_links":{"avatar":{"href":"https://dev.azure.com/METCASHDevOps/_apis/GraphProfile/MemberAvatars/aad.YzhmYmRjMTYtZjEyZC03NTEyLTliYjgtNmE2NDc0MWQwNmQ5"}},"id":"c8fbdc16-f12d-6512-9bb8-6a64741d06d9","uniqueName":"hongke@metcash.com","imageUrl":"https://dev.azure.com/METCASHDevOps/_apis/GraphProfile/MemberAvatars/aad.YzhmYmRjMTYtZjEyZC03NTEyLTliYjgtNmE2NDc0MWQwNmQ5","descriptor":"aad.YzhmYmRjMTYtZjEyZC03NTEyLTliYjgtNmE2NDc0MWQwNmQ5"},"variables":{},"variableGroups":[7],"preDeployApprovals":{"approvals":[{"rank":1,"isAutomated":true,"isNotificationOn":false,"id":45}],"approvalOptions":{"requiredApproverCount":null,"releaseCreatorCanBeApprover":false,"autoTriggeredAndPreviousEnvironmentApprovedCanBeSkipped":false,"enforceIdentityRevalidation":false,"timeoutInMinutes":0,"executionOrder":1}},"deployStep":{"id":46},"postDeployApprovals":{"approvals":[{"rank":1,"isAutomated":true,"isNotificationOn":false,"id":51}],"approvalOptions":{"requiredApproverCount":null,"releaseCreatorCanBeApprover":false,"autoTriggeredAndPreviousEnvironmentApprovedCanBeSkipped":false,"enforceIdentityRevalidation":false,"timeoutInMinutes":0,"executionOrder":2}},"deployPhases":[{"deploymentInput":{"parallelExecution":{"parallelExecutionType":0},"agentSpecification":{"identifier":"windows-latest"},"skipArtifactsDownload":false,"artifactsDownloadInput":{"downloadInputs":[]},"queueId":161,"demands":[],"enableAccessToken":false,"timeoutInMinutes":0,"jobCancelTimeoutInMinutes":1,"condition":"succeeded()","overrideInputs":{}},"rank":1,"phaseType":1,"name":"Agent job","refName":null,"workflowTasks":[{"environment":{},"taskId":"94a74903-f93f-4075-884f-dc11f34058b4","version":"2.*","name":"Main Variables","refName":"","enabled":true,"alwaysRun":false,"continueOnError":false,"timeoutInMinutes":0,"retryCountOnTaskFailure":0,"definitionType":"task","overrideInputs":{},"condition":"succeeded()","inputs":{"ConnectedServiceName":"54ea6bb1-eab6-4d20-8774-49ee8f0ffd1f","action":"Create Or Update Resource Group","resourceGroupName":"$(resource-Group)","location":"$(location)","templateLocation":"Linked artifact","csmFileLink":"","csmParametersFileLink":"","csmFile":"$(System.DefaultWorkingDirectory)/_Build/AzureResources/MainARM/maindeploy.json","csmParametersFile":"","overrideParameters":"-ServicePrincipal-ObjectID $(ServicePrincipal-ObjectID) -ServicePrincipal-ApplicationID $(ServicePrincipal-ApplicationID) -ServicePrincipal-Secret $(ServicePrincipal-Secret) -resource-template $(resource-template) -environment $(environment) -database-User $(database-User) -database-Password $(database-Password)","deploymentMode":"Incremental","enableDeploymentPrerequisites":"None","deploymentGroupEndpoint":"","project":"","deploymentGroupName":"","copyAzureVMTags":"true","runAgentServiceAsUser":"false","userName":"","password":"","outputVariable":"","deploymentName":"","deploymentOutputs":"armoutput","addSpnToEnvironment":"false"}},{"environment":{},"taskId":"e213ff0f-5d5c-4791-802d-52ea3e7be1f1","version":"2.*","name":"Parse Arm Output","refName":"","enabled":true,"alwaysRun":false,"continueOnError":false,"timeoutInMinutes":0,"retryCountOnTaskFailure":0,"definitionType":"task","overrideInputs":{},"condition":"succeeded()","inputs":{"targetType":"inline","filePath":"","arguments":"","script":"# Make outputs from resource group deployment available to subsequent tasks\n$outputs = ConvertFrom-Json $($env:armoutput)\nforeach ($output in $outputs.PSObject.Properties) {\n  Write-Host \"##vso[task.setvariable variable=RGDO_$($output.Name)]$($output.Value.value)\"\n  $($output.Name)\n  $($output.Value.value)\n}","errorActionPreference":"stop","warningPreference":"default","informationPreference":"default","verbosePreference":"default","debugPreference":"default","failOnStderr":"false","showWarnings":"false","ignoreLASTEXITCODE":"false","pwsh":"false","workingDirectory":"","runScriptInSeparateScope":"false"}},{"environment":{},"taskId":"ce85a08b-a538-4d2b-8589-1d37a9ab970f","version":"1.*","name":"ControlDB","refName":"","enabled":true,"alwaysRun":false,"continueOnError":false,"timeoutInMinutes":0,"retryCountOnTaskFailure":0,"definitionType":"task","overrideInputs":{},"condition":"succeeded()","inputs":{"ConnectedServiceNameSelector":"ConnectedServiceNameARM","ConnectedServiceName":"","ConnectedServiceNameARM":"54ea6bb1-eab6-4d20-8774-49ee8f0ffd1f","AuthenticationType":"server","ServerName":"$(RGDO_AzureSqlServerName).database.windows.net","DatabaseName":"ControlDB","SqlUsername":"$(RGDO_dbUsername)","SqlPassword":"$(RGDO_dbPassword)","aadSqlUsername":"","aadSqlPassword":"","ConnectionString":"","TaskNameSelector":"DacpacTask","DeploymentAction":"Publish","DacpacFile":"$(System.DefaultWorkingDirectory)/_Build/ControlDB/ControlDB.dacpac","BacpacFile":"","SqlFile":"","SqlInline":"","PublishProfile":"","AdditionalArguments":"","SqlAdditionalArguments":"","InlineAdditionalArguments":"","IpDetectionMethod":"AutoDetect","StartIpAddress":"","EndIpAddress":"","DeleteFirewallRule":"true"}},{"environment":{},"taskId":"72a1931b-effb-4d2e-8fd8-f8472a07cb62","version":"5.*","name":"Disable ADF Triggers","refName":"","enabled":true,"alwaysRun":false,"continueOnError":false,"timeoutInMinutes":0,"retryCountOnTaskFailure":0,"definitionType":"task","overrideInputs":{},"condition":"succeeded()","inputs":{"ConnectedServiceNameARM":"54ea6bb1-eab6-4d20-8774-49ee8f0ffd1f","ScriptType":"InlineScript","ScriptPath":"","Inline":"$enabledADFtriggers = [System.Collections.ArrayList]::new()\n$triggersADF = Get-AzDataFactoryV2Trigger -ResourceGroupName \"$(resource-Group)\" -DataFactoryName \"$(RGDO_dataFactoryName)\"\n\n$triggersADF.where{$_.RuntimeState -eq 'Started'} | ForEach-Object  {\n  $enabledADFtriggers.Add($_.name)\n  Stop-AzDataFactoryV2Trigger -ResourceGroupName  \"$(resource-Group)\" -DataFactoryName \"$(RGDO_dataFactoryName)\" -Name $_.name -Force \n}\n\n$envList = $($enabledADFtriggers -join \";\")\nWrite-Host (\"##vso[task.setvariable variable=Enabled_ADF_Triggers]$envList\")","ScriptArguments":"","errorActionPreference":"stop","FailOnStandardError":"false","TargetAzurePs":"LatestVersion","CustomTargetAzurePs":"","pwsh":"false","workingDirectory":""}},{"environment":{},"taskId":"94a74903-f93f-4075-884f-dc11f34058b4","version":"2.*","name":"Data Factory","refName":"","enabled":true,"alwaysRun":false,"continueOnError":false,"timeoutInMinutes":0,"retryCountOnTaskFailure":0,"definitionType":"task","overrideInputs":{},"condition":"succeeded()","inputs":{"ConnectedServiceName":"54ea6bb1-eab6-4d20-8774-49ee8f0ffd1f","action":"Create Or Update Resource Group","resourceGroupName":"$(resource-Group)","location":"$(location)","templateLocation":"Linked artifact","csmFileLink":"","csmParametersFileLink":"","csmFile":"$(System.DefaultWorkingDirectory)/_Build/ADF/ARMTemplateForFactory.json","csmParametersFile":"$(System.DefaultWorkingDirectory)/_Build/ADF/ARMTemplateParametersForFactory.json","overrideParameters":"-factoryName \"$(RGDO_dataFactoryName)\" -AmazonS3_properties_typeProperties_accessKeyId {\"type\":\"AzureKeyVaultSecret\",\"store\":{\"referenceName\":\"AzureKeyVault\",\"type\":\"LinkedServiceReference\"},\"secretName\":{\"value\":\"@concat(linkedService().systemName, '-AccessKeyID-KVSecret')\",\"type\":\"Expression\"}} -AzureDataLakeStorage_properties_typeProperties_url \"https://$(RGDO_dataLakeName).dfs.core.windows.net/\" -AzureKeyVault_properties_typeProperties_baseUrl \"https://$(RGDO_keyVaultName).vault.azure.net/\" -AzureSqlDatabase_Ctrldb_properties_typeProperties_connectionString_secretName \"ADF-ControlDB\" -HttpLinkAnonymous_properties_typeProperties_url \"@{linkedService().url}\" -REST_Anonymous_properties_typeProperties_url \"@{linkedService().url}\" -SFTP_Basic_properties_typeProperties_host {\"type\":\"AzureKeyVaultSecret\",\"store\":{\"referenceName\":\"AzureKeyVault\",\"type\":\"LinkedServiceReference\"},\"secretName\":\"Preceda-SFTP-Host\"} -SFTP_Basic_properties_typeProperties_userName {\"type\":\"AzureKeyVaultSecret\",\"store\":{\"referenceName\":\"AzureKeyVault\",\"type\":\"LinkedServiceReference\"},\"secretName\":\"Preceda-SFTP-Username\"} -SQLServer_properties_typeProperties_connectionString_secretName \"@linkedService().kvSecret\" -dataFactory_properties_globalParameters_storageName_value \"$(RGDO_dataLakeName)\" -dataFactory_properties_globalParameters_keyVaultName_value \"$(RGDO_keyVaultName)\" -dataFactory_location \"$(location)\"","deploymentMode":"Incremental","enableDeploymentPrerequisites":"None","deploymentGroupEndpoint":"","project":"","deploymentGroupName":"","copyAzureVMTags":"true","runAgentServiceAsUser":"false","userName":"","password":"","outputVariable":"","deploymentName":"","deploymentOutputs":"","addSpnToEnvironment":"false"}},{"environment":{},"taskId":"72a1931b-effb-4d2e-8fd8-f8472a07cb62","version":"5.*","name":"Enable ADF Triggers","refName":"","enabled":true,"alwaysRun":false,"continueOnError":false,"timeoutInMinutes":0,"retryCountOnTaskFailure":0,"definitionType":"task","overrideInputs":{},"condition":"succeeded()","inputs":{"ConnectedServiceNameARM":"54ea6bb1-eab6-4d20-8774-49ee8f0ffd1f","ScriptType":"InlineScript","ScriptPath":"","Inline":"if (\"$(Enabled_ADF_Triggers)\")\n{\n  (\"$(Enabled_ADF_Triggers)\" -split \";\") | ForEach-Object  {\n    Start-AzDataFactoryV2Trigger -ResourceGroupName  \"$(resource-Group)\" -DataFactoryName \"$(RGDO_dataFactoryName)\" -Name \"$_\" -Force \n  }\n}","ScriptArguments":"","errorActionPreference":"stop","FailOnStandardError":"false","TargetAzurePs":"LatestVersion","CustomTargetAzurePs":"","pwsh":"false","workingDirectory":""}},{"environment":{},"taskId":"1e244d32-2dd4-4165-96fb-b7441ca9331e","version":"2.*","name":"KeyVault Secrets","refName":"","enabled":true,"alwaysRun":false,"continueOnError":false,"timeoutInMinutes":0,"retryCountOnTaskFailure":0,"definitionType":"task","overrideInputs":{},"condition":"succeeded()","inputs":{"ConnectedServiceName":"54ea6bb1-eab6-4d20-8774-49ee8f0ffd1f","KeyVaultName":"$(RGDO_keyVaultName)","SecretsFilter":"*","RunAsPreJob":"false"}},{"environment":{},"taskId":"e213ff0f-5d5c-4791-802d-52ea3e7be1f1","version":"2.*","name":"Databricks Variables","refName":"","enabled":true,"alwaysRun":false,"continueOnError":false,"timeoutInMinutes":0,"retryCountOnTaskFailure":0,"definitionType":"task","overrideInputs":{},"condition":"succeeded()","inputs":{"targetType":"inline","filePath":"","arguments":"","script":"Write-Host \"##vso[task.setvariable variable=DATABRICKS_HOST]https://$(location).azuredatabricks.net\"\nWrite-Host \"##vso[task.setvariable variable=DATABRICKS_TOKEN]$(Databricks-PAT)\"","errorActionPreference":"stop","warningPreference":"default","informationPreference":"default","verbosePreference":"default","debugPreference":"default","failOnStderr":"false","showWarnings":"false","ignoreLASTEXITCODE":"false","pwsh":"false","workingDirectory":"","runScriptInSeparateScope":"false"}},{"environment":{},"taskId":"6c731c3c-3c68-459a-a5c9-bde6e6595b5b","version":"3.*","name":"Databricks Notebooks","refName":"","enabled":true,"alwaysRun":false,"continueOnError":false,"timeoutInMinutes":0,"retryCountOnTaskFailure":0,"definitionType":"task","overrideInputs":{},"condition":"ne(variables['Databricks-PAT'], '')","inputs":{"targetType":"inline","filePath":"","arguments":"","script":"pip install databricks-cli\ndatabricks workspace import_dir -o '$(System.DefaultWorkingDirectory)\\_Build\\Databricks' '//'","workingDirectory":"","failOnStderr":"false","bashEnvValue":""}},{"environment":{},"taskId":"46e4be58-730b-4389-8a2f-ea10b3e5e815","version":"2.*","name":"Synapse Firewall","refName":"","enabled":true,"alwaysRun":false,"continueOnError":false,"timeoutInMinutes":0,"retryCountOnTaskFailure":0,"definitionType":"task","overrideInputs":{},"condition":"ne(variables['RGDO_synapseWorkspaceName'], '')","inputs":{"connectedServiceNameARM":"54ea6bb1-eab6-4d20-8774-49ee8f0ffd1f","scriptType":"ps","scriptLocation":"inlineScript","scriptPath":"","inlineScript":"$ip = (Invoke-WebRequest -uri \"http://ifconfig.me/ip\").Content\naz synapse workspace firewall-rule create --name \"DevOpsAgent\" --workspace-name \"$(RGDO_synapseWorkspaceName)\" --resource-group \"$(resource-Group)\" --start-ip-address $ip --end-ip-address $ip","scriptArguments":"","powerShellErrorActionPreference":"stop","addSpnToEnvironment":"false","useGlobalConfig":"false","cwd":"","failOnStandardError":"false","powerShellIgnoreLASTEXITCODE":"false"}},{"environment":{},"taskId":"72a1931b-effb-4d2e-8fd8-f8472a07cb62","version":"5.*","name":"Synapse Resume","refName":"","enabled":true,"alwaysRun":false,"continueOnError":false,"timeoutInMinutes":0,"retryCountOnTaskFailure":0,"definitionType":"task","overrideInputs":{},"condition":"ne(variables['RGDO_synapseWorkspaceName'], '')","inputs":{"ConnectedServiceNameARM":"54ea6bb1-eab6-4d20-8774-49ee8f0ffd1f","ScriptType":"InlineScript","ScriptPath":"","Inline":"Install-Module -Name Az.Synapse -Scope CurrentUser -Force \n$status = Get-AzSynapseSqlPool -WorkspaceName \"$(RGDO_synapseWorkspaceName)\" -Name \"EDW_PRES\"\n$status = $status.Status\n\nif (\"$status\" -eq \"Paused\")\n{\n  Resume-AzSynapseSqlPool -WorkspaceName \"$(RGDO_synapseWorkspaceName)\" -Name \"EDW_PRES\"\n}\n\nWrite-Host (\"##vso[task.setvariable variable=Synapse_Status]$status\")\n","ScriptArguments":"","errorActionPreference":"stop","FailOnStandardError":"false","TargetAzurePs":"LatestVersion","CustomTargetAzurePs":"","pwsh":"false","workingDirectory":""}},{"environment":{},"taskId":"ce85a08b-a538-4d2b-8589-1d37a9ab970f","version":"1.*","name":"EDW_PRES","refName":"","enabled":true,"alwaysRun":false,"continueOnError":true,"timeoutInMinutes":0,"retryCountOnTaskFailure":0,"definitionType":"task","overrideInputs":{},"condition":"ne(variables['RGDO_synapseWorkspaceName'], '')","inputs":{"ConnectedServiceNameSelector":"ConnectedServiceNameARM","ConnectedServiceName":"","ConnectedServiceNameARM":"54ea6bb1-eab6-4d20-8774-49ee8f0ffd1f","AuthenticationType":"server","ServerName":"$(RGDO_synapseWorkspaceName).sql.azuresynapse.net","DatabaseName":"EDW_PRES","SqlUsername":"$(RGDO_dbUsername)","SqlPassword":"$(RGDO_dbPassword)","aadSqlUsername":"","aadSqlPassword":"","ConnectionString":"","TaskNameSelector":"DacpacTask","DeploymentAction":"Publish","DacpacFile":"$(System.DefaultWorkingDirectory)/_Build/EDW_PRES/EDW_PRES.dacpac","BacpacFile":"","SqlFile":"","SqlInline":"","PublishProfile":"","AdditionalArguments":"/p:ExcludeObjectTypes=\"Users;Logins;RoleMembership\" /variables:MASTER_KEY=\"$(RGDO_dbPassword)\" /variables:STORAGE_NAME=\"$(RGDO_dataLakeName)\" /variables:SAS_KEY=\"$(ADF-DataLake-Key)\"","SqlAdditionalArguments":"","InlineAdditionalArguments":"","IpDetectionMethod":"AutoDetect","StartIpAddress":"","EndIpAddress":"","DeleteFirewallRule":"true"}},{"environment":{},"taskId":"72a1931b-effb-4d2e-8fd8-f8472a07cb62","version":"5.*","name":"Synapse Suspend","refName":"","enabled":true,"alwaysRun":false,"continueOnError":false,"timeoutInMinutes":0,"retryCountOnTaskFailure":0,"definitionType":"task","overrideInputs":{},"condition":"ne(variables['RGDO_synapseWorkspaceName'], '')","inputs":{"ConnectedServiceNameARM":"54ea6bb1-eab6-4d20-8774-49ee8f0ffd1f","ScriptType":"InlineScript","ScriptPath":"","Inline":"\"$(Synapse_Status)\"\n\nif (\"$(Synapse_Status)\" -eq \"Paused\")\n{\n  Suspend-AzSynapseSqlPool -WorkspaceName \"$(RGDO_synapseWorkspaceName)\" -Name \"EDW_PRES\"\n}\n","ScriptArguments":"","errorActionPreference":"stop","FailOnStandardError":"false","TargetAzurePs":"LatestVersion","CustomTargetAzurePs":"","pwsh":"false","workingDirectory":""}}]}],"environmentOptions":{"emailNotificationType":"OnlyOnFailure","emailRecipients":"release.environment.owner;release.creator","skipArtifactsDownload":false,"timeoutInMinutes":0,"enableAccessToken":false,"publishDeploymentStatus":true,"badgeEnabled":false,"autoLinkWorkItems":false,"pullRequestDeploymentEnabled":false},"demands":[],"conditions":[],"executionPolicy":{"concurrencyCount":1,"queueDepthCount":0},"schedules":[],"currentRelease":{"id":53,"url":"https://vsrm.dev.azure.com/METCASHDevOps/bc2a69e4-73f8-4fc7-af3a-c740c88f9673/_apis/Release/releases/53","_links":{}},"retentionPolicy":{"daysToKeep":5,"releasesToKeep":3,"retainBuild":true},"processParameters":{},"properties":{"BoardsEnvironmentType":{"$type":"System.String","$value":"unmapped"},"LinkBoardsWorkItems":{"$type":"System.String","$value":"False"}},"preDeploymentGates":{"id":0,"gatesOptions":null,"gates":[]},"postDeploymentGates":{"id":0,"gatesOptions":null,"gates":[]},"environmentTriggers":[],"badgeUrl":"https://vsrm.dev.azure.com/METCASHDevOps/_apis/public/Release/badge/bc2a69e4-73f8-4fc7-af3a-c740c88f9673/7/17"}],"artifacts":[{"sourceId":"bc2a69e4-73f8-4fc7-af3a-c740c88f9673:29","type":"Build","alias":"_Build","definitionReference":{"artifactSourceDefinitionUrl":{"id":"https://dev.azure.com/METCASHDevOps/_permalink/_build/index?collectionId=98368777-3b55-4c7f-8507-cf1074002d10&projectId=bc2a69e4-73f8-4fc7-af3a-c740c88f9673&definitionId=29","name":""},"defaultVersionBranch":{"id":"","name":""},"defaultVersionSpecific":{"id":"","name":""},"defaultVersionTags":{"id":"","name":""},"defaultVersionType":{"id":"latestType","name":"Latest"},"definition":{"id":"29","name":"DataOps-Build"},"definitions":{"id":"","name":""},"IsMultiDefinitionType":{"id":"False","name":"False"},"project":{"id":"bc2a69e4-73f8-4fc7-af3a-c740c88f9673","name":"MDATA"},"repository":{"id":"","name":""}},"isPrimary":true,"isRetained":false}],"triggers":[{"artifactAlias":"_Build","triggerConditions":[{"sourceBranch":"master","tags":[],"tagFilter":null,"useBuildDefinitionBranch":false,"createReleaseOnBuildTagging":false}],"triggerType":1}],"releaseNameFormat":"Release-$(rev:r)","tags":[],"properties":{"DefinitionCreationSource":{"$type":"System.String","$value":"ReleaseClone"},"IntegrateBoardsWorkItems":{"$type":"System.String","$value":"False"},"IntegrateJiraWorkItems":{"$type":"System.String","$value":"false"}},"id":7,"name":"Release-CD","path":"\\","projectReference":null,"url":"https://vsrm.dev.azure.com/METCASHDevOps/bc2a69e4-73f8-4fc7-af3a-c740c88f9673/_apis/Release/definitions/7","_links":{"self":{"href":"https://vsrm.dev.azure.com/METCASHDevOps/bc2a69e4-73f8-4fc7-af3a-c740c88f9673/_apis/Release/definitions/7"},"web":{"href":"https://dev.azure.com/METCASHDevOps/bc2a69e4-73f8-4fc7-af3a-c740c88f9673/_release?definitionId=7"}}}