{
	"name": "ConfigurationEntity",
	"properties": {
		"content": {
			"query": "\n\nCREATE TABLE [ingestion].[ConfigurationEntity]\n(\n\t[Id] [int] NULL,\n\t[CreationTime] [datetime2](7) NULL,\n\t[IsActive] [bit] NULL,\n\t[TriggerName] [varchar](50) NULL,\n\t[EntityName] [varchar](50) NOT NULL,\n\t[SourceType] [varchar](50) NULL,\n\t[RootFlag] [bit] NULL,\n\t[RootLocation] [varchar](8000) NULL,\n\t[RootManifestFillePath] [varchar](8000) NULL,\n\t[ChangefeedLocation] [varchar](8000) NULL,\n\t[ChangefeedManifestFilePath] [varchar](8000) NULL,\n\t[ChangefeedLastModifiedTime] [datetime2](7) NULL,\n\t[PrimaryKeyList] [varchar](8000) NULL,\n\t[SourceLakeDatabase] [varchar](100) NULL,\n\t[SourceLakeSchema] [varchar](50) NULL,\n\t[SourceLakeTable] [varchar](50) NULL,\n\t[TargetStagingSchema] [varchar](50) NULL,\n\t[TargetStagingTable] [varchar](50) NULL,\n\t[EDLSchema] [varchar](50) NULL,\n\t[EDLTable] [varchar](100) NULL,\n\t[EDLQualificationField] [varchar](8000) NULL,\n\t[DefaultLoadType] [varchar](50) NULL,\n\t[StringSeparator] [varchar](5) NULL,\n\t[Tolerance] [float] NULL,\n\t[LogRetentionInDays] [int] NULL,\n\t[ContainerName] [varchar](100) NULL,\n\t[SCD_Type] [int] NULL,\n\t[MoveToProcessing] [bit] NULL,\n\t[MoveToArchive] [bit] NULL,\n\t[SourceDirectory] [varchar](500) NULL,\n\t[ProcessingDirectory] [varchar](500) NULL,\n\t[ArchiveDirectory] [varchar](500) NULL,\n\t[KV_StorageAccountURL] [varchar](500) NULL,\n\t[KV_StorageAccountSecretKey] [varchar](500) NULL,\n\t[KV_Use_ChangeFeed_ParentFolder] [bit] NULL,\n\t[KV_ChangeFeed_ParentFolder] [varchar](100) NULL,\n\t[KV_Use_RootLocation_ParentFolder] [bit] NULL,\n\t[KV_RootLocation_ParentFolder] [varchar](100) NULL\n)\nWITH\n(\n\tDISTRIBUTION = ROUND_ROBIN,\n\tCLUSTERED COLUMNSTORE INDEX\n)\nGO\n\nGO\nCREATE NONCLUSTERED INDEX [IX_ConfiguraitonEntity_EntityName_IsActive]\n    ON [ingestion].[ConfigurationEntity]([EntityName] ASC, [IsActive] ASC);\n\n",
			"metadata": {
				"language": "sql"
			},
			"currentConnection": {
				"databaseName": "mprice_sql01",
				"poolName": "mprice_sql01"
			},
			"resultLimit": 5000
		},
		"type": "SqlQuery"
	}
}