{
	"name": "RC_COMPLEXICA_V1",
	"properties": {
		"content": {
			"query": "/*\nselect * from EXT.C26ER1; --Autoload Profiles\nselect * from EXT.E23R1;--Prom Plan\nselect * from EXT.E23R1_PN; --Prom Number\nselect * from EXT.ERPU_BASE_INPUT; -- Base ERPU DAT File\nselect *from EXT.C26ER1_GA;  -- Group Attachment\nselect * from EXT.E25R1_SC; --Style Codes\n*/\n\nWITH ERPU_DAT AS (\n    SELECT \n        Source,\n        Profile,\n        Years,\n        Prom_No,\n        Add_Chg,\n        Del, \n            CASE \n            WHEN [Add_Chg] = 'A' AND Del IS NULL\n            THEN 'CREATE' \n            WHEN [Add_Chg] = 'C' AND Del  IS NULL\n            THEN 'UPDATE' \n            WHEN [Add_Chg] = 'C' AND Del = 'Y' \n            THEN 'DELETE' \n            ELSE 'UNKNOWN' \n            END AS action_type,\n            T_Show,\n            I_S,\n            Item_SubReg,\n          CAST(Deal1 AS FLOAT) AS Deal1,\n        Allw1,\n        CAST(Deal2 AS FLOAT) AS Deal2,\n        Allw2,\n        CAST(Deal3 AS FLOAT) AS Deal3,\n        Allw3,\n        CAST(Deal4 AS FLOAT) AS Deal4,\n        Allw4,\n        CAST(Deal5 AS FLOAT) AS Deal5,\n        Allw5,\n        CAST(Deal6 AS FLOAT) AS Deal6,\n        Allw6, \n            PSRP1,\n            PSRP2,\n            PSRP3,\n            PSRP4,\n            PSRP5,\n            Pr_Type,\n            MedPlc,\n            Promo_Message,\n            Estimate,\n            Vend_Bf,\n            Vend_Af\n    FROM \n        EXT.ERPU_BASE_INPUT\n    --WHERE Profile='303'\n    \n),\nAUTLOAD_PROFILES AS (\n    SELECT\n    Source,\n    Profile,\n    To_Target,\n    RIGHT(To_Target, 3) AS Site,\n    CDB_Prom_Cost,\n    Master_Group,\n    PSRP_Only,\n    Deduct,\n    Deal_Type,\n    Prom_Type,\n    Media_Plc,\n    Bonus,\n    QDA\n    FROM    \n        EXT.C26ER1\n    /*where \n        Source='ALM/QLD/ALM'\n    and Profile ='303'     */\n),\nGROUP_ATTACHMENT AS (\nSELECT\n    Source,\n    Profile,\n    To_Target,\n    Master_Group,\n    --Group_MCC,\n    STRING_AGG(Group_MCC, ',') AS Group_MCC_Conc\n    FROM\n        EXT.C26ER1_GA\n    GROUP BY    \n    Source,\n    Profile,\n    To_Target,\n    Master_Group\n    \n),\nPROMOTION_PLAN AS (\n    SELECT \n        Prom_plan,\n        Description,\n        Years,\n        States,\n        Attachment\n    FROM EXT.E23R1\n),\nPROM_NUMBER AS (\n    SELECT\n    Prom_Plan,\n    Prom_Number,\n    Style,\n    Start_date,\n    Start_date2\n    --,CAST(Start_date2 as INT) as ddd  \n    ,CONVERT(date,Start_date2, 103) as Start_date2_converted\n    FROM\n        EXT.E23R1_PN\n),\nSTYLE_CODE AS (\n    SELECT\n            Style_code,\n            Description,\n            In_Store_Duration,\n            CAST(In_Store_Duration as INT) as Duration_In_store,\n            In_Store_Duration_Type                      \nFROM\nEXT.E25R1_SC\n),\n\nFINAL_DATA AS (\n    SELECT\n        ERP.Source,\n        ERP.Profile,\n        ERP.Years,\n        ERP.Prom_No,\n        ERP.Add_Chg,\n        ERP.Del, \n        ERP.action_type,\n        ERP.T_Show,\n            ERP.I_S,\n            ERP.Item_SubReg,\n            COALESCE(Deal1, 0.00) AS Deal1,\n            ERP.Allw1,\n            COALESCE(Deal2, 0.00) AS Deal2,\n            ERP.Allw2,\n            COALESCE(Deal3, 0.00) AS Deal3,\n            ERP.Allw3,\n            COALESCE(Deal4, 0.00) AS Deal4,\n            ERP.Allw4,\n            COALESCE(Deal5, 0.00) AS Deal5,\n            ERP.Allw5,\n            COALESCE(Deal6, 0.00) AS Deal6,\n            ERP.Allw6, \n            ERP.PSRP1,\n            ERP.PSRP2,\n            ERP.PSRP3,\n            ERP.PSRP4,\n            ERP.PSRP5,\n            ERP.Pr_Type,\n            ERP.MedPlc,\n            ERP.Promo_Message,\n            ERP.Estimate,\n            ERP.Vend_Bf,\n            ERP.Vend_Af,\n            AUTOP.Site,\n            AUTOP.Master_Group,\n            AUTOP.CDB_Prom_Cost,\n            AUTOP.PSRP_Only,\n            AUTOP.Deduct,\n            AUTOP.Deal_Type,\n            AUTOP.Prom_Type,\n            AUTOP.Media_Plc,\n            AUTOP.Bonus,\n            AUTOP.QDA,\n            GA.Group_MCC_Conc,\n           PROMP.Attachment,\n            PROMP.Prom_plan,\n            PROMP.Years as Prom_Years,\n            PROMN.Prom_plan as PROMNPLan,\n            PROMN.Prom_number,\n            PROMN.Style,\n           PROMN.Start_date2\n           ,STY.In_store_duration_type\n           ,STY.Duration_In_store\n                    , CASE \n  WHEN trim(STY.In_store_duration_type) = 'W' \n        THEN DATEADD(DAY,7, PROMN.Start_date2_converted) \n  WHEN trim(STY.In_store_duration_type) = 'D' \n        THEN DATEADD(DAY, 1, PROMN.Start_date2_converted ) \n        else null\nEND AS in_store_end_date\n\n    FROM \n        ERPU_DAT ERP\n    LEFT JOIN \n        AUTLOAD_PROFILES AUTOP\n                ON ERP.Source=AUTOP.Source \n                AND ERP.Profile=AUTOP.Profile\n   LEFT JOIN \n        GROUP_ATTACHMENT GA\n                ON ERP.Source=GA.Source \n                AND ERP.Profile=GA.Profile \n                AND AUTOP.To_Target=GA.To_Target \n   LEFT JOIN \n        PROMOTION_PLAN PROMP\n                ON trim(ERP.Years)=trim(PROMP.Years) -- No data fro A3001 in 2021 so changed to 2023\n                AND  LEFT(Group_MCC_Conc, CHARINDEX(',', Group_MCC_Conc) - 1) =trim(PROMP.Attachment) -- Use first obtained attachmenta as join conditiopn\n                --AND trim(PROMP.Attachment) LIKE '%'+ GA.Group_MCC_Conc + '%'\n                --AND trim(PROMP.Attachment) LIKE '%'+ Group_MCC + '%'\n    LEFT JOIN \n        PROM_NUMBER PROMN\n                --ON ERP.Prom_No=PROMN.Prom_Number\n                ON PROMP.Prom_plan=PROMN.Prom_Plan\n    LEFT JOIN \n        STYLE_CODE STY\n                ON PROMN.Style=STY.Style_code \n\n)\n\n       select distinct *\n        from final_data\n        WHERE  1=1\n        and Source='ALM/QLD/ALM'\n        and Profile ='303'\n        and Site='023'\n        and I_S='I'\n         ;\n\n\n\n\n",
			"metadata": {
				"language": "sql"
			},
			"currentConnection": {
				"databaseName": "mprice_sql01",
				"poolName": "mprice_sql01"
			},
			"resultLimit": 5000
		},
		"type": "SqlQuery"
	}
}