{
	"name": "RC_METPROMS_REX_V1",
	"properties": {
		"content": {
			"query": "WITH met_proms AS (\n      SELECT \n    distinct\n        'MET_PROMS' as Source_ID,\n        'FOOD' as Legal_Entity,\n        Change_Type\t,\n        Years,\n        Week_Number,\n        Group_Code,\n       -- Start_Date,\n        --End_Date,\n        CONVERT(DATE, Start_Date, 103) AS IN_STORE_START_DATE,\n        CONVERT(DATE, End_Date, 103) AS IN_STORE_END_DATE,\n        Duration,\n        Item_ID,\n        Item_Type_Code,\n        Buying_Period_Before,\n        Buying_Period_After,\n        Deal_Total,\n        Deal_Breakdown1,\n        Deal_Type1,\n        Deal_Breakdown2,\n        Deal_Type2,\n        Deal_Breakdown3,\n        Deal_Type3,\n        Deal_Breakdown4,\n        Deal_Type4,\n        Promotional_Price_1, -- PSRP\n        --Deal_Type,\n\n/* Adding few columns not in FSD but required for Unified Format **/\n\n        'Y' as Bonus,\n        'Y' as QDA,\n        'N' as Prom_Cost_Flag,\n        --'Y' as Deal_Reflect_Flag,\n\n                Case when Promotional_Price_1 ='0.00'\n                then 'Y'\n                 else 'N'\n                 END as Deal_Reflect_Flag,\n/* end */\n\n\n         CASE \n            WHEN Deal_Type= '20' \n                THEN 'Promotion'\n            WHEN Deal_Type= '90' \n                THEN 'Promotion'\n            WHEN Deal_Type= '91' \n                THEN 'ExclusiveEventPromotion'\n            WHEN Deal_Type= '92' \n                THEN 'UniversalEventPromotion'\n            else \n                null\n            END AS Deal_Type,\n        Promotion_Type_Code,\n        Media_Placement_Code,\n        Promotion_Message,\t\n        Scan1,\n        Scan_Type_1,\n        Scan2,\n        Scan_Type_2,\n        Scan3,\n        Scan_Type_3\n    FROM EXT.METPROMS_BZCREXPROM\n)\nselect top 1000 * FROM met_proms;",
			"metadata": {
				"language": "sql"
			},
			"currentConnection": {
				"databaseName": "mprice_sql01",
				"poolName": "mprice_sql01"
			},
			"resultLimit": 5000
		},
		"type": "SqlQuery"
	}
}