{
	"name": "RC_PROMIS_FOODWORKS_V2",
	"properties": {
		"content": {
			"query": "WITH\nHEADER_DATA AS ( /* How to obtain HEADER values - Load data in single table with DETAILS structure and use CTE to rename the columns appropriately for HDR */\nSELECT\n    RECORD_TYPE             AS RECORD_TYPE,\n    ITEM_ATTACH_CODE        AS PROM_GROUP_NUMBER,\n    SUBRANGE_ITEM_NUMBER    AS STATE_CODE,\n    IN_STORE_START_DATE     AS SOURCE_COMPANY,\n    IN_STORE_END_DATE       AS SOURCE_DIVISION,\n    CUSTOMER_BUY_START_DATE AS SOURCE_STATE,\n    CUSTOMER_BUY_END_DATE   AS SOURCE_METCASH_DIVISION,\n    PROM_COST               AS EMAIL_ADDRESS,\n    DEAL_VALUE              AS USER_GROUP\n    FROM STG_MPRICE.PROMIS\n    WHERE RECORD_TYPE = 'HDR'\n),\n  HEADER_RECORD AS ( \n  SELECT \n    RECORD_TYPE,\n    PROM_GROUP_NUMBER,\n    CASE STATE_CODE\n    WHEN '1' THEN 'NSW'\n    WHEN '2' THEN 'VIC'\n    WHEN '3' THEN 'QLD'\n    WHEN '4' THEN 'WA'\n    WHEN '5' THEN 'SA'\n    ELSE NULL\nEND AS STATE_CODE,\n    SOURCE_COMPANY,\n    SOURCE_DIVISION,\n    SOURCE_STATE,\n    SOURCE_METCASH_DIVISION,\n    EMAIL_ADDRESS,\n    USER_GROUP,\n    CONCAT(SOURCE_DIVISION,'/',SOURCE_STATE,'/',SOURCE_METCASH_DIVISION) AS REQ_VALUE\nFROM HEADER_DATA\n),\n DETAIL_RECORD AS (\n SELECT \n    RECORD_TYPE,\n\tITEM_ATTACH_CODE,\n\tSUBRANGE_ITEM_NUMBER,\n\tIN_STORE_START_DATE,\n\tIN_STORE_END_DATE,\n\tCUSTOMER_BUY_START_DATE,\n\tCUSTOMER_BUY_END_DATE,\n\tPROM_COST,\n\tDEAL_VALUE,\n\tDEAL_COMPONENT1,\n\tDEAL_ALLOWANCE_TYPE1,\n\tDEAL_COMPONENT2,\n\tDEAL_ALLOWANCE_TYPE2,\n\tDEAL_COMPONENT3,\n\tDEAL_ALLOWANCE_TYPE3,\n\tDEAL_COMPONENT4,\n\tDEAL_ALLOWANCE_TYPE4,\n\tDEAL_COMPONENT5,\n\tDEAL_ALLOWANCE_TYPE5,\n\tPROM_SELL,\n\tPROM_SELL_2,\n\tPROM_SELL_3,\n\tPROM_SELL_4,\n\tPROM_SELL_5,\n\tPROMOTION_TYPE,\n\tMEDIA_PLACEMENT,\n\tCOMMENT,\n\tCLAIM_ON_PURCHASES_SALES,\n\tPACK_SIZE,\n\tDataLakeModified_DateTime,\n\tDML_Action,\n\tRECID\n    FROM STG_MPRICE.PROMIS\n    WHERE RECORD_TYPE = 'DET'\n  ),\n  group_attachment AS (\n    SELECT\n        Source as ga_Source,\n        Profile as ga_Profile,\n        To_Target as ga_To_Target,\n        Master_Group as ga_Master_group,\n        STRING_AGG(Group_MCC, ',') AS Group_MCC_Conc\n    FROM EXT.C26ER1_PROMIS_GA\n    GROUP BY Source, Profile, To_Target, Master_Group\n),\nFINAL_DATA AS (\n\t  SELECT DISTINCT \n\n     /* APR Portion */   \n            P.To_Target,\n            P.Master_Group,\n            GA.Group_MCC_Conc,\n            'CREATE'        AS Mode,\n            P.Bonus,\n            P.QDA,\n            P.CDB_Prom_Cost  AS Prom_Cost,\n            P.PSRP_Only,\n            P.Deduct         AS Deal_reflect,\n            --P.Deal_Type,                              /* Check if Case condition required */\n            CASE\n             WHEN P.Deal_Type= '20' \n                THEN 'Promotion'\n            WHEN P.Deal_Type= '90' \n                THEN 'Promotion'\n            WHEN P.Deal_Type= '91' \n                THEN 'ExclusiveEventPromotion'\n            WHEN P.Deal_Type= '92' \n                THEN 'UniversalEventPromotion'\n            else \n                null\n            END AS Deal_Type,\n            P.Prom_Type       AS Default_Prom_Type,\n            P.Media_Plc       AS Default_Media_Placement,\n      \n    /* Detail Records*/\n\n     ITEM_ATTACH_CODE,\n        SUBRANGE_ITEM_NUMBER,\n        --IN_STORE_START_DATE,\n        CONVERT(DATE, STUFF(STUFF(IN_STORE_START_DATE, 5, 0, '/'), 3, 0, '/'), 103) IN_STORE_START_DATE,\n        CONVERT(DATE, STUFF(STUFF(IN_STORE_END_DATE, 5, 0, '/'), 3, 0, '/'), 103) IN_STORE_END_DATE ,\n        CONVERT(DATE, STUFF(STUFF(CUSTOMER_BUY_START_DATE, 5, 0, '/'), 3, 0, '/'), 103) CUSTOMER_BUY_START_DATE ,\n        CONVERT(DATE, STUFF(STUFF(CUSTOMER_BUY_END_DATE, 5, 0, '/'), 3, 0, '/'), 103) CUSTOMER_BUY_END_DATE , \n        PROM_COST as PROM_COST2,\n        DEAL_VALUE,\n        DEAL_COMPONENT1,\n        DEAL_ALLOWANCE_TYPE1,\n        DEAL_COMPONENT2,\n        DEAL_ALLOWANCE_TYPE2,\n        DEAL_COMPONENT3,\n        DEAL_ALLOWANCE_TYPE3,\n        DEAL_COMPONENT4,\n        DEAL_ALLOWANCE_TYPE4,\n        DEAL_COMPONENT5,\n        DEAL_ALLOWANCE_TYPE5,\n        PROM_SELL,\n        PROM_SELL_2,\n        PROM_SELL_3,\n        PROM_SELL_4,\n        PROM_SELL_5,\n        PROMOTION_TYPE,\n        MEDIA_PLACEMENT,\n        COMMENT   \n\n     FROM EXT.C26ER1_PROMIS P\n\n    INNER JOIN HEADER_RECORD HR \n        on P.Profile=HR.PROM_GROUP_NUMBER\n        and P.Source=HR.REQ_VALUE \n\n     INNER JOIN \n        GROUP_ATTACHMENT GA\n                ON P.Source=GA.ga_Source \n                AND P.Profile=GA.ga_Profile \n                AND P.Master_Group=GA.ga_Master_group    \n\n                LEFT JOIN    \n                    DETAIL_RECORD DR on 1=1\n\n        )\n\n        select * from FINAL_DATA;",
			"metadata": {
				"language": "sql"
			},
			"currentConnection": {
				"databaseName": "mprice_sql01",
				"poolName": "mprice_sql01"
			},
			"resultLimit": 5000
		},
		"type": "SqlQuery"
	}
}