{
	"name": "RC_PROMIS_FOODWORKS",
	"properties": {
		"content": {
			"query": "WITH\n  HEADER_RECORD AS ( /* How to obtain HEADER values*/\n      select\n      'HDR'              AS RECORD_TYPE,\n      '801'              AS PROM_GROUP_NUMBER ,\n      '1'                AS STATE_CODE,      /*(1-NSW, 2-VIC, 3-QLD, 4-WA and 5-SA)*/\n      'MTT'              AS SOURCE_COMPANY,\n      'IGA'              AS SOURCE_DIVISION,\n      'NSW'              AS SOURCE_STATE,\n      'IGA'              AS SOURCE_METCASH_DIVISION,\n      'metcash@foodworks.com' AS EMAIL_ADDRESS,\n      'ABC'              AS USER_GROUP,\n      --CONCAT(SOURCE_DIVISION,'/',SOURCE_STATE,'/',SOURCE_METCASH_DIVISION) AS REQ_VALUE,\n      CONCAT('IGA','/','NSW','/','IGA') AS REQ_VALUE\n  ),\n  group_attachment AS (\n    SELECT\n        Source as ga_Source,\n        Profile as ga_Profile,\n        To_Target as ga_To_Target,\n        Master_Group as ga_Master_group,\n        STRING_AGG(Group_MCC, ',') AS Group_MCC_Conc\n    FROM EXT.C26ER1_PROMIS_GA\n    GROUP BY Source, Profile, To_Target, Master_Group\n),\nDETAIL_RECORD AS (\n\t  SELECT DISTINCT \n            To_Target,\n            Master_Group,\n            'CREATE'        AS Mode,\n            Bonus,\n            QDA,\n            CDB_Prom_Cost  AS Prom_Cost,\n            PSRP_Only,\n            Deduct         AS Deal_reflect,\n            Deal_Type,\n            Prom_Type       AS Default_Prom_Type,\n            Media_Plc       AS Default_Media_Placement,\n\n            'DET'           AS RECORD_TYPE,\n            'I'             AS ITEM_ATTACH_CODE,\n            '123'           AS SUBRANGE_ITEM_NUMBER,\n            \n\n    FROM EXT.C26ER1_PROMIS AS P\n\n    INNER JOIN HEADER_RECORD HR \n        on P.Profile=HR.PROM_GROUP_NUMBER\n        and P.Source=HR.REQ_VALUE \n\n     INNER JOIN \n        GROUP_ATTACHMENT GA\n                ON P.Source=GA.ga_Source \n                AND P.Profile=GA.ga_Profile \n                AND P.Master_Group=GA.ga_Master_group     \n        )\n\n        select * from DETAIL_RECORD;",
			"metadata": {
				"language": "sql"
			},
			"currentConnection": {
				"databaseName": "mprice_sql01",
				"poolName": "mprice_sql01"
			},
			"resultLimit": 5000
		},
		"type": "SqlQuery"
	}
}