{
	"name": "RC_UNIFIED_FORMAT2",
	"properties": {
		"content": {
			"query": " select \n        Source_ID,\n        Legal_Entity,\n        Customer_Attachment,\n        mode as Change_Type,\n        Bonus,\n        QDA,\n        Prom_Cost_Flag,\n        Deal_Reflect,     \n        Def_Deal_Type,\n        Def_Prom_Type,\n        Def_Media_Type,\n        I_S as Item_Attach_Code,\n        Item_SubReg,\n        In_store_Start_date,\n        In_store_end_date,\n        GETDATE() as CUSTOMER_BUY_START_DATE,\n        GETDATE () as CUSTOMER_BUY_END_DATE,\n        null as PROM_COST2,\n        null as DEAL_VALUE,\n\n        CAST(Deal1 as float) as Deal1,\n        Allw1,\n        CAST(Deal2 as float) as Deal2,\n        Allw2,\n        CAST(Deal3 as float) as Deal3,\n        Allw3,\n        CAST(Deal4 as float) as Deal4,\n        Allw4,\n        CAST(Deal5 as float) as Deal5,\n        Allw5,\n        CAST(Deal6 as float) as Deal6,\n        Allw6,\n\n        CAST(PSRP1 as float) as PSRP1, \n        CAST(PSRP2 as float) as PSRP2,\n        CAST(PSRP3 as float) as PSRP3,\n        CAST(PSRP4 as float) as PSRP4,\n        CAST(PSRP5 as float) as PSRP5\n\n        from \n        EXT.V_COMPLEXICA_PCM\n\n        union all \n\n     SELECT  \n      'PROMIS' as Source_ID,\n        'FOOD' as Legal_Entity,\n           -- To_Target,\n            Master_Group,\n            Mode,\n            Bonus,\n            QDA,\n            Prom_Cost,\n            Deal_reflect,\n            Deal_Type,                              /* Check if Case condition required */\n            Default_Prom_Type,\n            Default_Media_Placement,\n\n     ITEM_ATTACH_CODE,\n        SUBRANGE_ITEM_NUMBER,\n       IN_STORE_START_DATE,\n        IN_STORE_END_DATE,\n        CUSTOMER_BUY_START_DATE,\n        CUSTOMER_BUY_END_DATE,\n\n        CAST(PROM_COST as FLOAT) as PROM_COST2,\n        CAST(DEAL_VALUE as FLOAT) as DEAL_VALUE,\n\n        DEAL_COMPONENT1,\n        DEAL_ALLOWANCE_TYPE1,\n        DEAL_COMPONENT2,\n        DEAL_ALLOWANCE_TYPE2,\n        DEAL_COMPONENT3,\n        DEAL_ALLOWANCE_TYPE3,\n        DEAL_COMPONENT4,\n        DEAL_ALLOWANCE_TYPE4,\n        DEAL_COMPONENT5,\n        DEAL_ALLOWANCE_TYPE5,\n        0.00 as Deal6,\n        null as Allw6,\n\n         PROM_SELL,\n        PROM_SELL_2,\n        PROM_SELL_3,\n        PROM_SELL_4,\n        PROM_SELL_5\n        \n        from \n        EXT.V_PROMIS_FOODWORKS\n\nunion all \n\nSELECT \n        Source_ID,\n        Legal_Entity,\n        Group_Code as Customer_Attachment,\n        Change_Type\t,\n        Bonus,\n        QDA,\n        Prom_Cost_Flag,\n        Deal_reflect_Flag,\n        Deal_Type,\n        Promotion_Type_Code,\n        Media_Placement_Code,\n        Item_Type_Code as ITEM_ATTACH_CODE,\n        Item_ID,\n    IN_STORE_START_DATE,\n IN_STORE_END_DATE,\n        GETDATE() AS CUSTOMER_BUY_START_DATE,\n        GETDATE() AS CUSTOMER_BUY_END_DATE,\n        0 as PROM_COST2,\n        Deal_Total AS DEAL_VALUE,\n\n         Deal_Breakdown1 as Deal1,\n        Deal_Type1 as Allw1,\n        Deal_Breakdown2,\n        Deal_Type2,\n        Deal_Breakdown3,\n        Deal_Type3,\n        Deal_Breakdown4,\n        Deal_Type4,\n\n        0.00 as  Deal5,\n        null as  Allw5,\n        0.00 as  Deal6,\n        null as  Allw6,\n\n        0.00 as  PSRP1,\n        0.00 as  PSRP2,\n        0.00 as  PSRP3,\n        0.00 as  PSRP4,\n        0.00 as  PSRP5\n        \n    FROM EXT.V_MET_PROMS",
			"metadata": {
				"language": "sql"
			},
			"currentConnection": {
				"databaseName": "mprice_sql01",
				"poolName": "mprice_sql01"
			},
			"resultLimit": 5000
		},
		"type": "SqlQuery"
	}
}