{
	"name": "p_ingest_entity_parallel_stg_to_edl",
	"properties": {
		"activities": [
			{
				"name": "CreateETLLog",
				"type": "Lookup",
				"dependsOn": [],
				"policy": {
					"timeout": "7.00:00:00",
					"retry": 0,
					"retryIntervalInSeconds": 30,
					"secureOutput": false,
					"secureInput": false
				},
				"userProperties": [],
				"typeProperties": {
					"source": {
						"type": "SqlDWSource",
						"sqlReaderStoredProcedureName": "[ingestion].[usp_InsertLogEntity]",
						"storedProcedureParameters": {
							"ComputeType": {
								"type": "String",
								"value": "General purpose"
							},
							"CoreCount": {
								"type": "Int32",
								"value": "4"
							},
							"EndTime": {
								"type": "DateTime",
								"value": null
							},
							"Entity": {
								"type": "String",
								"value": {
									"value": "@pipeline().parameters.Param_Entity",
									"type": "Expression"
								}
							},
							"ErrorMessage": {
								"type": "String",
								"value": null
							},
							"MasterRunID": {
								"type": "String",
								"value": {
									"value": "@pipeline().parameters.Param_Master_Run_ID",
									"type": "Expression"
								}
							},
							"Parameters": {
								"type": "String",
								"value": {
									"value": "@concat(\n    'staging_schema = ''', pipeline().parameters.staging_schema\n    , ''', edl_schema = ''', pipeline().parameters.edl_schema\n    , ''', staging_table_name = ''', pipeline().parameters.staging_table_name\n    , ''', edl_table_name = ''', pipeline().parameters.edl_table_name\n    , ''', insert_run_id = ''', pipeline().RunId\n    , ''', current_timestamp = ''', utcnow()\n    , ''', exp_batch_datetime = ''', pipeline().TriggerTime\n    , ''', batch_run_datetime = ''', pipeline().TriggerTime\n    , ''', source_system_valid_from_datetime = ''', pipeline().parameters.source_system_valid_from\n    , ''', full_reload_required_flag = ''', string(pipeline().parameters.full_reload_required_flag)\n)",
									"type": "Expression"
								}
							},
							"PipelineRunID": {
								"type": "String",
								"value": {
									"value": "@pipeline().RunId",
									"type": "Expression"
								}
							},
							"RowsEffected": {
								"type": "Int32",
								"value": null
							},
							"SQLEDLBuildScript": {
								"type": "String",
								"value": {
									"value": "@if(equals(pipeline().parameters.scd_type, '2'), 'usp_generic_scd', 'usp_generic_scd_type1')",
									"type": "Expression"
								}
							},
							"SQLValidationScript": {
								"type": "String",
								"value": null
							},
							"StartTime": {
								"type": "DateTime",
								"value": {
									"value": "@convertFromUtc(utcNow(),'AUS Eastern Standard Time')",
									"type": "Expression"
								}
							},
							"Status": {
								"type": "String",
								"value": "Started"
							},
							"TriggerName": {
								"type": "String",
								"value": {
									"value": "@pipeline().parameters.Param_Trigger_Name",
									"type": "Expression"
								}
							},
							"SchemaName": {
								"type": "String",
								"value": {
									"value": "@pipeline().parameters.staging_schema",
									"type": "Expression"
								}
							},
							"FileName": {
								"type": "String",
								"value": "NA"
							}
						},
						"queryTimeout": "02:00:00",
						"partitionOption": "None"
					},
					"dataset": {
						"referenceName": "ds_d365_Log",
						"type": "DatasetReference"
					}
				}
			},
			{
				"name": "If SCD is type 2",
				"description": "SCD can be type 2 or type 1",
				"type": "IfCondition",
				"dependsOn": [
					{
						"activity": "CreateETLLog",
						"dependencyConditions": [
							"Succeeded"
						]
					}
				],
				"userProperties": [],
				"typeProperties": {
					"expression": {
						"value": "@equals(pipeline().parameters.scd_type, '2')",
						"type": "Expression"
					},
					"ifFalseActivities": [
						{
							"name": "UpdateETLLog_Root_SCD1",
							"type": "SqlServerStoredProcedure",
							"dependsOn": [
								{
									"activity": "sp_generic_scd_type1",
									"dependencyConditions": [
										"Succeeded"
									]
								}
							],
							"policy": {
								"timeout": "7.00:00:00",
								"retry": 0,
								"retryIntervalInSeconds": 30,
								"secureOutput": false,
								"secureInput": false
							},
							"userProperties": [],
							"typeProperties": {
								"storedProcedureName": "[ingestion].[usp_UpdateLogEntity]",
								"storedProcedureParameters": {
									"EndTime": {
										"value": {
											"value": "@convertFromUtc(utcNow(),'AUS Eastern Standard Time')",
											"type": "Expression"
										},
										"type": "DateTime"
									},
									"ErrorMessage": {
										"value": null,
										"type": "String"
									},
									"MasterRunID": {
										"value": {
											"value": "@pipeline().parameters.Param_Master_Run_ID",
											"type": "Expression"
										},
										"type": "String"
									},
									"PipelineRunID": {
										"value": {
											"value": "@pipeline().RunId",
											"type": "Expression"
										},
										"type": "String"
									},
									"RowsEffected": {
										"value": {
											"value": "@activity('sp_generic_scd_type1').output.firstRow.rowsEffected",
											"type": "Expression"
										},
										"type": "Int32"
									},
									"Status": {
										"value": "Completed",
										"type": "String"
									},
									"Filestatus": {
										"value": null,
										"type": "String"
									}
								}
							},
							"linkedServiceName": {
								"referenceName": "ls_azure_synapse_analytics",
								"type": "LinkedServiceReference"
							}
						},
						{
							"name": "UpdateETLLog_OnError_Root_SCD1",
							"type": "SqlServerStoredProcedure",
							"dependsOn": [
								{
									"activity": "sp_generic_scd_type1",
									"dependencyConditions": [
										"Failed"
									]
								}
							],
							"policy": {
								"timeout": "7.00:00:00",
								"retry": 0,
								"retryIntervalInSeconds": 30,
								"secureOutput": false,
								"secureInput": false
							},
							"userProperties": [],
							"typeProperties": {
								"storedProcedureName": "[ingestion].[usp_UpdateLogEntity]",
								"storedProcedureParameters": {
									"EndTime": {
										"value": {
											"value": "@convertFromUtc(utcNow(),'AUS Eastern Standard Time')",
											"type": "Expression"
										},
										"type": "DateTime"
									},
									"ErrorMessage": {
										"value": {
											"value": "@activity('sp_generic_scd_type1').error.message",
											"type": "Expression"
										},
										"type": "String"
									},
									"Filestatus": {
										"value": null,
										"type": "String"
									},
									"MasterRunID": {
										"value": {
											"value": "@pipeline().parameters.Param_Master_Run_ID",
											"type": "Expression"
										},
										"type": "String"
									},
									"PipelineRunID": {
										"value": {
											"value": "@pipeline().RunId",
											"type": "Expression"
										},
										"type": "String"
									},
									"RowsEffected": {
										"value": null,
										"type": "Int32"
									},
									"Status": {
										"value": "Error",
										"type": "String"
									}
								}
							},
							"linkedServiceName": {
								"referenceName": "ls_azure_synapse_analytics",
								"type": "LinkedServiceReference"
							}
						},
						{
							"name": "sp_generic_scd_type1",
							"type": "Lookup",
							"dependsOn": [],
							"policy": {
								"timeout": "7.00:00:00",
								"retry": 0,
								"retryIntervalInSeconds": 30,
								"secureOutput": false,
								"secureInput": false
							},
							"userProperties": [],
							"typeProperties": {
								"source": {
									"type": "SqlDWSource",
									"sqlReaderStoredProcedureName": "[ingestion].[usp_generic_scd_type1]",
									"storedProcedureParameters": {
										"batch_run_datetime": {
											"type": "String",
											"value": {
												"value": "@convertFromUtc(utcNow(),'AUS Eastern Standard Time')",
												"type": "Expression"
											}
										},
										"edl_schema": {
											"type": "String",
											"value": {
												"value": "@pipeline().parameters.edl_schema",
												"type": "Expression"
											}
										},
										"edl_table_name": {
											"type": "String",
											"value": {
												"value": "@pipeline().parameters.edl_table_name",
												"type": "Expression"
											}
										},
										"full_reload_required_flag": {
											"type": "String",
											"value": {
												"value": "@pipeline().parameters.full_reload_required_flag",
												"type": "Expression"
											}
										},
										"is_root_flag": {
											"type": "Boolean",
											"value": {
												"value": "@pipeline().parameters.is_root_flag",
												"type": "Expression"
											}
										},
										"pipeline_run_id": {
											"type": "String",
											"value": {
												"value": "@pipeline().RunId",
												"type": "Expression"
											}
										},
										"primary_key": {
											"type": "String",
											"value": {
												"value": "@join(pipeline().parameters.primary_key_list, ',')",
												"type": "Expression"
											}
										},
										"source_system_valid_from_datetime": {
											"type": "String",
											"value": {
												"value": "@pipeline().parameters.source_system_valid_from",
												"type": "Expression"
											}
										},
										"staging_schema": {
											"type": "String",
											"value": {
												"value": "@pipeline().parameters.staging_schema",
												"type": "Expression"
											}
										},
										"staging_table_name": {
											"type": "String",
											"value": {
												"value": "@pipeline().parameters.staging_table_name",
												"type": "Expression"
											}
										}
									},
									"queryTimeout": "02:00:00",
									"partitionOption": "None"
								},
								"dataset": {
									"referenceName": "ds_d365_Config",
									"type": "DatasetReference"
								}
							}
						}
					],
					"ifTrueActivities": [
						{
							"name": "sp_generic_scd",
							"type": "Lookup",
							"dependsOn": [],
							"policy": {
								"timeout": "7.00:00:00",
								"retry": 0,
								"retryIntervalInSeconds": 30,
								"secureOutput": false,
								"secureInput": false
							},
							"userProperties": [],
							"typeProperties": {
								"source": {
									"type": "SqlDWSource",
									"sqlReaderStoredProcedureName": "[ingestion].[usp_generic_scd]",
									"storedProcedureParameters": {
										"batch_run_datetime": {
											"type": "String",
											"value": {
												"value": "@convertFromUtc(utcNow(),'AUS Eastern Standard Time')",
												"type": "Expression"
											}
										},
										"edl_schema": {
											"type": "String",
											"value": {
												"value": "@pipeline().parameters.edl_schema",
												"type": "Expression"
											}
										},
										"edl_table_name": {
											"type": "String",
											"value": {
												"value": "@pipeline().parameters.edl_table_name",
												"type": "Expression"
											}
										},
										"full_reload_required_flag": {
											"type": "Boolean",
											"value": {
												"value": "@pipeline().parameters.full_reload_required_flag",
												"type": "Expression"
											}
										},
										"is_root_flag": {
											"type": "Boolean",
											"value": {
												"value": "@pipeline().parameters.is_root_flag",
												"type": "Expression"
											}
										},
										"pipeline_run_id": {
											"type": "String",
											"value": {
												"value": "@pipeline().RunId",
												"type": "Expression"
											}
										},
										"primary_key": {
											"type": "String",
											"value": {
												"value": "@join(pipeline().parameters.primary_key_list, ',')",
												"type": "Expression"
											}
										},
										"source_system_valid_from_datetime": {
											"type": "String",
											"value": {
												"value": "@pipeline().parameters.source_system_valid_from",
												"type": "Expression"
											}
										},
										"staging_schema": {
											"type": "String",
											"value": {
												"value": "@pipeline().parameters.staging_schema",
												"type": "Expression"
											}
										},
										"staging_table_name": {
											"type": "String",
											"value": {
												"value": "@pipeline().parameters.staging_table_name",
												"type": "Expression"
											}
										}
									},
									"queryTimeout": "02:00:00",
									"partitionOption": "None"
								},
								"dataset": {
									"referenceName": "ds_d365_Config",
									"type": "DatasetReference"
								}
							}
						},
						{
							"name": "UpdateETLLog_Root_SCD2",
							"type": "SqlServerStoredProcedure",
							"dependsOn": [
								{
									"activity": "sp_generic_scd",
									"dependencyConditions": [
										"Succeeded"
									]
								}
							],
							"policy": {
								"timeout": "7.00:00:00",
								"retry": 0,
								"retryIntervalInSeconds": 30,
								"secureOutput": false,
								"secureInput": false
							},
							"userProperties": [],
							"typeProperties": {
								"storedProcedureName": "[ingestion].[usp_UpdateLogEntity]",
								"storedProcedureParameters": {
									"EndTime": {
										"value": {
											"value": "@convertFromUtc(utcNow(),'AUS Eastern Standard Time')",
											"type": "Expression"
										},
										"type": "DateTime"
									},
									"ErrorMessage": {
										"value": null,
										"type": "String"
									},
									"MasterRunID": {
										"value": {
											"value": "@pipeline().parameters.Param_Master_Run_ID",
											"type": "Expression"
										},
										"type": "String"
									},
									"PipelineRunID": {
										"value": {
											"value": "@pipeline().RunId",
											"type": "Expression"
										},
										"type": "String"
									},
									"RowsEffected": {
										"value": {
											"value": "@activity('sp_generic_scd').output.firstRow.rowsEffected",
											"type": "Expression"
										},
										"type": "Int32"
									},
									"Status": {
										"value": "Completed",
										"type": "String"
									},
									"Filestatus": {
										"value": "STG_EDL",
										"type": "String"
									}
								}
							},
							"linkedServiceName": {
								"referenceName": "ls_azure_synapse_analytics",
								"type": "LinkedServiceReference"
							}
						},
						{
							"name": "UpdateETLLog_OnError_Root_SCD2",
							"type": "SqlServerStoredProcedure",
							"dependsOn": [
								{
									"activity": "sp_generic_scd",
									"dependencyConditions": [
										"Failed"
									]
								}
							],
							"policy": {
								"timeout": "7.00:00:00",
								"retry": 0,
								"retryIntervalInSeconds": 30,
								"secureOutput": false,
								"secureInput": false
							},
							"userProperties": [],
							"typeProperties": {
								"storedProcedureName": "[ingestion].[usp_UpdateLogEntity]",
								"storedProcedureParameters": {
									"EndTime": {
										"value": {
											"value": "@convertFromUtc(utcNow(),'AUS Eastern Standard Time')",
											"type": "Expression"
										},
										"type": "DateTime"
									},
									"ErrorMessage": {
										"value": {
											"value": "@activity('sp_generic_scd').error.message",
											"type": "Expression"
										},
										"type": "String"
									},
									"Filestatus": {
										"value": "STG_EDL",
										"type": "String"
									},
									"MasterRunID": {
										"value": {
											"value": "@pipeline().parameters.Param_Master_Run_ID",
											"type": "Expression"
										},
										"type": "String"
									},
									"PipelineRunID": {
										"value": {
											"value": "@pipeline().RunId",
											"type": "Expression"
										},
										"type": "String"
									},
									"RowsEffected": {
										"value": null,
										"type": "Int32"
									},
									"Status": {
										"value": "Error",
										"type": "String"
									}
								}
							},
							"linkedServiceName": {
								"referenceName": "ls_azure_synapse_analytics",
								"type": "LinkedServiceReference"
							}
						}
					]
				}
			}
		],
		"parameters": {
			"source_system_valid_from": {
				"type": "string",
				"defaultValue": "DataLakeModified_DateTime"
			},
			"primary_key_list": {
				"type": "array",
				"defaultValue": [
					"RECID"
				]
			},
			"full_reload_required_flag": {
				"type": "bool",
				"defaultValue": false
			},
			"edl_schema": {
				"type": "string",
				"defaultValue": "EDL_d365"
			},
			"edl_table_name": {
				"type": "string",
				"defaultValue": "CustTable"
			},
			"staging_schema": {
				"type": "string",
				"defaultValue": "stg_d365"
			},
			"staging_table_name": {
				"type": "string",
				"defaultValue": "CustTable"
			},
			"Param_Master_Run_ID": {
				"type": "string",
				"defaultValue": "manual_master2"
			},
			"Param_Entity": {
				"type": "string",
				"defaultValue": "CustTable"
			},
			"Param_Trigger_Name": {
				"type": "string"
			},
			"is_root_flag": {
				"type": "bool"
			},
			"scd_type": {
				"type": "string",
				"defaultValue": "2"
			}
		},
		"folder": {
			"name": "INGEST/Ingestion_Entity"
		},
		"annotations": []
	}
}