{
	"name": "p_ingest_PBIRefresh_parallel",
	"properties": {
		"activities": [
			{
				"name": "Set PBI pipeline call body",
				"type": "SetVariable",
				"dependsOn": [
					{
						"activity": "Create PBI log",
						"dependencyConditions": [
							"Succeeded"
						]
					}
				],
				"userProperties": [],
				"typeProperties": {
					"variableName": "sBody",
					"value": {
						"value": "@concat('\n{\"WorkspaceName\": \"' ,pipeline().parameters.workspace_Name, '\",\n\"DatasetName\":\"' ,pipeline().parameters.dataset_Name, '\",\n\"recipient\":\"' ,pipeline().parameters.recipient, '\"\n}','')",
						"type": "Expression"
					}
				}
			},
			{
				"name": "Call PBI refresh",
				"type": "WebActivity",
				"dependsOn": [
					{
						"activity": "Set PBI pipeline call body",
						"dependencyConditions": [
							"Succeeded"
						]
					},
					{
						"activity": "Set PBI refresh pipeline URL",
						"dependencyConditions": [
							"Succeeded"
						]
					}
				],
				"policy": {
					"timeout": "0.12:00:00",
					"retry": 0,
					"retryIntervalInSeconds": 30,
					"secureOutput": false,
					"secureInput": false
				},
				"userProperties": [],
				"typeProperties": {
					"url": {
						"value": "@variables('sURI')",
						"type": "Expression"
					},
					"method": "POST",
					"body": {
						"value": "@variables('sBody')",
						"type": "Expression"
					},
					"authentication": {
						"type": "MSI",
						"resource": "https://management.core.windows.net/"
					}
				}
			},
			{
				"name": "Set PBI refresh pipeline URL",
				"type": "SetVariable",
				"dependsOn": [
					{
						"activity": "Create PBI log",
						"dependencyConditions": [
							"Succeeded"
						]
					}
				],
				"userProperties": [],
				"typeProperties": {
					"variableName": "sURI",
					"value": {
						"value": "X",
						"type": "Expression"
					}
				}
			},
			{
				"name": "Update PBI Log",
				"type": "SqlServerStoredProcedure",
				"dependsOn": [
					{
						"activity": "Call PBI refresh",
						"dependencyConditions": [
							"Succeeded"
						]
					}
				],
				"policy": {
					"timeout": "7.00:00:00",
					"retry": 0,
					"retryIntervalInSeconds": 30,
					"secureOutput": false,
					"secureInput": false
				},
				"userProperties": [],
				"typeProperties": {
					"storedProcedureName": "[ingestion].[usp_UpdatePBIRefreshLog]",
					"storedProcedureParameters": {
						"Error": {
							"value": "",
							"type": "String"
						},
						"MasterRunID": {
							"value": {
								"value": "@pipeline().parameters.master_run_id",
								"type": "Expression"
							},
							"type": "String"
						},
						"PipelineRunID": {
							"value": {
								"value": "@pipeline().RunId",
								"type": "Expression"
							},
							"type": "String"
						}
					}
				},
				"linkedServiceName": {
					"referenceName": "ls_azure_synapse_analytics",
					"type": "LinkedServiceReference"
				}
			},
			{
				"name": "Create PBI log",
				"type": "SqlServerStoredProcedure",
				"dependsOn": [],
				"policy": {
					"timeout": "7.00:00:00",
					"retry": 0,
					"retryIntervalInSeconds": 30,
					"secureOutput": false,
					"secureInput": false
				},
				"userProperties": [],
				"typeProperties": {
					"storedProcedureName": "[ingestion].[usp_InsertPBIRefreshLog]",
					"storedProcedureParameters": {
						"Dataset": {
							"value": {
								"value": "@pipeline().parameters.dataset_name",
								"type": "Expression"
							},
							"type": "String"
						},
						"MasterRunID": {
							"value": {
								"value": "@pipeline().parameters.master_run_id",
								"type": "Expression"
							},
							"type": "String"
						},
						"PipelineRunID": {
							"value": {
								"value": "@pipeline().RunId",
								"type": "Expression"
							},
							"type": "String"
						},
						"TriggerName": {
							"value": {
								"value": "@pipeline().parameters.trigger_name",
								"type": "Expression"
							},
							"type": "String"
						},
						"Workspace": {
							"value": {
								"value": "@pipeline().parameters.workspace_name",
								"type": "Expression"
							},
							"type": "String"
						}
					}
				},
				"linkedServiceName": {
					"referenceName": "ls_azure_synapse_analytics",
					"type": "LinkedServiceReference"
				}
			}
		],
		"parameters": {
			"workspace_name": {
				"type": "string",
				"defaultValue": "EIM"
			},
			"dataset_name": {
				"type": "string",
				"defaultValue": "EIM Service Status"
			},
			"recipient": {
				"type": "string",
				"defaultValue": "ishan.bhalla@metcash.com"
			},
			"master_run_id": {
				"type": "string",
				"defaultValue": "asdassd"
			},
			"trigger_name": {
				"type": "string"
			}
		},
		"variables": {
			"sBody": {
				"type": "String"
			},
			"sURI": {
				"type": "String"
			}
		},
		"folder": {
			"name": "INGEST/PBI_Integration"
		},
		"annotations": []
	}
}