{
	"name": "p_ingest_ref_and_model_parallel",
	"properties": {
		"activities": [
			{
				"name": "ForEach ref and model SP",
				"type": "ForEach",
				"dependsOn": [],
				"userProperties": [],
				"typeProperties": {
					"items": {
						"value": "@pipeline().parameters.SP_list",
						"type": "Expression"
					},
					"batchCount": 10,
					"activities": [
						{
							"name": "Log start of SP",
							"type": "Lookup",
							"dependsOn": [],
							"policy": {
								"timeout": "7.00:00:00",
								"retry": 0,
								"retryIntervalInSeconds": 30,
								"secureOutput": false,
								"secureInput": false
							},
							"userProperties": [],
							"typeProperties": {
								"source": {
									"type": "SqlDWSource",
									"sqlReaderStoredProcedureName": "[ingestion].[usp_InsertLogModel]",
									"storedProcedureParameters": {
										"MasterRunID": {
											"type": "String",
											"value": {
												"value": "@pipeline().parameters.master_run_id",
												"type": "Expression"
											}
										},
										"PipelineRunID": {
											"type": "String",
											"value": {
												"value": "@pipeline().RunId",
												"type": "Expression"
											}
										},
										"Silo": {
											"type": "Int32",
											"value": {
												"value": "@pipeline().parameters.silo",
												"type": "Expression"
											}
										},
										"SQLModelBuildScript": {
											"type": "String",
											"value": {
												"value": "@concat(\nitem().SchemaName,\n'.',\nitem().SPName,\n' @masterRunID = ',\n'''',\npipeline().parameters.master_run_id,\n'''',\n', @triggerName= ',\n'''',\npipeline().parameters.trigger_name,\n'''',\n', @reload=',\n'''',\npipeline().parameters.full_reload,\n''''\n)",
												"type": "Expression"
											}
										},
										"TriggerName": {
											"type": "String",
											"value": {
												"value": "@pipeline().parameters.trigger_name",
												"type": "Expression"
											}
										},
										"SPName": {
											"type": "String",
											"value": {
												"value": "@item().SPName",
												"type": "Expression"
											}
										},
										"SchemaName": {
											"type": "String",
											"value": {
												"value": "@item().SchemaName",
												"type": "Expression"
											}
										}
									},
									"queryTimeout": "02:00:00",
									"partitionOption": "None"
								},
								"dataset": {
									"referenceName": "ds_log",
									"type": "DatasetReference"
								}
							}
						},
						{
							"name": "Log end of SP",
							"type": "Lookup",
							"dependsOn": [
								{
									"activity": "Execute ref_model SP",
									"dependencyConditions": [
										"Succeeded"
									]
								}
							],
							"policy": {
								"timeout": "7.00:00:00",
								"retry": 0,
								"retryIntervalInSeconds": 30,
								"secureOutput": false,
								"secureInput": false
							},
							"userProperties": [],
							"typeProperties": {
								"source": {
									"type": "SqlDWSource",
									"sqlReaderStoredProcedureName": "[ingestion].[usp_UpdateLogModel]",
									"storedProcedureParameters": {
										"MasterRunID": {
											"type": "String",
											"value": {
												"value": "@pipeline().parameters.master_run_id",
												"type": "Expression"
											}
										},
										"PipelineRunID": {
											"type": "String",
											"value": {
												"value": "@pipeline().RunId",
												"type": "Expression"
											}
										},
										"SchemaName": {
											"type": "String",
											"value": {
												"value": "@item().SchemaName",
												"type": "Expression"
											}
										},
										"SPName": {
											"type": "String",
											"value": {
												"value": "@item().SPName",
												"type": "Expression"
											}
										},
										"TriggerName": {
											"type": "String",
											"value": {
												"value": "@pipeline().parameters.trigger_name",
												"type": "Expression"
											}
										}
									},
									"queryTimeout": "02:00:00",
									"partitionOption": "None"
								},
								"dataset": {
									"referenceName": "ds_log",
									"type": "DatasetReference"
								}
							}
						},
						{
							"name": "Log end of SP with error",
							"type": "Lookup",
							"dependsOn": [
								{
									"activity": "Execute ref_model SP",
									"dependencyConditions": [
										"Failed"
									]
								}
							],
							"policy": {
								"timeout": "7.00:00:00",
								"retry": 0,
								"retryIntervalInSeconds": 30,
								"secureOutput": false,
								"secureInput": false
							},
							"userProperties": [],
							"typeProperties": {
								"source": {
									"type": "SqlDWSource",
									"sqlReaderStoredProcedureName": "[ingestion].[usp_UpdateLogModeErrorl]",
									"storedProcedureParameters": {
										"Error": {
											"type": "String",
											"value": {
												"value": "@activity('Execute ref_model SP').Error.message",
												"type": "Expression"
											}
										},
										"MasterRunID": {
											"type": "String",
											"value": {
												"value": "@pipeline().parameters.master_run_id",
												"type": "Expression"
											}
										},
										"PipelineRunID": {
											"type": "String",
											"value": {
												"value": "@pipeline().RunId",
												"type": "Expression"
											}
										},
										"SchemaName": {
											"type": "String",
											"value": {
												"value": "@item().SchemaName",
												"type": "Expression"
											}
										},
										"SPName": {
											"type": "String",
											"value": {
												"value": "@item().SPName",
												"type": "Expression"
											}
										},
										"TriggerName": {
											"type": "String",
											"value": {
												"value": "@pipeline().parameters.trigger_name",
												"type": "Expression"
											}
										}
									},
									"queryTimeout": "02:00:00",
									"partitionOption": "None"
								},
								"dataset": {
									"referenceName": "ds_log",
									"type": "DatasetReference"
								}
							}
						},
						{
							"name": "Execute ref_model SP",
							"type": "Lookup",
							"dependsOn": [
								{
									"activity": "Log start of SP",
									"dependencyConditions": [
										"Succeeded"
									]
								}
							],
							"policy": {
								"timeout": "7.00:00:00",
								"retry": 0,
								"retryIntervalInSeconds": 30,
								"secureOutput": false,
								"secureInput": false
							},
							"userProperties": [],
							"typeProperties": {
								"source": {
									"type": "SqlDWSource",
									"sqlReaderQuery": {
										"value": "@concat(\nitem().SchemaName,\n'.',\nitem().SPName,\n' @masterRunID = ',\n'''',\npipeline().parameters.master_run_id,\n'''',\n', @triggerName= ',\n'''',\npipeline().parameters.trigger_name,\n'''',\n', @reload=',\n'''',\npipeline().parameters.full_reload,\n''''\n)",
										"type": "Expression"
									},
									"queryTimeout": "02:00:00",
									"partitionOption": "None"
								},
								"dataset": {
									"referenceName": "ds_d365_RecordsEffected",
									"type": "DatasetReference"
								}
							}
						},
						{
							"name": "If Error is blank",
							"type": "IfCondition",
							"dependsOn": [
								{
									"activity": "Execute ref_model SP",
									"dependencyConditions": [
										"Succeeded"
									]
								}
							],
							"userProperties": [],
							"typeProperties": {
								"expression": {
									"value": "@equals(activity('Execute ref_model SP').output.firstrow.Error, '')\n",
									"type": "Expression"
								},
								"ifFalseActivities": [
									{
										"name": "SendEmail",
										"type": "ExecutePipeline",
										"dependsOn": [
											{
												"activity": "Set dim failure message",
												"dependencyConditions": [
													"Succeeded"
												]
											}
										],
										"userProperties": [],
										"typeProperties": {
											"pipeline": {
												"referenceName": "send-email",
												"type": "PipelineReference"
											},
											"waitOnCompletion": true,
											"parameters": {
												"email": {
													"value": "X",
													"type": "Expression"
												},
												"subject": {
													"value": "@variables('v_email_dim_processing_failure_subject')",
													"type": "Expression"
												},
												"body": {
													"value": "@variables('ErrorMessage')",
													"type": "Expression"
												},
												"importance": "1"
											}
										}
									},
									{
										"name": "Set dim failure message",
										"type": "SetVariable",
										"dependsOn": [],
										"userProperties": [],
										"typeProperties": {
											"variableName": "ErrorMessage",
											"value": {
												"value": "@concat(\n'Error encountered while executing SP: ',\nitem().SPName,\n',  Error: ',\nactivity('Execute ref_model SP').output.firstrow.Error\n)",
												"type": "Expression"
											}
										}
									}
								]
							}
						}
					]
				}
			}
		],
		"parameters": {
			"master_run_id": {
				"type": "string"
			},
			"trigger_name": {
				"type": "string"
			},
			"silo": {
				"type": "int",
				"defaultValue": 1
			},
			"sp_list": {
				"type": "array"
			},
			"full_reload": {
				"type": "string",
				"defaultValue": "N"
			}
		},
		"variables": {
			"sqlScript": {
				"type": "String"
			},
			"ErrorMessage": {
				"type": "String"
			},
			"v_email_dim_processing_failure_subject": {
				"type": "String",
				"defaultValue": "Dimension/ Ref build error"
			}
		},
		"folder": {
			"name": "INGEST/Ref_and_Model"
		},
		"annotations": []
	}
}