{
	"name": "p_ingest_PBIRefresh_hyper",
	"properties": {
		"activities": [
			{
				"name": "Set sql",
				"type": "SetVariable",
				"dependsOn": [],
				"userProperties": [],
				"typeProperties": {
					"variableName": "sql",
					"value": {
						"value": "@concat('Select [WorkspaceName], [DatasetName], [BusinessNotificationEmail]\tFrom [ingestion].[ConfigurationPBIRefresh] \nWhere IsActive =1 And [TriggerName] = ',\n'''',\npipeline().parameters.trigger_name,\n''''\n)",
						"type": "Expression"
					}
				}
			},
			{
				"name": "Get a list of all the PBI datasets to refresh",
				"type": "Lookup",
				"dependsOn": [
					{
						"activity": "Set sql",
						"dependencyConditions": [
							"Succeeded"
						]
					}
				],
				"policy": {
					"timeout": "0.12:00:00",
					"retry": 0,
					"retryIntervalInSeconds": 30,
					"secureOutput": false,
					"secureInput": false
				},
				"userProperties": [],
				"typeProperties": {
					"source": {
						"type": "SqlDWSource",
						"sqlReaderQuery": {
							"value": "@variables('sql')",
							"type": "Expression"
						},
						"queryTimeout": "02:00:00",
						"partitionOption": "None"
					},
					"dataset": {
						"referenceName": "ds_PBI_Dataset",
						"type": "DatasetReference"
					},
					"firstRowOnly": false
				}
			},
			{
				"name": "Cycle through all the datasets and refresh them",
				"type": "ForEach",
				"dependsOn": [
					{
						"activity": "Get a list of all the PBI datasets to refresh",
						"dependencyConditions": [
							"Succeeded"
						]
					}
				],
				"userProperties": [],
				"typeProperties": {
					"items": {
						"value": "@activity('Get a list of all the PBI datasets to refresh').output.value",
						"type": "Expression"
					},
					"isSequential": false,
					"activities": [
						{
							"name": "p_ingest_PBIRefresh_parallel",
							"type": "ExecutePipeline",
							"dependsOn": [],
							"userProperties": [],
							"typeProperties": {
								"pipeline": {
									"referenceName": "p_ingest_PBIRefresh_parallel",
									"type": "PipelineReference"
								},
								"waitOnCompletion": true,
								"parameters": {
									"workspace_name": {
										"value": "@item().WorkspaceName",
										"type": "Expression"
									},
									"dataset_name": {
										"value": "@item().DatasetName",
										"type": "Expression"
									},
									"recipient": {
										"value": "@item().BusinessNotificationEmail",
										"type": "Expression"
									},
									"master_run_id": {
										"value": "@pipeline().parameters.master_run_id",
										"type": "Expression"
									},
									"trigger_name": {
										"value": "@pipeline().parameters.trigger_name",
										"type": "Expression"
									}
								}
							}
						}
					]
				}
			}
		],
		"parameters": {
			"trigger_name": {
				"type": "string"
			},
			"master_run_id": {
				"type": "string",
				"defaultValue": "105612f02-99fe-450e-bf8b-1fdb12f94f5da"
			}
		},
		"variables": {
			"sql": {
				"type": "String"
			}
		},
		"folder": {
			"name": "INGEST/PBI_Integration"
		},
		"annotations": []
	}
}