{
	"name": "send-email",
	"properties": {
		"activities": [
			{
				"name": "send-email",
				"type": "WebActivity",
				"dependsOn": [
					{
						"activity": "get-url",
						"dependencyConditions": [
							"Succeeded"
						]
					},
					{
						"activity": "Set v_Subject",
						"dependencyConditions": [
							"Succeeded"
						]
					}
				],
				"policy": {
					"timeout": "7.00:00:00",
					"retry": 0,
					"retryIntervalInSeconds": 30,
					"secureOutput": false,
					"secureInput": false
				},
				"userProperties": [],
				"typeProperties": {
					"url": {
						"value": "@activity('get-url').output.value",
						"type": "Expression"
					},
					"method": "POST",
					"headers": {
						"Content-Type": "application/json"
					},
					"body": {
						"value": "{\n\t\"body\" : \"@{pipeline().parameters.body}\",\n\t\"subject\" : \"@{variables('v_Subject')}\",\n\t\"recipient\" : \"@{pipeline().parameters.email}\",\n\t\"importance\" : \"@{pipeline().parameters.importance}\"\n}",
						"type": "Expression"
					}
				}
			},
			{
				"name": "get-url",
				"type": "WebActivity",
				"dependsOn": [],
				"policy": {
					"timeout": "7.00:00:00",
					"retry": 0,
					"retryIntervalInSeconds": 30,
					"secureOutput": false,
					"secureInput": false
				},
				"userProperties": [],
				"typeProperties": {
					"url": {
						"value": "https://mpricedev-ae-kv01.vault.azure.net/secrets/LogicApp-Url-Send-Email?api-version=7.0",
						"type": "Expression"
					},
					"connectVia": {
						"referenceName": "AutoResolveIntegrationRuntime",
						"type": "IntegrationRuntimeReference"
					},
					"method": "GET",
					"linkedServices": [
						{
							"referenceName": "ls_key_vault",
							"type": "LinkedServiceReference"
						}
					],
					"authentication": {
						"type": "MSI",
						"resource": "https://vault.azure.net"
					}
				}
			},
			{
				"name": "Set v_Subject",
				"type": "SetVariable",
				"dependsOn": [],
				"userProperties": [],
				"typeProperties": {
					"variableName": "v_Subject",
					"value": {
						"value": "@concat(\npipeline().parameters.subject,\n' Environment -  ',\npipeline().DataFactory\n)",
						"type": "Expression"
					}
				}
			}
		],
		"parameters": {
			"email": {
				"type": "string"
			},
			"subject": {
				"type": "string"
			},
			"body": {
				"type": "string"
			},
			"importance": {
				"type": "string",
				"defaultValue": "Normal"
			}
		},
		"variables": {
			"v_Subject": {
				"type": "String"
			}
		},
		"folder": {
			"name": "INGEST/EmailTrigger"
		},
		"annotations": []
	}
}