{
	"name": "dataflow1",
	"properties": {
		"type": "MappingDataFlow",
		"typeProperties": {
			"sources": [
				{
					"dataset": {
						"referenceName": "ds_EDL_D365_BY_ITEM_F_DATAFLOW_SOURCE",
						"type": "DatasetReference"
					},
					"name": "source1",
					"description": "Import data from d_EDL_D365_BY_ITEM_DATAFLOW_SOURCE1"
				}
			],
			"sinks": [
				{
					"dataset": {
						"referenceName": "ds_EDL_D365_BY_ITEM_F_DATAFLOW_SINK",
						"type": "DatasetReference"
					},
					"name": "sink1"
				}
			],
			"transformations": [],
			"scriptLines": [
				"parameters{",
				"     partitions as string",
				"}",
				"source(allowSchemaDrift: true,",
				"     validateSchema: false,",
				"     ignoreNoFilesFound: false) ~> source1",
				"source1 sink(allowSchemaDrift: true,",
				"     validateSchema: false,",
				"     filePattern:('BY_ITEM-'+ toString(currentTimestamp())+'.csv'),",
				"     umask: 0022,",
				"     preCommands: [],",
				"     postCommands: [],",
				"     skipDuplicateMapInputs: true,",
				"     skipDuplicateMapOutputs: true,",
				"     partitionBy('roundRobin', (iif($partitions=='0',1,toInteger($partitions))))) ~> sink1"
			]
		}
	}
}