{
	"$schema": "http://schema.management.azure.com/schemas/2015-01-01/deploymentTemplate.json#",
	"contentVersion": "1.0.0.0",
	"parameters": {
		"workspaceName": {
			"type": "string",
			"metadata": "Workspace name",
			"defaultValue": "mpricedev-ae-syn01"
		}
	},
	"variables": {
		"workspaceId": "[concat('Microsoft.Synapse/workspaces/', parameters('workspaceName'))]"
	},
	"resources": [
		{
			"name": "[concat(parameters('workspaceName'), '/p_wait')]",
			"type": "Microsoft.Synapse/workspaces/pipelines",
			"apiVersion": "2019-06-01-preview",
			"properties": {
				"activities": [
					{
						"name": "Wait 1 Second",
						"type": "Wait",
						"dependsOn": [],
						"userProperties": [],
						"typeProperties": {
							"waitTimeInSeconds": 1
						}
					}
				],
				"policy": {
					"elapsedTimeMetric": {},
					"cancelAfter": {}
				},
				"annotations": []
			},
			"dependsOn": []
		},
		{
			"name": "[concat(parameters('workspaceName'), '/AutoResolveIntegrationRuntime')]",
			"type": "Microsoft.Synapse/workspaces/integrationRuntimes",
			"apiVersion": "2019-06-01-preview",
			"properties": {
				"type": "Managed",
				"typeProperties": {
					"computeProperties": {
						"location": "AutoResolve",
						"dataFlowProperties": {
							"computeType": "General",
							"coreCount": 8,
							"timeToLive": 0
						}
					}
				},
				"managedVirtualNetwork": {
					"type": "ManagedVirtualNetworkReference",
					"referenceName": "default"
				}
			},
			"dependsOn": [
				"[concat(variables('workspaceId'), '/managedVirtualNetworks/default')]"
			]
		},
		{
			"name": "[concat(parameters('workspaceName'), '/mpricespark01')]",
			"type": "Microsoft.Synapse/workspaces/bigDataPools",
			"apiVersion": "2019-06-01-preview",
			"properties": {
				"autoPause": {
					"enabled": true,
					"delayInMinutes": 15
				},
				"autoScale": {
					"enabled": true,
					"maxNodeCount": 10,
					"minNodeCount": 3
				},
				"nodeCount": 0,
				"nodeSize": "Small",
				"nodeSizeFamily": "MemoryOptimized",
				"sparkVersion": "3.3",
				"isComputeIsolationEnabled": false,
				"sessionLevelPackagesEnabled": true,
				"annotations": []
			},
			"dependsOn": [],
			"location": "australiaeast"
		},
		{
			"name": "[concat(parameters('workspaceName'), '/mprice_sql01')]",
			"type": "Microsoft.Synapse/workspaces/sqlPools",
			"apiVersion": "2019-06-01-preview",
			"properties": {
				"collation": "SQL_Latin1_General_CP1_CI_AS",
				"maxSizeBytes": 263882790666240,
				"annotations": []
			},
			"dependsOn": [],
			"location": "australiaeast"
		},
		{
			"name": "[concat(parameters('workspaceName'), '/default')]",
			"type": "Microsoft.Synapse/workspaces/managedVirtualNetworks",
			"apiVersion": "2019-06-01-preview",
			"properties": {},
			"dependsOn": []
		}
	]
}