{
	"name": "AzureSynapseAnalyticsTable1",
	"properties": {
		"linkedServiceName": {
			"referenceName": "AzureSynapseAnalytics_EIM",
			"type": "LinkedServiceReference"
		},
		"annotations": [],
		"type": "AzureSqlDWTable",
		"schema": [
			{
				"name": "LOCATION_ID",
				"type": "varchar"
			},
			{
				"name": "FACILITY_CODE",
				"type": "varchar"
			},
			{
				"name": "DIVISION",
				"type": "varchar"
			},
			{
				"name": "DISTRIBUTION_CENTRE",
				"type": "decimal",
				"precision": 2,
				"scale": 0
			},
			{
				"name": "WAREHOUSE_CODE",
				"type": "decimal",
				"precision": 2,
				"scale": 0
			},
			{
				"name": "WAREHOUSE_STATE",
				"type": "varchar"
			},
			{
				"name": "WAREHOUSE_STATE_CODE",
				"type": "varchar"
			},
			{
				"name": "DALLAS_SERVER",
				"type": "varchar"
			},
			{
				"name": "DALLAS_INSTANCE",
				"type": "varchar"
			},
			{
				"name": "COMMODITY_TYPE",
				"type": "varchar"
			},
			{
				"name": "YARD_ITEM_TYPE",
				"type": "varchar"
			},
			{
				"name": "LEGAL_ENTITY",
				"type": "varchar"
			},
			{
				"name": "OWNING_ERP",
				"type": "varchar"
			},
			{
				"name": "RECEIPT_TYPE",
				"type": "varchar"
			},
			{
				"name": "DIMENSION",
				"type": "varchar"
			},
			{
				"name": "INTEGRATION_PO_TARGET",
				"type": "varchar"
			},
			{
				"name": "INTEGRATION_CO_TARGET",
				"type": "varchar"
			},
			{
				"name": "SITEID",
				"type": "varchar"
			},
			{
				"name": "DESCRIPTION",
				"type": "varchar"
			},
			{
				"name": "Pipeline_Run_Id",
				"type": "nvarchar"
			},
			{
				"name": "Is_Delete_Flag",
				"type": "bit"
			},
			{
				"name": "Is_Current_Flag",
				"type": "bit"
			},
			{
				"name": "Batch_Run_Datetime",
				"type": "datetime2",
				"scale": 7
			},
			{
				"name": "Source_System_Valid_From_Datetime",
				"type": "datetime2",
				"scale": 7
			},
			{
				"name": "Source_System_Valid_To_Datetime",
				"type": "datetime2",
				"scale": 7
			}
		],
		"typeProperties": {
			"schema": "EDL_MDATA",
			"table": "XDOCK_Location"
		}
	}
}