{
	"name": "d_ADLS_Salesforce_EOT",
	"properties": {
		"linkedServiceName": {
			"referenceName": "AzureDataLakeStorage_Salesforce",
			"type": "LinkedServiceReference",
			"parameters": {
				"AccountName": {
					"value": "@dataset().p_account_name",
					"type": "Expression"
				},
				"SecretKey": {
					"value": "@dataset().p_secret_key",
					"type": "Expression"
				}
			}
		},
		"parameters": {
			"p_file_name": {
				"type": "String"
			},
			"p_account_name": {
				"type": "string"
			},
			"p_secret_key": {
				"type": "string"
			},
			"p_file_location": {
				"type": "string"
			},
			"p_container_name": {
				"type": "string"
			}
		},
		"folder": {
			"name": "AZURE_BLOB"
		},
		"annotations": [],
		"type": "DelimitedText",
		"typeProperties": {
			"location": {
				"type": "AzureBlobFSLocation",
				"fileName": {
					"value": "@dataset().p_file_name",
					"type": "Expression"
				},
				"folderPath": {
					"value": "@dataset().p_container_name",
					"type": "Expression"
				},
				"fileSystem": {
					"value": "@dataset().p_file_location",
					"type": "Expression"
				}
			},
			"columnDelimiter": ",",
			"escapeChar": "",
			"firstRowAsHeader": false,
			"quoteChar": ""
		},
		"schema": []
	},
	"type": "Microsoft.DataFactory/factories/datasets"
}