{
	"name": "d_AZURE_SYN_STORED_PROCEDURE2",
	"properties": {
		"linkedServiceName": {
			"referenceName": "AzureSynapseAnalytics_EIM",
			"type": "LinkedServiceReference"
		},
		"folder": {
			"name": "AZURE_SYN_EDW/ETL_SCHEMA"
		},
		"annotations": [],
		"type": "AzureSqlDWTable",
		"schema": [
			{
				"name": "WatermarkSource",
				"type": "nvarchar"
			},
			{
				"name": "WatermarkTableName",
				"type": "nvarchar"
			},
			{
				"name": "WatermarkColumn",
				"type": "nvarchar"
			},
			{
				"name": "WatermarkValue",
				"type": "nvarchar"
			}
		]
	}
}