{
	"name": "d_Azure_Salesforce_Dummy_EOT",
	"properties": {
		"linkedServiceName": {
			"referenceName": "AzureDataLakeStorage",
			"type": "LinkedServiceReference",
			"parameters": {
				"AccountName": "https://mdatadevdls01.dfs.core.windows.net",
				"SecretName": "ADF-DataLake-Key"
			}
		},
		"folder": {
			"name": "AZURE_BLOB"
		},
		"annotations": [],
		"type": "Binary",
		"typeProperties": {
			"location": {
				"type": "AzureBlobFSLocation",
				"fileName": "salesforce.dummy.txt.eot",
				"fileSystem": "salesforce"
			}
		}
	},
	"type": "Microsoft.DataFactory/factories/datasets"
}