{
	"name": "d_Azure_Salesforce_EOT",
	"properties": {
		"linkedServiceName": {
			"referenceName": "AzureDataLakeStorage",
			"type": "LinkedServiceReference",
			"parameters": {
				"AccountName": "https://mdatadevdls01.dfs.core.windows.net",
				"SecretName": "ADF-DataLake-Key"
			}
		},
		"parameters": {
			"p_EOT_File_Name": {
				"type": "string"
			},
			"p_EOT_Container": {
				"type": "string"
			}
		},
		"folder": {
			"name": "AZURE_BLOB"
		},
		"annotations": [],
		"type": "Binary",
		"typeProperties": {
			"location": {
				"type": "AzureBlobFSLocation",
				"fileName": {
					"value": "@dataset().p_EOT_File_Name",
					"type": "Expression"
				},
				"folderPath": {
					"value": "@concat('landing/',dataset().p_EOT_Container)",
					"type": "Expression"
				},
				"fileSystem": "salesforce"
			}
		}
	},
	"type": "Microsoft.DataFactory/factories/datasets"
}