{
	"name": "d_AZURE_EOT_FILE",
	"properties": {
		"description": "It describes the file in the data source store.",
		"linkedServiceName": {
			"referenceName": "AzureDataLakeStorage",
			"type": "LinkedServiceReference",
			"parameters": {
				"AccountName": "https://mdatadevdls01.dfs.core.windows.net",
				"SecretName": "ADF-DataLake-Key"
			}
		},
		"parameters": {
			"Container": {
				"type": "String"
			},
			"Directory": {
				"type": "String"
			},
			"filename": {
				"type": "string"
			}
		},
		"folder": {
			"name": "AZURE_BLOB"
		},
		"annotations": [],
		"type": "Binary",
		"typeProperties": {
			"location": {
				"type": "AzureBlobFSLocation",
				"fileName": {
					"value": "@dataset().filename",
					"type": "Expression"
				},
				"folderPath": {
					"value": "@{dataset().Directory}",
					"type": "Expression"
				},
				"fileSystem": {
					"value": "@{dataset().Container}",
					"type": "Expression"
				}
			}
		}
	},
	"type": "Microsoft.DataFactory/factories/datasets"
}