{
	"name": "d_Azure_Synapse_Analytics_e4i_ConfigurationEntity",
	"properties": {
		"linkedServiceName": {
			"referenceName": "AzureSynapseAnalytics_EIM",
			"type": "LinkedServiceReference"
		},
		"folder": {
			"name": "AZURE_SYN_EDW/E4I_SCHEMA"
		},
		"annotations": [],
		"type": "AzureSqlDWTable",
		"schema": [
			{
				"name": "Id",
				"type": "int",
				"precision": 10
			},
			{
				"name": "CreationTime",
				"type": "datetime2",
				"scale": 7
			},
			{
				"name": "IsActive",
				"type": "bit"
			},
			{
				"name": "TriggerName",
				"type": "varchar"
			},
			{
				"name": "EntityName",
				"type": "varchar"
			},
			{
				"name": "SourceSystem",
				"type": "varchar"
			},
			{
				"name": "SourceType",
				"type": "varchar"
			},
			{
				"name": "SourceSelectQuery",
				"type": "varchar"
			},
			{
				"name": "SourceCountQuery",
				"type": "varchar"
			},
			{
				"name": "SourceKeyVaultSecret",
				"type": "nvarchar"
			},
			{
				"name": "RootFlag",
				"type": "bit"
			},
			{
				"name": "RootLocation",
				"type": "varchar"
			},
			{
				"name": "RootManifestFilePath",
				"type": "varchar"
			},
			{
				"name": "ChangefeedLocation",
				"type": "varchar"
			},
			{
				"name": "ChangefeedManifestFilePath",
				"type": "varchar"
			},
			{
				"name": "ChangefeedLastModifiedTime",
				"type": "datetime2",
				"scale": 7
			},
			{
				"name": "PrimaryKeyList",
				"type": "varchar"
			},
			{
				"name": "SourceLakeDatabase",
				"type": "varchar"
			},
			{
				"name": "SourceLakeSchema",
				"type": "varchar"
			},
			{
				"name": "SourceLakeTable",
				"type": "varchar"
			},
			{
				"name": "TargetType",
				"type": "varchar"
			},
			{
				"name": "TargetKeyVaultSecret",
				"type": "nvarchar"
			},
			{
				"name": "TargetStagingSchema",
				"type": "varchar"
			},
			{
				"name": "TargetStagingTable",
				"type": "varchar"
			},
			{
				"name": "TargetFileType",
				"type": "varchar"
			},
			{
				"name": "TargetFileLocation",
				"type": "varchar"
			},
			{
				"name": "TargetFileEncoding",
				"type": "varchar"
			},
			{
				"name": "TargetFileDelimiter",
				"type": "varchar"
			},
			{
				"name": "TargetFileEscapeChar",
				"type": "varchar"
			},
			{
				"name": "TargetFileQuoteChar",
				"type": "varchar"
			},
			{
				"name": "IsGroupLevelEotExtension",
				"type": "bit"
			},
			{
				"name": "DefaultLoadType",
				"type": "varchar"
			},
			{
				"name": "StringSeparator",
				"type": "varchar"
			},
			{
				"name": "Tolerance",
				"type": "float",
				"precision": 15
			},
			{
				"name": "LogRetentionInDays",
				"type": "int",
				"precision": 10
			},
			{
				"name": "ContainerName",
				"type": "varchar"
			},
			{
				"name": "MoveToProcessing",
				"type": "bit"
			},
			{
				"name": "MoveToArchive",
				"type": "bit"
			},
			{
				"name": "SourceDirectory",
				"type": "varchar"
			},
			{
				"name": "ProcessingDirectory",
				"type": "varchar"
			},
			{
				"name": "ArchiveDirectory",
				"type": "varchar"
			},
			{
				"name": "ValidFromDateTime",
				"type": "datetime",
				"precision": 23,
				"scale": 3
			},
			{
				"name": "ValidToDateTime",
				"type": "datetime",
				"precision": 23,
				"scale": 3
			},
			{
				"name": "IsCurrentRow",
				"type": "bit"
			}
		],
		"typeProperties": {
			"schema": "e4i",
			"table": "ConfigurationEntity"
		}
	},
	"type": "Microsoft.DataFactory/factories/datasets"
}