{
	"name": "d_SalesforceServiceCloud_SourceObjectApi",
	"properties": {
		"linkedServiceName": {
			"referenceName": "SalesforceServiceCloud_MetcashLoyalty",
			"type": "LinkedServiceReference"
		},
		"parameters": {
			"cw_objectApiName": {
				"type": "String"
			}
		},
		"folder": {
			"name": "SALESFORCE_LOYALTY"
		},
		"annotations": [],
		"type": "SalesforceServiceCloudObject",
		"schema": [],
		"typeProperties": {
			"objectApiName": {
				"value": "@dataset().cw_objectApiName",
				"type": "Expression"
			}
		}
	},
	"type": "Microsoft.DataFactory/factories/datasets"
}