{
	"name": "d_Salesforce_DLS_File_Type_CSV",
	"properties": {
		"linkedServiceName": {
			"referenceName": "AzureDataLakeStorage_Salesforce",
			"type": "LinkedServiceReference",
			"parameters": {
				"AccountName": {
					"value": "@dataset().p_account_name",
					"type": "Expression"
				},
				"SecretKey": {
					"value": "@dataset().p_secret_key",
					"type": "Expression"
				}
			}
		},
		"parameters": {
			"p_file_name": {
				"type": "String"
			},
			"p_file_container": {
				"type": "string"
			},
			"p_file_delimiter": {
				"type": "string",
				"defaultValue": ","
			},
			"p_file_encoding": {
				"type": "string",
				"defaultValue": "UTF-8"
			},
			"p_escape_character": {
				"type": "string",
				"defaultValue": "\\"
			},
			"p_quote_character": {
				"type": "string"
			},
			"p_account_name": {
				"type": "string"
			},
			"p_secret_key": {
				"type": "string"
			},
			"p_file_location": {
				"type": "string"
			}
		},
		"folder": {
			"name": "AZURE_BLOB"
		},
		"annotations": [],
		"type": "DelimitedText",
		"typeProperties": {
			"location": {
				"type": "AzureBlobFSLocation",
				"fileName": {
					"value": "@dataset().p_file_name",
					"type": "Expression"
				},
				"folderPath": {
					"value": "@dataset().p_file_container",
					"type": "Expression"
				},
				"fileSystem": {
					"value": "@dataset().p_file_location",
					"type": "Expression"
				}
			},
			"columnDelimiter": {
				"value": "@dataset().p_file_delimiter",
				"type": "Expression"
			},
			"encodingName": {
				"value": "@dataset().p_file_encoding",
				"type": "Expression"
			},
			"escapeChar": {
				"value": "@dataset().p_escape_character",
				"type": "Expression"
			},
			"firstRowAsHeader": true,
			"quoteChar": {
				"value": "@dataset().p_quote_character",
				"type": "Expression"
			}
		},
		"schema": []
	},
	"type": "Microsoft.DataFactory/factories/datasets"
}