{
	"name": "DLS_Sample_Delimited_Text",
	"properties": {
		"description": "Connection to your source data store.",
		"linkedServiceName": {
			"referenceName": "AzureDataLakeStorage",
			"type": "LinkedServiceReference",
			"parameters": {
				"AccountName": "https://mdatadevdls01.dfs.core.windows.net",
				"SecretName": "ADF-DataLake-Key"
			}
		},
		"parameters": {
			"fileName": {
				"type": "string"
			},
			"SourceContainer": {
				"type": "string"
			},
			"SourceDirectory": {
				"type": "string"
			}
		},
		"folder": {
			"name": "sample-dataset-templates/DLS"
		},
		"annotations": [],
		"type": "DelimitedText",
		"typeProperties": {
			"location": {
				"type": "AzureBlobFSLocation",
				"fileName": {
					"value": "@dataset().fileName",
					"type": "Expression"
				},
				"folderPath": {
					"value": "@dataset().SourceDirectory",
					"type": "Expression"
				},
				"fileSystem": {
					"value": "@dataset().SourceContainer",
					"type": "Expression"
				}
			},
			"columnDelimiter": ",",
			"escapeChar": "\\",
			"quoteChar": "\""
		},
		"schema": []
	}
}