{
	"name": "DLS_File",
	"properties": {
		"linkedServiceName": {
			"referenceName": "AzureDataLakeStorage_D365",
			"type": "LinkedServiceReference"
		},
		"parameters": {
			"Container": {
				"type": "string"
			},
			"Directory": {
				"type": "string"
			},
			"Entity": {
				"type": "string"
			}
		},
		"annotations": [],
		"type": "DelimitedText",
		"typeProperties": {
			"location": {
				"type": "AzureBlobFSLocation",
				"folderPath": "D365/Test",
				"fileSystem": "dynamics365-financeandoperations"
			},
			"columnDelimiter": ",",
			"escapeChar": "\\",
			"quoteChar": "\""
		},
		"schema": []
	}
}