{
	"name": "ds_CopyDataFromUnzipFolder_PRICING_PRICEMATCH",
	"properties": {
		"linkedServiceName": {
			"referenceName": "AzureDataLakeStorage_hznsellexport",
			"type": "LinkedServiceReference"
		},
		"parameters": {
			"FolderName_Unzip": {
				"type": "string"
			}
		},
		"annotations": [],
		"type": "DelimitedText",
		"typeProperties": {
			"location": {
				"type": "AzureBlobFSLocation",
				"fileName": {
					"value": "@concat('PMatch.',formatDateTime(utcnow(),'yyMMdd'))",
					"type": "Expression"
				},
				"folderPath": {
					"value": "@dataset().FolderName_Unzip",
					"type": "Expression"
				},
				"fileSystem": "promobc"
			},
			"columnDelimiter": "|",
			"escapeChar": "\\",
			"firstRowAsHeader": true,
			"quoteChar": ""
		},
		"schema": []
	}
}