{
	"name": "ds_CopyUnzipFilesTempTable_Sink_PRICING_PRICEMATCH",
	"properties": {
		"linkedServiceName": {
			"referenceName": "AzureSynapseAnalytics_EIM",
			"type": "LinkedServiceReference"
		},
		"annotations": [],
		"type": "AzureSqlDWTable",
		"schema": [
			{
				"name": "ITEM_ID",
				"type": "nvarchar"
			},
			{
				"name": "FAMILY_ID",
				"type": "nvarchar"
			},
			{
				"name": "GROUP_CODE",
				"type": "nvarchar"
			},
			{
				"name": "START_DATE",
				"type": "nvarchar"
			},
			{
				"name": "END_DATE",
				"type": "nvarchar"
			},
			{
				"name": "AMOUNT",
				"type": "nvarchar"
			}
		],
		"typeProperties": {
			"schema": "EXTRACT_MDATA",
			"table": "EDL_D365_PRICING_PRICE_MATCH"
		}
	}
}