{
	"name": "ds_DeletePMatchTxtFile_PRICING_PRICEMATCH",
	"properties": {
		"linkedServiceName": {
			"referenceName": "AzureDataLakeStorage",
			"type": "LinkedServiceReference",
			"parameters": {
				"AccountName": "https://mdatadevdls01.dfs.core.windows.net",
				"SecretName": "ADF-DataLake-Key"
			}
		},
		"annotations": [],
		"type": "Binary",
		"typeProperties": {
			"location": {
				"type": "AzureBlobFSLocation",
				"fileName": {
					"value": "@concat('PriceMatch_D365.',formatDateTime(utcnow(),'yyMMdd'))",
					"type": "Expression"
				},
				"folderPath": "fromadf/toga/rex/dailyweekfile",
				"fileSystem": "promobc"
			}
		}
	}
}