{
	"name": "ds_D365FinalPMatchTextOutput_Sink_PRICING_PRICEMATCH",
	"properties": {
		"linkedServiceName": {
			"referenceName": "AzureDataLakeStorage",
			"type": "LinkedServiceReference",
			"parameters": {
				"AccountName": "https://mdatadevdls01.dfs.core.windows.net",
				"SecretName": "ADF-DataLake-Key"
			}
		},
		"parameters": {
			"TargetD365FilePath": {
				"type": "string"
			},
			"TargetD365FileName": {
				"type": "string"
			}
		},
		"annotations": [],
		"type": "DelimitedText",
		"typeProperties": {
			"location": {
				"type": "AzureBlobFSLocation",
				"fileName": {
					"value": "@dataset().TargetD365FileName",
					"type": "Expression"
				},
				"folderPath": {
					"value": "@dataset().TargetD365FilePath",
					"type": "Expression"
				},
				"fileSystem": "promobc"
			},
			"columnDelimiter": "|",
			"escapeChar": "",
			"firstRowAsHeader": true,
			"quoteChar": ""
		},
		"schema": []
	}
}