{
	"name": "ds_d365_SynapseTables",
	"properties": {
		"linkedServiceName": {
			"referenceName": "AzureSynapseAnalytics_EIM",
			"type": "LinkedServiceReference"
		},
		"parameters": {
			"Entity_Name": {
				"type": "string"
			},
			"Schema_Name": {
				"type": "string"
			}
		},
		"annotations": [],
		"type": "AzureSqlDWTable",
		"schema": [],
		"typeProperties": {
			"schema": {
				"value": "@dataset().Schema_Name",
				"type": "Expression"
			},
			"table": {
				"value": "@dataset().Entity_Name",
				"type": "Expression"
			}
		}
	}
}