{
	"name": "ds_d365_ConfigurationTable",
	"properties": {
		"linkedServiceName": {
			"referenceName": "AzureSynapseAnalytics_EIM",
			"type": "LinkedServiceReference"
		},
		"annotations": [],
		"type": "AzureSqlDWTable",
		"schema": [
			{
				"name": "Entity_Name",
				"type": "varchar"
			},
			{
				"name": "Root_location",
				"type": "varchar"
			},
			{
				"name": "Manifest_File_Path",
				"type": "varchar"
			},
			{
				"name": "IsActive",
				"type": "bit"
			}
		],
		"typeProperties": {
			"schema": "ingestion",
			"table": "ConfiguratoinEntity"
		}
	}
}