{
	"name": "ds_d365_DataverseSynapseTables",
	"properties": {
		"linkedServiceName": {
			"referenceName": "AzureSynapseAnalytics_EIM",
			"type": "LinkedServiceReference"
		},
		"parameters": {
			"SchemaName": {
				"type": "string"
			},
			"TableName": {
				"type": "string"
			}
		},
		"annotations": [],
		"type": "AzureSqlDWTable",
		"schema": [],
		"typeProperties": {
			"schema": {
				"value": "@dataset().SchemaName",
				"type": "Expression"
			},
			"table": {
				"value": "@dataset().TableName",
				"type": "Expression"
			}
		}
	}
}