{
	"name": "ds_EXTRACT_EDL_D365_PRICING_BUYING_PERIOD_D365_ALONE_SINK",
	"properties": {
		"linkedServiceName": {
			"referenceName": "AzureDataLakeStorage_hznsellexport",
			"type": "LinkedServiceReference"
		},
		"parameters": {
			"TargetPath": {
				"type": "string"
			},
			"TargetFileName": {
				"type": "string"
			}
		},
		"annotations": [],
		"type": "DelimitedText",
		"typeProperties": {
			"location": {
				"type": "AzureBlobFSLocation",
				"fileName": {
					"value": "@dataset().TargetFileName",
					"type": "Expression"
				},
				"folderPath": {
					"value": "@dataset().TargetPath",
					"type": "Expression"
				},
				"fileSystem": "promobc"
			},
			"columnDelimiter": ",",
			"escapeChar": "\\",
			"quoteChar": "\""
		},
		"schema": []
	}
}