{
	"name": "ds_EXTRACT_EDL_D365_REX_BUYINGPERIOD_CHECK_ZIPFILE_EXIST",
	"properties": {
		"linkedServiceName": {
			"referenceName": "AzureDataLakeStorage_hznsellexport",
			"type": "LinkedServiceReference"
		},
		"annotations": [],
		"type": "Binary",
		"typeProperties": {
			"location": {
				"type": "AzureBlobFSLocation",
				"fileName": {
					"value": "@concat('DAILY.',formatDateTime(utcnow(),'yyMMdd'),'.zip')",
					"type": "Expression"
				},
				"folderPath": "fromerp/toadf/dailyfile",
				"fileSystem": "promobc"
			}
		}
	}
}