{
	"name": "ds_EXTRACT_EDL_D365_REX_BUYINGPERIOD_METADATA_UNZIP_FILES",
	"properties": {
		"linkedServiceName": {
			"referenceName": "AzureDataLakeStorage_hznsellexport",
			"type": "LinkedServiceReference"
		},
		"annotations": [],
		"type": "DelimitedText",
		"typeProperties": {
			"location": {
				"type": "AzureBlobFSLocation",
				"folderPath": {
					"value": "fromerp/toadf/dailyfile/unzip",
					"type": "Expression"
				},
				"fileSystem": "promobc"
			},
			"columnDelimiter": ",",
			"escapeChar": "\\",
			"quoteChar": "\""
		},
		"schema": []
	}
}