{
	"name": "ds_EDL_D365_BY_ITEM_F_DATAFLOW_SOURCE",
	"properties": {
		"linkedServiceName": {
			"referenceName": "AzureDataLakeStorage_hznmdmexport",
			"type": "LinkedServiceReference"
		},
		"annotations": [],
		"type": "DelimitedText",
		"typeProperties": {
			"location": {
				"type": "AzureBlobFSLocation",
				"fileName": {
					"value": "BY_ITEM",
					"type": "Expression"
				},
				"folderPath": {
					"value": "fromadf/toga/staging_folder",
					"type": "Expression"
				},
				"fileSystem": {
					"value": "pmbc",
					"type": "Expression"
				}
			},
			"columnDelimiter": ",",
			"escapeChar": "\\",
			"firstRowAsHeader": true,
			"quoteChar": "\""
		},
		"schema": []
	}
}