{
	"name": "ds_EDL_D365_BY_ITEM_F_COPY_SYNAPSE_SINK",
	"properties": {
		"linkedServiceName": {
			"referenceName": "AzureDataLakeStorage_hznmdmexport",
			"type": "LinkedServiceReference"
		},
		"parameters": {
			"container": {
				"type": "string"
			},
			"folder": {
				"type": "string"
			},
			"filename": {
				"type": "string"
			}
		},
		"annotations": [],
		"type": "DelimitedText",
		"typeProperties": {
			"location": {
				"type": "AzureBlobFSLocation",
				"fileName": {
					"value": "@dataset().filename",
					"type": "Expression"
				},
				"folderPath": {
					"value": "@dataset().folder",
					"type": "Expression"
				},
				"fileSystem": {
					"value": "@dataset().container",
					"type": "Expression"
				}
			},
			"columnDelimiter": ",",
			"escapeChar": "\\",
			"firstRowAsHeader": true,
			"quoteChar": "\""
		},
		"schema": []
	}
}