{
	"name": "ds_EXTRACT_SINK",
	"properties": {
		"linkedServiceName": {
			"referenceName": "AzureDataLakeStorage",
			"type": "LinkedServiceReference",
			"parameters": {
				"AccountName": {
					"value": "@dataset().param_AccountNameURL",
					"type": "Expression"
				},
				"SecretName": {
					"value": "@dataset().param_KVSecretName",
					"type": "Expression"
				}
			}
		},
		"parameters": {
			"param_TargetFileSystem": {
				"type": "string"
			},
			"param_TargetDirectory": {
				"type": "string"
			},
			"param_TargetFileName": {
				"type": "string"
			},
			"param_columnDelimiter": {
				"type": "string"
			},
			"param_Header": {
				"type": "bool"
			},
			"param_QuoteCharacter": {
				"type": "string"
			},
			"param_EscapeCharacter": {
				"type": "string"
			},
			"param_AccountNameURL": {
				"type": "string"
			},
			"param_KVSecretName": {
				"type": "string"
			}
		},
		"folder": {
			"name": "EXTRACT_FILE"
		},
		"annotations": [],
		"type": "DelimitedText",
		"typeProperties": {
			"location": {
				"type": "AzureBlobFSLocation",
				"fileName": {
					"value": "@dataset().param_TargetFileName",
					"type": "Expression"
				},
				"folderPath": {
					"value": "@dataset().param_TargetDirectory",
					"type": "Expression"
				},
				"fileSystem": {
					"value": "@dataset().param_TargetFileSystem",
					"type": "Expression"
				}
			},
			"columnDelimiter": {
				"value": "@dataset().param_columnDelimiter",
				"type": "Expression"
			},
			"escapeChar": {
				"value": "@dataset().param_EscapeCharacter",
				"type": "Expression"
			},
			"firstRowAsHeader": {
				"value": "@dataset().param_Header",
				"type": "Expression"
			},
			"quoteChar": {
				"value": "@dataset().param_QuoteCharacter",
				"type": "Expression"
			}
		},
		"schema": []
	},
	"type": "Microsoft.DataFactory/factories/datasets"
}