{
	"name": "ds_EXTRACT_EDL_D365_REX_BUYINGPERIOD_COPYPEFILE_TO_SYNAPSE",
	"properties": {
		"linkedServiceName": {
			"referenceName": "AzureDataLakeStorage_hznsellexport",
			"type": "LinkedServiceReference"
		},
		"parameters": {
			"folderpath": {
				"type": "string"
			}
		},
		"annotations": [],
		"type": "DelimitedText",
		"typeProperties": {
			"location": {
				"type": "AzureBlobFSLocation",
				"fileName": {
					"value": "@concat('Buying_Period.',formatDateTime(utcnow(),'yyMMdd'))",
					"type": "Expression"
				},
				"folderPath": {
					"value": "@dataset().folderpath",
					"type": "Expression"
				},
				"fileSystem": "promobc"
			},
			"columnDelimiter": "|",
			"escapeChar": "\\",
			"firstRowAsHeader": true,
			"quoteChar": "\""
		},
		"schema": []
	}
}