{
	"name": "ds_EXTRACT_EDL_D365_REX_BUYINGPERIOD_ZIP_FILES_SINK",
	"properties": {
		"linkedServiceName": {
			"referenceName": "AzureDataLakeStorage_hznsellexport",
			"type": "LinkedServiceReference"
		},
		"parameters": {
			"Targetzipfilename": {
				"type": "string"
			}
		},
		"annotations": [],
		"type": "Binary",
		"typeProperties": {
			"location": {
				"type": "AzureBlobFSLocation",
				"fileName": {
					"value": "@dataset().Targetzipfilename",
					"type": "Expression"
				},
				"folderPath": "fromadf/toga/rex",
				"fileSystem": "promobc"
			},
			"compression": {
				"type": "ZipDeflate",
				"level": "Fastest"
			}
		}
	}
}