{
	"name": "ds_EXTRACT_EDL_D365_REX_BUYINGPERIOD_DELETE_FILE_AFTER_ZIP",
	"properties": {
		"linkedServiceName": {
			"referenceName": "AzureDataLakeStorage_hznsellexport",
			"type": "LinkedServiceReference"
		},
		"annotations": [],
		"type": "Binary",
		"typeProperties": {
			"location": {
				"type": "AzureBlobFSLocation",
				"fileName": {
					"value": "@concat('Buying_Period_D365.',formatDateTime(utcnow(),'yyMMdd'))",
					"type": "Expression"
				},
				"folderPath": "fromadf/toga/rex",
				"fileSystem": "promobc"
			}
		}
	}
}