{
	"name": "ds_EDL_D365_BY_ITEM_F_GETMETADATA",
	"properties": {
		"linkedServiceName": {
			"referenceName": "AzureDataLakeStorage_hznmdmexport",
			"type": "LinkedServiceReference"
		},
		"parameters": {
			"Container": {
				"type": "string"
			},
			"Folder": {
				"type": "string"
			}
		},
		"annotations": [],
		"type": "DelimitedText",
		"typeProperties": {
			"location": {
				"type": "AzureBlobFSLocation",
				"fileName": {
					"value": "@concat('BY_ITEM')",
					"type": "Expression"
				},
				"folderPath": {
					"value": "@dataset().Folder",
					"type": "Expression"
				},
				"fileSystem": {
					"value": "@dataset().Container",
					"type": "Expression"
				}
			},
			"columnDelimiter": ",",
			"escapeChar": "\\",
			"quoteChar": "\""
		},
		"schema": []
	}
}