{
	"name": "ds_FinalPMatchTextOutput_Sink_PRICING_PRICEMATCH",
	"properties": {
		"linkedServiceName": {
			"referenceName": "AzureDataLakeStorage",
			"type": "LinkedServiceReference"
		},
		"parameters": {
			"TargetFilePath": {
				"type": "string"
			},
			"TargetFileName": {
				"type": "string"
			}
		},
		"annotations": [],
		"type": "DelimitedText",
		"typeProperties": {
			"location": {
				"type": "AzureBlobFSLocation",
				"fileName": {
					"value": "@dataset().TargetFileName",
					"type": "Expression"
				},
				"folderPath": {
					"value": "@dataset().TargetFilePath",
					"type": "Expression"
				},
				"fileSystem": "promobc"
			},
			"columnDelimiter": "|",
			"escapeChar": "",
			"firstRowAsHeader": true,
			"quoteChar": ""
		},
		"schema": []
	}
}