{
	"name": "ds_Get_PE_ZIP_FILES_IF_EXISTS_PRICING_PRICEMATCH",
	"properties": {
		"linkedServiceName": {
			"referenceName": "AzureDataLakeStorage_hznsellexport",
			"type": "LinkedServiceReference"
		},
		"annotations": [],
		"type": "Binary",
		"typeProperties": {
			"location": {
				"type": "AzureBlobFSLocation",
				"fileName": {
					"value": "@concat('WEEK.',formatDateTime(utcnow(),'yyMMdd'),'.zip')",
					"type": "Expression"
				},
				"folderPath": "fromerp/toadf/dailyweekfile",
				"fileSystem": "promobc"
			}
		}
	}
}