{
	"name": "ds_Model_Silo",
	"properties": {
		"linkedServiceName": {
			"referenceName": "AzureSynapseAnalytics_EIM",
			"type": "LinkedServiceReference"
		},
		"folder": {
			"name": "byod_datasets"
		},
		"annotations": [],
		"type": "AzureSqlDWTable",
		"schema": [
			{
				"name": "Pipeline_Trigger",
				"type": "nvarchar"
			},
			{
				"name": "Workspace_Name",
				"type": "nvarchar"
			},
			{
				"name": "Dataset_Name",
				"type": "nvarchar"
			},
			{
				"name": "Business_Notification_Email",
				"type": "nvarchar"
			}
		],
		"typeProperties": {
			"schema": "ingestion",
			"table": "ConfigurationPBIRefresh"
		}
	},
	"type": "Microsoft.DataFactory/factories/datasets"
}