{
	"name": "ds_promotions_staging_delete",
	"properties": {
		"linkedServiceName": {
			"referenceName": "AzureDataLakeStorage_hznsellimport",
			"type": "LinkedServiceReference"
		},
		"parameters": {
			"Container": {
				"type": "string"
			},
			"Folder": {
				"type": "string"
			}
		},
		"annotations": [],
		"type": "Binary",
		"typeProperties": {
			"location": {
				"type": "AzureBlobFSLocation",
				"folderPath": "fromga/rex/toadf/stagingfile/dailyfile",
				"fileSystem": "promobc"
			}
		}
	}
}