{
	"name": "ds_promotions_source",
	"properties": {
		"linkedServiceName": {
			"referenceName": "AzureDataLakeStorage_hznsellimport",
			"type": "LinkedServiceReference"
		},
		"parameters": {
			"Container": {
				"type": "string"
			},
			"Folder": {
				"type": "string"
			},
			"FIleName": {
				"type": "string"
			}
		},
		"annotations": [],
		"type": "Binary",
		"typeProperties": {
			"location": {
				"type": "AzureBlobFSLocation",
				"fileName": {
					"value": "@dataset().FIleName",
					"type": "Expression"
				},
				"folderPath": {
					"value": "@dataset().Folder",
					"type": "Expression"
				},
				"fileSystem": {
					"value": "@dataset().Container",
					"type": "Expression"
				}
			},
			"compression": {
				"type": "ZipDeflate",
				"level": "Fastest"
			}
		}
	}
}