{
	"name": "ds_PE_Unzip_Sink_PRICING_PRICEMATCH",
	"properties": {
		"linkedServiceName": {
			"referenceName": "AzureDataLakeStorage_hznsellexport",
			"type": "LinkedServiceReference"
		},
		"parameters": {
			"Container": {
				"type": "string"
			},
			"StagingFolder": {
				"type": "string"
			}
		},
		"annotations": [],
		"type": "Binary",
		"typeProperties": {
			"location": {
				"type": "AzureBlobFSLocation",
				"folderPath": {
					"value": "@dataset().StagingFolder",
					"type": "Expression"
				},
				"fileSystem": {
					"value": "@dataset().Container",
					"type": "Expression"
				}
			}
		}
	}
}