{
	"name": "ds_promotions_sync_copy",
	"properties": {
		"linkedServiceName": {
			"referenceName": "AzureDataLakeStorage_hznsellimport",
			"type": "LinkedServiceReference"
		},
		"parameters": {
			"Container": {
				"type": "string"
			},
			"Folder": {
				"type": "string"
			},
			"FileName": {
				"type": "string"
			}
		},
		"annotations": [],
		"type": "DelimitedText",
		"typeProperties": {
			"location": {
				"type": "AzureBlobFSLocation",
				"fileName": {
					"value": "@dataset().FileName",
					"type": "Expression"
				},
				"folderPath": {
					"value": "@dataset().Folder",
					"type": "Expression"
				},
				"fileSystem": {
					"value": "@dataset().Container",
					"type": "Expression"
				}
			},
			"columnDelimiter": "|",
			"escapeChar": "\\",
			"firstRowAsHeader": true,
			"quoteChar": ""
		},
		"schema": [
			{
				"name": "Source|Company|Mode|Promo Year|Promo Week Text|Customer Group|Instore Start Date|Instore End Date|Instore Duration|Attachment Code|Attachment Type|Customer Buy Days Before|Customer Buy Days After|Cash Discount Amount|Discount Breakdown Amount 1|Posting Profile 1|Discount Breakdown Amount 2|Posting Profile 2|Discount Breakdown Amount 3|Posting Profile 3|Discount Breakdown Amount 4|Posting Profile 4|PSRP 1|Discount Type Code|Promotion Type|Media Placement|Promotion Message|REC_HASH",
				"type": "String"
			}
		]
	}
}