{
	"name": "ds_Unzip_PE_Incoming_Files_PRICING_PRICEMATCH",
	"properties": {
		"linkedServiceName": {
			"referenceName": "AzureDataLakeStorage_hznsellexport",
			"type": "LinkedServiceReference"
		},
		"parameters": {
			"CONTAINER": {
				"type": "string"
			},
			"FOLDER": {
				"type": "string"
			},
			"FILENAME": {
				"type": "string"
			}
		},
		"annotations": [],
		"type": "Binary",
		"typeProperties": {
			"location": {
				"type": "AzureBlobFSLocation",
				"fileName": {
					"value": "@dataset().FILENAME",
					"type": "Expression"
				},
				"folderPath": {
					"value": "@dataset().FOLDER",
					"type": "Expression"
				},
				"fileSystem": {
					"value": "@dataset().CONTAINER",
					"type": "Expression"
				}
			},
			"compression": {
				"type": "ZipDeflate",
				"level": "Fastest"
			}
		}
	}
}