{
	"name": "f_EXTRACT_EDL_D365_DYN_REX_194",
	"properties": {
		"linkedServiceName": {
			"referenceName": "AzureDataLakeStorage",
			"type": "LinkedServiceReference",
			"parameters": {
				"AccountName": "https://mdatadevdls01.dfs.core.windows.net",
				"SecretName": "ADF-DataLake-Key"
			}
		},
		"parameters": {
			"TargetFileSystem": {
				"type": "string"
			},
			"TargetDirectory": {
				"type": "string"
			}
		},
		"annotations": [],
		"type": "DelimitedText",
		"typeProperties": {
			"location": {
				"type": "AzureBlobFSLocation",
				"fileName": {
					"value": "@concat(    \n'CDS_D365.'\n,replace(replace(replace(substring(convertFromUtc(pipeline().TriggerTime,'AUS Eastern Standard Time'),2,8),'-',''),':',''),'T','')\n)\n\n\n\n\n\n\n\n",
					"type": "Expression"
				},
				"folderPath": {
					"value": "@dataset().TargetDirectory",
					"type": "Expression"
				},
				"fileSystem": {
					"value": "@dataset().TargetFileSystem",
					"type": "Expression"
				}
			},
			"columnDelimiter": "|",
			"escapeChar": "\\",
			"firstRowAsHeader": true,
			"quoteChar": ""
		},
		"schema": []
	}
}