{
	"name": "f_xdock_location_template",
	"properties": {
		"linkedServiceName": {
			"referenceName": "AzureDataLakeStorage",
			"type": "LinkedServiceReference",
			"parameters": {
				"AccountName": "https://mdatadevdls01.dfs.core.windows.net",
				"SecretName": "ADF-DataLake-Key"
			}
		},
		"annotations": [],
		"type": "DelimitedText",
		"typeProperties": {
			"location": {
				"type": "AzureBlobFSLocation",
				"fileName": "xdock_location_template.txt",
				"fileSystem": "xdock-location"
			},
			"columnDelimiter": ",",
			"escapeChar": "\\",
			"quoteChar": "\""
		},
		"schema": [
			{
				"type": "String"
			}
		]
	}
}