{
	"name": "f_xdock_location_sink",
	"properties": {
		"linkedServiceName": {
			"referenceName": "AzureDataLakeStorage",
			"type": "LinkedServiceReference",
			"parameters": {
				"AccountName": "https://mdatadevdls01.dfs.core.windows.net",
				"SecretName": "ADF-DataLake-Key"
			}
		},
		"annotations": [],
		"type": "DelimitedText",
		"typeProperties": {
			"location": {
				"type": "AzureBlobFSLocation",
				"fileName": {
					"value": "@concat(\n'xdock_location_'\n,replace(replace(replace(substring(convertFromUtc(pipeline().TriggerTime,'AUS Eastern Standard Time'),0,19),'-',''),':',''),'T','')\n,'.json'\n)",
					"type": "Expression"
				},
				"fileSystem": "xdock-location"
			},
			"columnDelimiter": "\u0001",
			"escapeChar": "",
			"quoteChar": ""
		},
		"schema": []
	}
}