{
	"name": "by_daily_PBI_refresh_MDATA_DATASETS_FOOD_PROD_MDATA_FOOD_BLUEYONDER_MODEL",
	"properties": {
		"annotations": [],
		"runtimeState": "Stopped",
		"pipelines": [
			{
				"pipelineReference": {
					"referenceName": "p_ingest_main",
					"type": "PipelineReference"
				},
				"parameters": {
					"entities": "ALL",
					"load_type": "INCREMENTAL",
					"trigger_name": "by_new_file_fcstperfstatic_weekly",
					"validation": "row_count",
					"execute_entity_load": "N",
					"execute_model_build": "N",
					"execute_pbi_refresh": "Y",
					"execute_file_export": "N",
					"sillos": "All",
					"pbi_dataset_refresh": "All",
					"file_export": "All",
					"full_reload": "All",
					"model_sp_List": "All",
					"force_build_statistics": false
				}
			}
		],
		"type": "ScheduleTrigger",
		"typeProperties": {
			"recurrence": {
				"frequency": "Day",
				"interval": 1,
				"startTime": "2023-03-01T05:00:00",
				"timeZone": "AUS Eastern Standard Time",
				"schedule": {
					"minutes": [
						0
					],
					"hours": [
						5
					]
				}
			}
		}
	}
}