{
	"name": "cf_file_trigger_vendor",
	"properties": {
		"annotations": [],
		"runtimeState": "Stopped",
		"pipelines": [],
		"type": "BlobEventsTrigger",
		"typeProperties": {
			"blobPathBeginsWith": "/dynamics365-financeandoperations/blobs/metcash-pbmsperf.sandbox.operations.dynamics.com/ChangeFeed/METVendTable/",
			"blobPathEndsWith": ".csv",
			"ignoreEmptyBlobs": true,
			"scope": "/subscriptions/6612f8eb-c484-4dae-8c27-5d27dcdd0e34/resourceGroups/rg-mdata-uat/providers/Microsoft.Storage/storageAccounts/dlsmdatainbounduat",
			"events": [
				"Microsoft.Storage.BlobCreated"
			]
		}
	}
}