{
	"name": "d365_tumblingwindow_15min_trigger",
	"properties": {
		"annotations": [],
		"runtimeState": "Stopped",
		"pipeline": {
			"pipelineReference": {
				"referenceName": "p_ingest_main",
				"type": "PipelineReference"
			},
			"parameters": {
				"entities": "All",
				"load_type": "incremental",
				"trigger_name": "d365_tumblingwindow_15min_trigger",
				"validation": "row_count",
				"execute_entity_load": "Y",
				"execute_model_build": "Y",
				"execute_pbi_refresh": "N",
				"execute_file_export": "Y",
				"sillos": "All",
				"pbi_dataset_refresh": "All",
				"file_export": "All",
				"full_reload": "N"
			}
		},
		"type": "TumblingWindowTrigger",
		"typeProperties": {
			"frequency": "Minute",
			"interval": 30,
			"startTime": "2022-12-07T00:15:00Z",
			"delay": "00:00:00",
			"maxConcurrency": 1,
			"retryPolicy": {
				"intervalInSeconds": 30
			},
			"dependsOn": []
		}
	}
}