{
	"name": "e4i_new_recon_stats_daily",
	"properties": {
		"annotations": [],
		"runtimeState": "Stopped",
		"pipelines": [
			{
				"pipelineReference": {
					"referenceName": "p_update_e4i_recon_stats_history",
					"type": "PipelineReference"
				}
			}
		],
		"type": "ScheduleTrigger",
		"typeProperties": {
			"recurrence": {
				"frequency": "Day",
				"interval": 1,
				"startTime": "2023-03-22T21:39:00",
				"timeZone": "AUS Eastern Standard Time",
				"schedule": {
					"minutes": [
						30
					],
					"hours": [
						8
					]
				}
			}
		}
	}
}