{
	"name": "rs_new_file_extract_daily",
	"properties": {
		"annotations": [],
		"runtimeState": "Started",
		"pipelines": [
			{
				"pipelineReference": {
					"referenceName": "p_e4i_master",
					"type": "PipelineReference"
				}
			}
		],
		"type": "ScheduleTrigger",
		"typeProperties": {
			"recurrence": {
				"frequency": "Day",
				"interval": 1,
				"startTime": "2023-03-31T00:54:00",
				"timeZone": "AUS Eastern Standard Time",
				"schedule": {
					"minutes": [
						30
					],
					"hours": [
						0
					]
				}
			}
		}
	}
}