{
	"name": "sf_new_file_ingestion_daily",
	"properties": {
		"annotations": [],
		"runtimeState": "Stopped",
		"pipelines": [
			{
				"pipelineReference": {
					"referenceName": "p_ingest_main",
					"type": "PipelineReference"
				},
				"parameters": {
					"entities": "ALL",
					"load_type": "INCREMENTAL",
					"trigger_name": "sf_new_file_ingestion_daily",
					"validation": "row_count",
					"execute_entity_load": "Y",
					"execute_model_build": "Y",
					"execute_pbi_refresh": "N",
					"execute_file_export": "N",
					"sillos": "All",
					"pbi_dataset_refresh": "All",
					"file_export": "All",
					"full_reload": "All",
					"model_sp_List": "All",
					"force_build_statistics": false
				}
			}
		],
		"type": "BlobEventsTrigger",
		"typeProperties": {
			"blobPathBeginsWith": "/salesforce/blobs/landing/",
			"blobPathEndsWith": ".eot",
			"ignoreEmptyBlobs": false,
			"scope": "/subscriptions/023867a9-8926-4232-af0e-8037e9ae4b34/resourceGroups/rg-mdata-dev/providers/Microsoft.Storage/storageAccounts/dlsmdatainbounddev",
			"events": [
				"Microsoft.Storage.BlobCreated"
			]
		}
	}
}