{
	"name": "sf_new_file_extract_daily",
	"properties": {
		"annotations": [],
		"runtimeState": "Stopped",
		"pipelines": [
			{
				"pipelineReference": {
					"referenceName": "p_e4i_master",
					"type": "PipelineReference"
				},
				"parameters": {
					"p_create_group_eot": 1
				}
			}
		],
		"type": "ScheduleTrigger",
		"typeProperties": {
			"recurrence": {
				"frequency": "Week",
				"interval": 1,
				"startTime": "2023-02-03T11:30:00",
				"timeZone": "AUS Eastern Standard Time",
				"schedule": {
					"minutes": [
						30
					],
					"hours": [
						0
					],
					"weekDays": [
						"Monday"
					]
				}
			}
		}
	}
}