{
	"name": "trg_extractreferencetables_weekly_sun_0600",
	"properties": {
		"annotations": [],
		"runtimeState": "Stopped",
		"pipelines": [
			{
				"pipelineReference": {
					"referenceName": "p_extract_refresh_reference_location_tables",
					"type": "PipelineReference"
				}
			}
		],
		"type": "ScheduleTrigger",
		"typeProperties": {
			"recurrence": {
				"frequency": "Week",
				"interval": 1,
				"startTime": "2023-07-18T06:40:00Z",
				"timeZone": "UTC",
				"schedule": {
					"minutes": [
						0
					],
					"hours": [
						6
					],
					"weekDays": [
						"Sunday"
					]
				}
			}
		}
	}
}