{
	"name": "trg_d365_table3_storageevent",
	"properties": {
		"annotations": [],
		"runtimeState": "Stopped",
		"pipelines": [
			{
				"pipelineReference": {
					"referenceName": "p_host_req",
					"type": "PipelineReference"
				}
			}
		],
		"type": "BlobEventsTrigger",
		"typeProperties": {
			"blobPathBeginsWith": "/bh-test/blobs/",
			"blobPathEndsWith": ".csv",
			"ignoreEmptyBlobs": true,
			"scope": "/subscriptions/023867a9-8926-4232-af0e-8037e9ae4b34/resourceGroups/MDATA-DEV-RG/providers/Microsoft.Storage/storageAccounts/mdatadevdls01",
			"events": [
				"Microsoft.Storage.BlobCreated"
			]
		}
	}
}