{
	"name": "trg_file_upload",
	"properties": {
		"annotations": [],
		"runtimeState": "Started",
		"pipelines": [
			{
				"pipelineReference": {
					"referenceName": "p_host_req",
					"type": "PipelineReference"
				},
				"parameters": {
					"trigger_folder_path": "@triggerBody().folderPath",
					"trigger_file_path": "@triggerBody().fileName"
				}
			}
		],
		"type": "BlobEventsTrigger",
		"typeProperties": {
			"blobPathBeginsWith": "/adfjobs/blobs/hostreq/",
			"blobPathEndsWith": ".done",
			"ignoreEmptyBlobs": false,
			"scope": "/subscriptions/023867a9-8926-4232-af0e-8037e9ae4b34/resourceGroups/rg-mdata-dev/providers/Microsoft.Storage/storageAccounts/dlsmdatainbounddev",
			"events": [
				"Microsoft.Storage.BlobCreated"
			]
		}
	}
}