{
	"name": "ls_azure_data_lake_storage",
	"properties": {
		"parameters": {
			"account_name": {
				"type": "string"
			},
			"secret_name": {
				"type": "string"
			}
		},
		"annotations": [],
		"type": "AzureBlobFS",
		"typeProperties": {
			"url": "@{linkedService().account_name}",
			"accountKey": {
				"type": "AzureKeyVaultSecret",
				"store": {
					"referenceName": "ls_key_vault",
					"type": "LinkedServiceReference"
				},
				"secretName": {
					"value": "@linkedService().secret_name",
					"type": "Expression"
				}
			}
		},
		"connectVia": {
			"referenceName": "AutoResolveIntegrationRuntime",
			"type": "IntegrationRuntimeReference"
		}
	}
}