{
	"name": "BinaryDataDestination",
	"properties": {
		"description": "It describes the destination store.",
		"linkedServiceName": {
			"referenceName": "ls_azure_data_lake_storage",
			"type": "LinkedServiceReference"
		},
		"parameters": {
			"Container": {
				"type": "String"
			},
			"Directory": {
				"type": "String"
			},
			"filename": {
				"type": "string"
			},
			"AccountName": {
				"type": "string"
			},
			"SecretKey": {
				"type": "string"
			}
		},
		"annotations": [],
		"type": "Binary",
		"typeProperties": {
			"location": {
				"type": "AzureBlobFSLocation",
				"fileName": {
					"value": "@dataset().filename",
					"type": "Expression"
				},
				"folderPath": {
					"value": "@{dataset().Directory}",
					"type": "Expression"
				},
				"fileSystem": {
					"value": "@{dataset().Container}",
					"type": "Expression"
				}
			}
		}
	}
}