{
	"name": "DLS_FileType_CSV",
	"properties": {
		"linkedServiceName": {
			"referenceName": "ls_azure_data_lake_storage",
			"type": "LinkedServiceReference"
		},
		"parameters": {
			"Container": {
				"type": "string",
				"defaultValue": "dynamics365-financeandoperations"
			},
			"Directory": {
				"type": "string",
				"defaultValue": "metcash-pssit.sanbmdbox.operations.dynamics.com/ChangeFeed/CustDispute"
			},
			"AccountName": {
				"type": "string"
			},
			"SecretKey": {
				"type": "string"
			}
		},
		"annotations": [],
		"type": "DelimitedText",
		"typeProperties": {
			"location": {
				"type": "AzureBlobFSLocation",
				"folderPath": {
					"value": "@dataset().Directory",
					"type": "Expression"
				},
				"fileSystem": {
					"value": "@dataset().Container",
					"type": "Expression"
				}
			},
			"columnDelimiter": ",",
			"escapeChar": "\\",
			"quoteChar": "\""
		},
		"schema": []
	}
}