{
	"name": "email-notication",
	"properties": {
		"activities": [
			{
				"name": "Send email",
				"type": "WebActivity",
				"dependsOn": [],
				"policy": {
					"timeout": "7.00:00:00",
					"retry": 0,
					"retryIntervalInSeconds": 30,
					"secureOutput": false,
					"secureInput": false
				},
				"userProperties": [],
				"typeProperties": {
					"url": {
						"value": "@pipeline().globalParameters.emailURL",
						"type": "Expression"
					},
					"method": "POST",
					"headers": {
						"Content-Type": "application/json"
					},
					"body": {
						"value": "{\n   \"Title\": \"PIPELINE FAILURE\",\n   \"Color\": \"Red\",\n   \"DataFactoryName\": \"@{pipeline().parameters.vDataFactoryName}\",\n   \"PipelineName\": \"@{pipeline().parameters.vPipelineName}\",\n   \"ActivityName\": \"@{pipeline().parameters.vActivityName}\",\n   \"PipelineRunID\": \"@{pipeline().parameters.vPipelineRunID}\",\n   \"PipelineActivity\": \"@{pipeline().parameters.vPipelineRunID}\",\n   \"PipelineTriggerID\": \"@{pipeline().parameters.vPipelineTriggerID}\",\n   \"PipelineTriggerName\": \"@{pipeline().parameters.vPipelineTriggerName}\",\n   \"PipelineTriggerType\": \"@{pipeline().parameters.vPipelineTriggerType}\",\n   \"PipelineTriggerTime\": \"@{pipeline().parameters.vPipelineTriggerTime}\",\n   \"ExecutionStartTime\": \"@{pipeline().parameters.vExecutionStartTime}\",\n   \"ExecutionEndTime\": \"@{pipeline().parameters.vExecutionEndTime}\",\n   \"ActivityRunID\": \"@{pipeline().parameters.vActivityRunID}\",\n   \"ErrorCode\": \"@{pipeline().parameters.vErrorCode}\",\n   \"FailureType\": \"@{pipeline().parameters.vFailureType}\",\n   \"Subject\":\"ADF Pipeline @{pipeline().parameters.vPipelineName} had failed\",\n   \"ErrorMessage\": \"@{pipeline().parameters.vErrorMessage}\",\n   \"Contact\": \"kishoreb@antaressolutions.com.au\",\n   \"EmailTo\": \"@{variables('vToEmail')}\",\n   \"EmailCc\": \"@{variables('vCCEmail')}\",\n   \"ErrorDate\": \"@{pipeline().parameters.vErrorDate}\"\n}\n\n\n\n",
						"type": "Expression"
					}
				}
			}
		],
		"parameters": {
			"vPipelineName": {
				"type": "string"
			},
			"vPipelineTriggerName": {
				"type": "string"
			},
			"vPipelineTriggerType": {
				"type": "string"
			},
			"vPipelineTriggerID": {
				"type": "string"
			},
			"vPipelineTriggerTime": {
				"type": "string"
			},
			"vErrorMessage": {
				"type": "string"
			},
			"vDataFactoryName": {
				"type": "string"
			},
			"vPipelineRunID": {
				"type": "string"
			},
			"vErrorCode": {
				"type": "string"
			},
			"vFailureType": {
				"type": "string"
			},
			"vActivityRunID": {
				"type": "string"
			},
			"vExecutionStartTime": {
				"type": "string"
			},
			"vExecutionEndTime": {
				"type": "string"
			},
			"vErrorDate": {
				"type": "string"
			},
			"vActivityName": {
				"type": "string"
			}
		},
		"variables": {
			"vToEmail": {
				"type": "String",
				"defaultValue": "kishoreb@antaressolutions.com.au, kelvinh@antaressolutions.com.au"
			},
			"vCCEmail": {
				"type": "String"
			}
		},
		"folder": {
			"name": "INGEST/EmailTrigger"
		},
		"annotations": []
	}
}