{
	"name": "p_build_entity_config",
	"properties": {
		"activities": [
			{
				"name": "Check For New Entities",
				"type": "Lookup",
				"dependsOn": [],
				"policy": {
					"timeout": "0.12:00:00",
					"retry": 0,
					"retryIntervalInSeconds": 30,
					"secureOutput": false,
					"secureInput": false
				},
				"userProperties": [],
				"typeProperties": {
					"source": {
						"type": "SqlDWSource",
						"sqlReaderQuery": "WITH T AS\n(\n    SELECT \n        SUBSTRING(TableName, 10, 100) AS EntityName\n        , * \n    FROM [dbo].[DataLakeToSynapse_ControlTableForCopy] \n    WHERE TableName LIKE 'STG_D365%'\n)\n\nSELECT * FROM T WHERE EntityName NOT IN (SELECT EntityName FROM [ingestion].ConfigurationEntity)",
						"queryTimeout": "02:00:00",
						"partitionOption": "None"
					},
					"dataset": {
						"referenceName": "ds_d365_ConfigurationTable",
						"type": "DatasetReference"
					},
					"firstRowOnly": false
				}
			},
			{
				"name": "Get Root Locations",
				"type": "ForEach",
				"dependsOn": [
					{
						"activity": "Check For New Entities",
						"dependencyConditions": [
							"Succeeded"
						]
					}
				],
				"userProperties": [],
				"typeProperties": {
					"items": {
						"value": "@activity('Check For New Entities').output.value",
						"type": "Expression"
					},
					"isSequential": true,
					"activities": [
						{
							"name": "Get Root Location",
							"type": "WebActivity",
							"dependsOn": [],
							"policy": {
								"timeout": "0.12:00:00",
								"retry": 0,
								"retryIntervalInSeconds": 30,
								"secureOutput": false,
								"secureInput": false
							},
							"userProperties": [],
							"typeProperties": {
								"url": {
									"value": "https://buildentityconfig.azurewebsites.net/api/BuildEntityConfig?code=_4WyfG3zOke3dT-4LG2kqHtbwV_NkHwI5ouRjI0PTc-xAzFuF3nusQ==",
									"type": "Expression"
								},
								"method": "POST",
								"body": {
									"value": "{\n    \"fileName\": '@{item().EntityName}'\n}",
									"type": "Expression"
								}
							}
						},
						{
							"name": "Create Config Entity",
							"type": "Lookup",
							"dependsOn": [
								{
									"activity": "Get Root Location",
									"dependencyConditions": [
										"Succeeded"
									]
								}
							],
							"policy": {
								"timeout": "0.12:00:00",
								"retry": 0,
								"retryIntervalInSeconds": 30,
								"secureOutput": false,
								"secureInput": false
							},
							"userProperties": [],
							"typeProperties": {
								"source": {
									"type": "SqlDWSource",
									"sqlReaderStoredProcedureName": "[ingestion].[usp_PopulateEntityconfig]",
									"storedProcedureParameters": {
										"entityName": {
											"type": "String",
											"value": {
												"value": "@item().EntityName",
												"type": "Expression"
											}
										},
										"rootLocation": {
											"type": "String",
											"value": {
												"value": "@activity('Get Root Location').output.Response",
												"type": "Expression"
											}
										},
										"storageAccount": {
											"type": "String",
											"value": {
												"value": "https://dlsmdatainbounduat.blob.core.windows.net/dynamics365-financeandoperations/",
												"type": "Expression"
											}
										}
									},
									"queryTimeout": "02:00:00",
									"partitionOption": "None"
								},
								"dataset": {
									"referenceName": "ds_d365_ConfigurationTable",
									"type": "DatasetReference"
								}
							}
						}
					]
				}
			}
		],
		"folder": {
			"name": "INGEST/Miscellaneous"
		},
		"annotations": []
	}
}