{
	"name": "p_Build_statistics",
	"properties": {
		"activities": [
			{
				"name": "Exec usp_UpdateStatistics",
				"type": "SqlServerStoredProcedure",
				"dependsOn": [],
				"policy": {
					"timeout": "0.12:00:00",
					"retry": 0,
					"retryIntervalInSeconds": 30,
					"secureOutput": false,
					"secureInput": false
				},
				"userProperties": [],
				"typeProperties": {
					"storedProcedureName": "[ingestion].[usp_UpdateStatistics]",
					"storedProcedureParameters": {
						"forceBuild": {
							"value": {
								"value": "@pipeline().parameters.force_build",
								"type": "Expression"
							},
							"type": "Boolean"
						},
						"masterRunId": {
							"value": {
								"value": "@pipeline().parameters.master_pipeline_run_id",
								"type": "Expression"
							},
							"type": "String"
						},
						"pipelineRunId": {
							"value": {
								"value": "@pipeline().parameters.pipeline_run_id",
								"type": "Expression"
							},
							"type": "String"
						},
						"samplePercentage": {
							"value": {
								"value": "@pipeline().globalParameters.table_statistics_sample_size_percentage_multicolumn",
								"type": "Expression"
							},
							"type": "Int32"
						},
						"schema": {
							"value": {
								"value": "@pipeline().parameters.schema",
								"type": "Expression"
							},
							"type": "String"
						},
						"statisticType": {
							"value": "Quick",
							"type": "String"
						},
						"table": {
							"value": {
								"value": "@pipeline().parameters.table",
								"type": "Expression"
							},
							"type": "String"
						},
						"triggerName": {
							"value": {
								"value": "@pipeline().parameters.trigger_name",
								"type": "Expression"
							},
							"type": "String"
						}
					}
				},
				"linkedServiceName": {
					"referenceName": "AzureSynapseAnalytics_EIM",
					"type": "LinkedServiceReference"
				}
			},
			{
				"name": "Send failure message",
				"type": "ExecutePipeline",
				"dependsOn": [
					{
						"activity": "Set statistics build failure message",
						"dependencyConditions": [
							"Succeeded"
						]
					}
				],
				"userProperties": [],
				"typeProperties": {
					"pipeline": {
						"referenceName": "send-email",
						"type": "PipelineReference"
					},
					"waitOnCompletion": true,
					"parameters": {
						"email": {
							"value": "@pipeline().globalParameters.supportEmail",
							"type": "Expression"
						},
						"subject": {
							"value": "@variables('vSubject')",
							"type": "Expression"
						},
						"body": {
							"value": "@variables('vBody')",
							"type": "Expression"
						},
						"importance": "1"
					}
				}
			},
			{
				"name": "Set statistics build failure message",
				"type": "SetVariable",
				"dependsOn": [
					{
						"activity": "Exec usp_UpdateStatistics",
						"dependencyConditions": [
							"Failed"
						]
					}
				],
				"userProperties": [],
				"typeProperties": {
					"variableName": "vBody",
					"value": {
						"value": "@concat(\n'Statistics build FAILED for table: ',\npipeline().parameters.schema,\n'.',\npipeline().parameters.table,\n'   ERROR: ',\nactivity('Exec usp_UpdateStatistics').Error.message\n)",
						"type": "Expression"
					}
				}
			}
		],
		"parameters": {
			"trigger_name": {
				"type": "string"
			},
			"master_pipeline_run_id": {
				"type": "string",
				"defaultValue": "ae37f735-18ac-4903-8c43-2516eaec9669l"
			},
			"pipeline_run_id": {
				"type": "string",
				"defaultValue": "pae37f735-18ac-4903-8c43-2516eaec9669"
			},
			"schema": {
				"type": "string",
				"defaultValue": "EDL_D365"
			},
			"table": {
				"type": "string",
				"defaultValue": "EcoResCategoryTranslation"
			},
			"force_build": {
				"type": "bool",
				"defaultValue": true
			}
		},
		"variables": {
			"vSubject": {
				"type": "String",
				"defaultValue": "Build statistics FAILED"
			},
			"vBody": {
				"type": "String"
			}
		},
		"folder": {
			"name": "INGEST/Miscellaneous"
		},
		"annotations": []
	}
}