{
	"name": "p_configTable_backup",
	"properties": {
		"activities": [
			{
				"name": "Copy data1",
				"type": "Copy",
				"dependsOn": [],
				"policy": {
					"timeout": "0.12:00:00",
					"retry": 0,
					"retryIntervalInSeconds": 30,
					"secureOutput": false,
					"secureInput": false
				},
				"userProperties": [],
				"typeProperties": {
					"source": {
						"type": "SqlDWSource",
						"sqlReaderStoredProcedureName": "[EXTRACT_MDATA].[usp_SelectConfigBackup]",
						"storedProcedureParameters": {
							"ConfigTableName": {
								"type": "String",
								"value": {
									"value": "@pipeline().parameters.param_ConfigTableName",
									"type": "Expression"
								}
							},
							"ConfigTableSchema": {
								"type": "String",
								"value": {
									"value": "@pipeline().parameters.param_ConfigTableSchema",
									"type": "Expression"
								}
							}
						},
						"queryTimeout": "02:00:00",
						"partitionOption": "None"
					},
					"sink": {
						"type": "DelimitedTextSink",
						"storeSettings": {
							"type": "AzureBlobFSWriteSettings"
						},
						"formatSettings": {
							"type": "DelimitedTextWriteSettings",
							"quoteAllText": true,
							"fileExtension": ".txt"
						}
					},
					"enableStaging": false,
					"translator": {
						"type": "TabularTranslator",
						"typeConversion": true,
						"typeConversionSettings": {
							"allowDataTruncation": true,
							"treatBooleanAsNumber": false
						}
					}
				},
				"inputs": [
					{
						"referenceName": "d_AZURE_SYN_STORED_PROCEDURE",
						"type": "DatasetReference"
					}
				],
				"outputs": [
					{
						"referenceName": "f_Extract_ConfigTableBackup",
						"type": "DatasetReference",
						"parameters": {
							"configTableName": {
								"value": "@pipeline().parameters.param_ConfigTableName",
								"type": "Expression"
							}
						}
					}
				]
			}
		],
		"parameters": {
			"param_ConfigTableName": {
				"type": "string"
			},
			"param_ConfigTableSchema": {
				"type": "string"
			}
		},
		"folder": {
			"name": "EXTRACT/D365_EXTRACTS"
		},
		"annotations": []
	}
}