{
	"name": "p_create_trigger_file",
	"properties": {
		"activities": [
			{
				"name": "TRGFILEGENERATION",
				"type": "Copy",
				"dependsOn": [],
				"policy": {
					"timeout": "0.12:00:00",
					"retry": 0,
					"retryIntervalInSeconds": 30,
					"secureOutput": false,
					"secureInput": false
				},
				"userProperties": [],
				"typeProperties": {
					"source": {
						"type": "BinarySource",
						"storeSettings": {
							"type": "AzureBlobFSReadSettings",
							"recursive": true
						},
						"formatSettings": {
							"type": "BinaryReadSettings"
						}
					},
					"sink": {
						"type": "BinarySink",
						"storeSettings": {
							"type": "AzureBlobFSWriteSettings"
						}
					},
					"enableStaging": false
				},
				"inputs": [
					{
						"referenceName": "d_AZURE_TRG_FILE",
						"type": "DatasetReference",
						"parameters": {
							"Container": "trg",
							"Directory": "trg",
							"filename": "Dummy.trg"
						}
					}
				],
				"outputs": [
					{
						"referenceName": "d_AZURE_TRG_FILE",
						"type": "DatasetReference",
						"parameters": {
							"Container": {
								"value": "@pipeline().parameters.TargetFileSystem",
								"type": "Expression"
							},
							"Directory": {
								"value": "@pipeline().parameters.TargetDirectory",
								"type": "Expression"
							},
							"filename": {
								"value": "@concat(pipeline().parameters.TargetFileName, pipeline().parameters.TargetFileExt)",
								"type": "Expression"
							}
						}
					}
				]
			}
		],
		"parameters": {
			"TargetFileSystem": {
				"type": "string"
			},
			"TargetDirectory": {
				"type": "string"
			},
			"TargetFileName": {
				"type": "string"
			},
			"TargetFileExt": {
				"type": "string"
			}
		},
		"folder": {
			"name": "INGEST/Miscellaneous"
		},
		"annotations": []
	}
}