{
	"name": "p_e4i_filespergroup",
	"properties": {
		"activities": [
			{
				"name": "ForEachSourceFileGroup",
				"type": "ForEach",
				"dependsOn": [
					{
						"activity": "LookupFilesPerGroup",
						"dependencyConditions": [
							"Succeeded"
						]
					}
				],
				"userProperties": [],
				"typeProperties": {
					"items": {
						"value": "@activity('LookupFilesPerGroup').output.value",
						"type": "Expression"
					},
					"isSequential": false,
					"batchCount": 5,
					"activities": [
						{
							"name": "If_salesforce",
							"type": "IfCondition",
							"dependsOn": [],
							"userProperties": [],
							"typeProperties": {
								"expression": {
									"value": "@equals(item().SourceSystem,'Salesforce Loyalty')",
									"type": "Expression"
								},
								"ifTrueActivities": [
									{
										"name": "Execute Pipeline p_e4i_salesforce",
										"type": "ExecutePipeline",
										"dependsOn": [
											{
												"activity": "Get Storage Account URL From KV",
												"dependencyConditions": [
													"Succeeded"
												]
											}
										],
										"userProperties": [],
										"typeProperties": {
											"pipeline": {
												"referenceName": "p_e4i_salesforce",
												"type": "PipelineReference"
											},
											"waitOnCompletion": true,
											"parameters": {
												"p_batch_date_time": {
													"value": "@pipeline().parameters.p_batch_date_time",
													"type": "Expression"
												},
												"p_linked_service": "SalesforceServiceCloud_MetcashLoyalty",
												"p_master_pipeline_id": "0abcde12345",
												"p_api_table": {
													"value": "@item().EntityName",
													"type": "Expression"
												},
												"p_destination_type": {
													"value": "@item().TargetType",
													"type": "Expression"
												},
												"p_file_delimiter": {
													"value": "@item().TargetFileDelimiter",
													"type": "Expression"
												},
												"p_file_encoding": {
													"value": "@item().TargetFileEncoding",
													"type": "Expression"
												},
												"p_max_rows_per_file": "1000000000",
												"p_soql_count_query": {
													"value": "@item().SourceCountQuery",
													"type": "Expression"
												},
												"p_soql_select_query": {
													"value": "@item().SourceSelectQuery",
													"type": "Expression"
												},
												"p_quote_character": {
													"value": "@item().TargetFileQuoteChar",
													"type": "Expression"
												},
												"p_escape_character": {
													"value": "@item().TargetFileEscapeChar",
													"type": "Expression"
												},
												"p_file_container": {
													"value": "@item().ContainerName",
													"type": "Expression"
												},
												"p_file_name": {
													"value": "@concat(item().ContainerName,'_', pipeline().parameters.p_batch_date_time, '.csv')",
													"type": "Expression"
												},
												"p_create_eot": {
													"value": "@item().IsGroupLevelEotExtension",
													"type": "Expression"
												},
												"p_trigger_name": {
													"value": "@pipeline().parameters.p_trigger_name",
													"type": "Expression"
												},
												"p_trigger_run_id": {
													"value": "@pipeline().parameters.p_trigger_run_id",
													"type": "Expression"
												},
												"p_trigger_type": {
													"value": "@pipeline().parameters.p_trigger_type",
													"type": "Expression"
												},
												"p_group_eot_row": {
													"value": "@activity('LookupFilesPerGroup').output.count",
													"type": "Expression"
												},
												"p_group_current_row": {
													"value": "@item().RowNumber",
													"type": "Expression"
												},
												"p_create_group_eot": {
													"value": "@pipeline().parameters.p_create_group_eot",
													"type": "Expression"
												},
												"p_object_group_eot_ext": {
													"value": "@item().IsGroupLevelEotExtension",
													"type": "Expression"
												},
												"p_keyvault_account_url": {
													"value": "@activity('Get Storage Account URL From KV').output.value",
													"type": "Expression"
												},
												"p_keyvault_account_secret": {
													"value": "@item().KV_StorageAccountSecretKey",
													"type": "Expression"
												},
												"p_target_file_location": {
													"value": "@item().TargetFileLocation",
													"type": "Expression"
												},
												"p_source_incremental_load": {
													"value": "@item().IsSourceIncrementalLoad",
													"type": "Expression"
												},
												"p_config_entity_id": {
													"value": "@item().Id",
													"type": "Expression"
												},
												"p_send_copy_success_msg": {
													"value": "@pipeline().parameters.p_send_copy_success_msg",
													"type": "Expression"
												},
												"p_soql_full_count_query": {
													"value": "@item().SourceFullCountQuery",
													"type": "Expression"
												},
												"p_real_batch_date_time": {
													"value": "@pipeline().parameters.p_real_batch_date_time",
													"type": "Expression"
												}
											}
										}
									},
									{
										"name": "Get Storage Account URL From KV",
										"type": "WebActivity",
										"dependsOn": [],
										"policy": {
											"timeout": "0.12:00:00",
											"retry": 0,
											"retryIntervalInSeconds": 30,
											"secureOutput": false,
											"secureInput": false
										},
										"userProperties": [],
										"typeProperties": {
											"url": {
												"value": "@concat(pipeline().globalParameters.KeyVault_DNSName,'secrets/',item().KV_StorageAccountURL,'?api-version=7.0')",
												"type": "Expression"
											},
											"method": "GET",
											"authentication": {
												"type": "MSI",
												"resource": "https://vault.azure.net"
											}
										}
									}
								]
							}
						},
						{
							"name": "If_RetailScan",
							"type": "IfCondition",
							"dependsOn": [],
							"userProperties": [],
							"typeProperties": {
								"expression": {
									"value": "@equals(item().SourceSystem,'Retail Scan')",
									"type": "Expression"
								},
								"ifTrueActivities": [
									{
										"name": "Execute Pipeline p_e4i_retailscan",
										"type": "ExecutePipeline",
										"dependsOn": [
											{
												"activity": "Get Storage Account URL From KV RS",
												"dependencyConditions": [
													"Succeeded"
												]
											}
										],
										"userProperties": [],
										"typeProperties": {
											"pipeline": {
												"referenceName": "p_e4i_retailscan",
												"type": "PipelineReference"
											},
											"waitOnCompletion": true,
											"parameters": {
												"p_batch_date_time": {
													"value": "@pipeline().parameters.p_batch_date_time",
													"type": "Expression"
												},
												"p_linked_service": "SqlServer_MCS_RetailScan",
												"p_master_pipeline_id": "0abcde12345",
												"p_api_table": {
													"value": "@item().EntityName",
													"type": "Expression"
												},
												"p_destination_type": {
													"value": "@item().TargetType",
													"type": "Expression"
												},
												"p_file_delimiter": {
													"value": "@item().TargetFileDelimiter",
													"type": "Expression"
												},
												"p_file_encoding": {
													"value": "@item().TargetFileEncoding",
													"type": "Expression"
												},
												"p_max_rows_per_file": "1000000000",
												"p_soql_count_query": {
													"value": "@item().SourceCountQuery",
													"type": "Expression"
												},
												"p_soql_select_query": {
													"value": "@item().SourceSelectQuery",
													"type": "Expression"
												},
												"p_quote_character": {
													"value": "@item().TargetFileQuoteChar",
													"type": "Expression"
												},
												"p_escape_character": {
													"value": "@item().TargetFileEscapeChar",
													"type": "Expression"
												},
												"p_file_container": {
													"value": "@item().ContainerName",
													"type": "Expression"
												},
												"p_file_name": {
													"value": "@concat(item().ContainerName,'_', pipeline().parameters.p_batch_date_time, '.csv')",
													"type": "Expression"
												},
												"p_create_eot": {
													"value": "@item().IsGroupLevelEotExtension",
													"type": "Expression"
												},
												"p_trigger_name": {
													"value": "@pipeline().parameters.p_trigger_name",
													"type": "Expression"
												},
												"p_trigger_run_id": {
													"value": "@pipeline().parameters.p_trigger_run_id",
													"type": "Expression"
												},
												"p_trigger_type": {
													"value": "@pipeline().parameters.p_trigger_type",
													"type": "Expression"
												},
												"p_group_eot_row": {
													"value": "@activity('LookupFilesPerGroup').output.count",
													"type": "Expression"
												},
												"p_group_current_row": {
													"value": "@item().RowNumber",
													"type": "Expression"
												},
												"p_create_group_eot": {
													"value": "@pipeline().parameters.p_create_group_eot",
													"type": "Expression"
												},
												"p_object_group_eot_ext": {
													"value": "@item().IsGroupLevelEotExtension",
													"type": "Expression"
												},
												"p_keyvault_account_url": {
													"value": "@activity('Get Storage Account URL From KV RS').output.value",
													"type": "Expression"
												},
												"p_keyvault_account_secret": {
													"value": "@item().KV_StorageAccountSecretKey",
													"type": "Expression"
												},
												"p_target_file_location": {
													"value": "@item().TargetFileLocation",
													"type": "Expression"
												},
												"p_source_incremental_load": {
													"value": "@item().IsSourceIncrementalLoad",
													"type": "Expression"
												},
												"p_config_entity_id": {
													"value": "@item().Id",
													"type": "Expression"
												},
												"p_send_copy_success_msg": {
													"value": "@pipeline().parameters.p_send_copy_success_msg",
													"type": "Expression"
												},
												"p_soql_full_count_query": {
													"value": "@item().SourceFullCountQuery",
													"type": "Expression"
												},
												"p_real_batch_date_time": {
													"value": "@pipeline().parameters.p_real_batch_date_time",
													"type": "Expression"
												}
											}
										}
									},
									{
										"name": "Get Storage Account URL From KV RS",
										"type": "WebActivity",
										"dependsOn": [],
										"policy": {
											"timeout": "0.12:00:00",
											"retry": 0,
											"retryIntervalInSeconds": 30,
											"secureOutput": false,
											"secureInput": false
										},
										"userProperties": [],
										"typeProperties": {
											"url": {
												"value": "@concat(pipeline().globalParameters.KeyVault_DNSName,'secrets/',item().KV_StorageAccountURL,'?api-version=7.0')",
												"type": "Expression"
											},
											"method": "GET",
											"authentication": {
												"type": "MSI",
												"resource": "https://vault.azure.net"
											}
										}
									}
								]
							}
						}
					]
				}
			},
			{
				"name": "LookupFilesPerGroup",
				"type": "Lookup",
				"dependsOn": [],
				"policy": {
					"timeout": "0.12:00:00",
					"retry": 0,
					"retryIntervalInSeconds": 30,
					"secureOutput": false,
					"secureInput": false
				},
				"userProperties": [],
				"typeProperties": {
					"source": {
						"type": "SqlDWSource",
						"sqlReaderQuery": {
							"value": "SELECT [EntityName]\n      ,[SourceSystem]\n      ,[SourceSelectQuery]\n      ,[SourceCountQuery]\n      ,[SourceFullCountQuery]\n      ,[SourceKeyVaultSecret]\n      ,[PrimaryKeyList]\n      ,[TargetFileLocation]\n      ,[TargetType]\n      ,[TargetFileEncoding]\n      ,[TargetFileDelimiter]\n      ,[TargetFileEscapeChar]\n      ,[TargetFileQuoteChar]\n      ,[IsGroupLevelEotExtension]\n      ,[IsSourceIncrementalLoad]\n      ,[StringSeparator]\n      ,[Tolerance]\n      ,[LogRetentionInDays]\n      ,[ContainerName]\n      ,[MoveToProcessing]\n      ,[MoveToArchive]\n      ,[SourceDirectory]\n      ,[ArchiveDirectory]\n      ,[KV_StorageAccountURL]\n      ,[KV_StorageAccountSecretKey] \n      ,[Id]    \n      ,ROW_NUMBER() OVER(ORDER BY Id) AS [RowNumber]\n  FROM [e4i].[ConfigurationEntity_v]\n  WHERE [IsActive] = 1\n  AND [TriggerName] = '@{pipeline().parameters.p_trigger_name}'\n  AND [SourceSystem] = '@{pipeline().parameters.p_source_system}'\n  AND [IsCurrentRow] = 1\n  ORDER BY EntityName",
							"type": "Expression"
						},
						"queryTimeout": "02:00:00",
						"partitionOption": "None"
					},
					"dataset": {
						"referenceName": "d_Azure_Synapse_Analytics_e4i_ConfigurationEntity",
						"type": "DatasetReference"
					},
					"firstRowOnly": false
				}
			},
			{
				"name": "Execute Pipeline SF Meta Lookup Fail p_e4i_activity_log",
				"type": "ExecutePipeline",
				"dependsOn": [
					{
						"activity": "LookupFilesPerGroup",
						"dependencyConditions": [
							"Failed"
						]
					}
				],
				"userProperties": [],
				"typeProperties": {
					"pipeline": {
						"referenceName": "p_e4i_activity_log",
						"type": "PipelineReference"
					},
					"waitOnCompletion": true,
					"parameters": {
						"p_LogCopyActivityEndTime": {
							"value": "@convertFromUtc(utcnow(),'AUS Eastern Standard Time')",
							"type": "Expression"
						},
						"p_LogDataFactoryName": {
							"value": "@pipeline().DataFactory",
							"type": "Expression"
						},
						"p_LogDestination": "Salesforce For Each Activity",
						"p_LogErrorCode": {
							"value": "@activity('LookupFilesPerGroup').Error.errorCode",
							"type": "Expression"
						},
						"p_LogErrorDescription": {
							"value": "@activity('LookupFilesPerGroup').Error.Message",
							"type": "Expression"
						},
						"p_LogExecutionStatus": "Failed",
						"p_LogFailureType": {
							"value": "@activity('LookupFilesPerGroup').Error.failureType",
							"type": "Expression"
						},
						"p_LogParameterID": "0",
						"p_LogParentPipelineRunId": {
							"value": "@pipeline().parameters.p_master_pipeline_id",
							"type": "Expression"
						},
						"p_LogSource": "Salesforce Metadata Lookup Query",
						"p_LogTriggerName": {
							"value": "@pipeline().parameters.p_trigger_name",
							"type": "Expression"
						},
						"p_LogTriggerRunId": {
							"value": "@pipeline().parameters.p_trigger_run_id",
							"type": "Expression"
						},
						"p_LogTriggerTime": {
							"value": "@pipeline().parameters.p_trigger_time",
							"type": "Expression"
						},
						"p_LogTriggerType": {
							"value": "@pipeline().parameters.p_trigger_type",
							"type": "Expression"
						},
						"p_LogPipelineName": {
							"value": "@pipeline().Pipeline",
							"type": "Expression"
						},
						"p_LogPipelineRunId": {
							"value": "@pipeline().RunId",
							"type": "Expression"
						},
						"p_Email_Recipients": {
							"value": "@pipeline().globalParameters.salesforceSupportEmail",
							"type": "Expression"
						},
						"p_Email_Subject": {
							"value": "@concat('E4I Source System Files per Group Lookup query has FAILED for Trigger',  pipeline().parameters.p_trigger_name, ' and Source System ', pipeline().parameters.p_source_system,'.')",
							"type": "Expression"
						},
						"p_Email_Body": {
							"value": "@concat('E4I Source System Files per Group Lookup query has FAILED for Trigger',  pipeline().parameters.p_trigger_name, ' and Source System ', pipeline().parameters.p_source_system,'. Error Code:',activity('LookupFilesPerGroup').Error.errorCode, ' Error Details:',activity('LookupFilesPerGroup').Error.Message)",
							"type": "Expression"
						},
						"p_Email_Importance": "High",
						"p_send_email": 1,
						"p_LogBatchDateTime": {
							"value": "@pipeline().parameters.p_real_batch_date_time",
							"type": "Expression"
						}
					}
				}
			},
			{
				"name": "E4I Metadata Lookup has Failed",
				"type": "Fail",
				"dependsOn": [
					{
						"activity": "Execute Pipeline SF Meta Lookup Fail p_e4i_activity_log",
						"dependencyConditions": [
							"Succeeded"
						]
					}
				],
				"userProperties": [],
				"typeProperties": {
					"message": "E4I Metadata Lookup Query has Failed",
					"errorCode": "604"
				}
			},
			{
				"name": "Log E4I Metadata Lookup Failure has Failed",
				"type": "Fail",
				"dependsOn": [
					{
						"activity": "Execute Pipeline SF Meta Lookup Fail p_e4i_activity_log",
						"dependencyConditions": [
							"Failed"
						]
					}
				],
				"userProperties": [],
				"typeProperties": {
					"message": "Log E4I Metadata Lookup Query Failure has FAILED",
					"errorCode": "605"
				}
			},
			{
				"name": "Execute Pipeline Group Success p_e4i_activity_log",
				"type": "ExecutePipeline",
				"dependsOn": [
					{
						"activity": "ForEachSourceFileGroup",
						"dependencyConditions": [
							"Succeeded"
						]
					}
				],
				"userProperties": [],
				"typeProperties": {
					"pipeline": {
						"referenceName": "p_e4i_activity_log",
						"type": "PipelineReference"
					},
					"waitOnCompletion": true,
					"parameters": {
						"p_LogDataFactoryName": {
							"value": "@pipeline().DataFactory",
							"type": "Expression"
						},
						"p_LogDestination": "salesforce/landing",
						"p_LogExecutionStatus": "Succeeded",
						"p_LogParameterID": "0",
						"p_LogParentPipelineRunId": {
							"value": "@pipeline().parameters.p_master_pipeline_id",
							"type": "Expression"
						},
						"p_LogSource": "Salesforce Loyalty",
						"p_LogSourceType": "API",
						"p_LogTriggerName": {
							"value": "@pipeline().parameters.p_trigger_name",
							"type": "Expression"
						},
						"p_LogTriggerRunId": {
							"value": "@pipeline().parameters.p_trigger_run_id",
							"type": "Expression"
						},
						"p_LogTriggerTime": {
							"value": "@pipeline().parameters.p_trigger_time",
							"type": "Expression"
						},
						"p_LogTriggerType": {
							"value": "@pipeline().parameters.p_trigger_type",
							"type": "Expression"
						},
						"p_LogPipelineName": {
							"value": "@pipeline().Pipeline",
							"type": "Expression"
						},
						"p_LogPipelineRunId": {
							"value": "@pipeline().RunId",
							"type": "Expression"
						},
						"p_Email_Recipients": {
							"value": "@pipeline().globalParameters.salesforceSupportEmail",
							"type": "Expression"
						},
						"p_Email_Subject": {
							"value": "@concat('E4I Source System Files per Group Lookup query has SUCCEEDED for Trigger: ',  pipeline().parameters.p_trigger_name, ' and Source System: ', pipeline().parameters.p_source_system)",
							"type": "Expression"
						},
						"p_Email_Body": {
							"value": "@concat('E4I Source System Files per Group Lookup query has SUCCEEDED for Trigger: ',  pipeline().parameters.p_trigger_name, ' and Source System: ', pipeline().parameters.p_source_system)",
							"type": "Expression"
						},
						"p_Email_Importance": "Normal",
						"p_send_email": 1,
						"p_LogBatchDateTime": {
							"value": "@pipeline().parameters.p_real_batch_date_time",
							"type": "Expression"
						}
					}
				}
			},
			{
				"name": "Log E4I Source System Group Success Has FAILED",
				"type": "Fail",
				"dependsOn": [
					{
						"activity": "Execute Pipeline Group Success p_e4i_activity_log",
						"dependencyConditions": [
							"Failed"
						]
					}
				],
				"userProperties": [],
				"typeProperties": {
					"message": "Log E4I Source System File Group Success has FAILED",
					"errorCode": "601"
				}
			},
			{
				"name": "E4I Source System File Group Extracts have FAILED",
				"type": "Fail",
				"dependsOn": [
					{
						"activity": "Execute Pipeline Group Failure p_e4i_activity_log_copy1",
						"dependencyConditions": [
							"Succeeded"
						]
					}
				],
				"userProperties": [],
				"typeProperties": {
					"message": "E4I Source System File Group Extracts have FAILED",
					"errorCode": "602"
				}
			},
			{
				"name": "Execute Pipeline Group Failure p_e4i_activity_log_copy1",
				"type": "ExecutePipeline",
				"dependsOn": [
					{
						"activity": "ForEachSourceFileGroup",
						"dependencyConditions": [
							"Failed"
						]
					}
				],
				"userProperties": [],
				"typeProperties": {
					"pipeline": {
						"referenceName": "p_e4i_activity_log",
						"type": "PipelineReference"
					},
					"waitOnCompletion": true,
					"parameters": {
						"p_LogDataFactoryName": {
							"value": "@pipeline().DataFactory",
							"type": "Expression"
						},
						"p_LogDestination": "salesforce/landing",
						"p_LogErrorCode": {
							"value": "@activity('ForEachSourceFileGroup').Error.errorCode",
							"type": "Expression"
						},
						"p_LogErrorDescription": {
							"value": "@activity('ForEachSourceFileGroup').Error.Message",
							"type": "Expression"
						},
						"p_LogErrorLoggedTime": {
							"value": "@convertFromUtc(utcnow(),'AUS Eastern Standard Time')",
							"type": "Expression"
						},
						"p_LogExecutionStatus": "Failed",
						"p_LogFailureType": "Copy Activity",
						"p_LogParameterID": "0",
						"p_LogParentPipelineRunId": {
							"value": "@pipeline().parameters.p_master_pipeline_id",
							"type": "Expression"
						},
						"p_LogSource": "Salesforce Loyalty",
						"p_LogSourceType": "API",
						"p_LogTriggerName": {
							"value": "@pipeline().parameters.p_trigger_name",
							"type": "Expression"
						},
						"p_LogTriggerRunId": {
							"value": "@pipeline().parameters.p_trigger_run_id",
							"type": "Expression"
						},
						"p_LogTriggerTime": {
							"value": "@pipeline().parameters.p_trigger_time",
							"type": "Expression"
						},
						"p_LogTriggerType": {
							"value": "@pipeline().parameters.p_trigger_type",
							"type": "Expression"
						},
						"p_LogPipelineName": {
							"value": "@pipeline().Pipeline",
							"type": "Expression"
						},
						"p_LogPipelineRunId": {
							"value": "@pipeline().RunId",
							"type": "Expression"
						},
						"p_Email_Recipients": {
							"value": "@pipeline().globalParameters.salesforceSupportEmail",
							"type": "Expression"
						},
						"p_Email_Subject": {
							"value": "@concat('E4I Source System Files per Group Extracts have FAILED for Trigger: ',  pipeline().parameters.p_trigger_name, ' and Source System ', pipeline().parameters.p_source_system)",
							"type": "Expression"
						},
						"p_Email_Body": {
							"value": "@concat('E4I Source System Files per Group Extracts have FAILED for Trigger: ', pipeline().parameters.p_trigger_name, ' and Source System: ', pipeline().parameters.p_source_system,'. Error Code: ', activity('ForEachSourceFileGroup').Error.errorCode, ' Error Message:', activity('ForEachSourceFileGroup').Error.Message)",
							"type": "Expression"
						},
						"p_Email_Importance": "High",
						"p_send_email": 1,
						"p_LogBatchDateTime": {
							"value": "@pipeline().parameters.p_real_batch_date_time",
							"type": "Expression"
						}
					}
				}
			},
			{
				"name": "Log E4I Source File Group Extracts Failure has FAILED",
				"type": "Fail",
				"dependsOn": [
					{
						"activity": "Execute Pipeline Group Failure p_e4i_activity_log_copy1",
						"dependencyConditions": [
							"Failed"
						]
					}
				],
				"userProperties": [],
				"typeProperties": {
					"message": "Log E4I Source System File Group Extracts Failure has FAILED",
					"errorCode": "603"
				}
			}
		],
		"parameters": {
			"p_trigger_name": {
				"type": "string",
				"defaultValue": "dummy_trigger"
			},
			"p_trigger_run_id": {
				"type": "string",
				"defaultValue": "xyz123"
			},
			"p_trigger_time": {
				"type": "string"
			},
			"p_trigger_type": {
				"type": "string",
				"defaultValue": "Manual"
			},
			"p_master_pipeline_id": {
				"type": "string",
				"defaultValue": "dummy1234"
			},
			"p_source_system": {
				"type": "string",
				"defaultValue": "Salesforce Loyalty"
			},
			"p_create_group_eot": {
				"type": "int",
				"defaultValue": 1
			},
			"p_batch_date_time": {
				"type": "string"
			},
			"p_send_copy_success_msg": {
				"type": "int",
				"defaultValue": 0
			},
			"p_real_batch_date_time": {
				"type": "string"
			}
		},
		"variables": {
			"KV_StorageAccountSecretKey": {
				"type": "String"
			}
		},
		"folder": {
			"name": "EXTRACT/SUNDRY_EXTERNAL_SYSTEMS"
		},
		"annotations": [],
		"lastPublishTime": "2023-01-13T05:39:08Z"
	},
	"type": "Microsoft.DataFactory/factories/pipelines"
}