{
	"name": "p_e4i_activity_log",
	"properties": {
		"activities": [
			{
				"name": "log_file_activity_metadata",
				"type": "SqlServerStoredProcedure",
				"dependsOn": [],
				"policy": {
					"timeout": "0.12:00:00",
					"retry": 0,
					"retryIntervalInSeconds": 30,
					"secureOutput": false,
					"secureInput": false
				},
				"userProperties": [],
				"typeProperties": {
					"storedProcedureName": "[e4i].[SP_LogExtractDetails]",
					"storedProcedureParameters": {
						"p_CopyActivityEndTime": {
							"value": {
								"value": "@pipeline().parameters.p_LogCopyActivityEndTime",
								"type": "Expression"
							},
							"type": "DateTime"
						},
						"p_CopyActivityQueuingDurationInSecs": {
							"value": {
								"value": "@pipeline().parameters.p_LogCopyActivityQueuingDurationInSecs",
								"type": "Expression"
							},
							"type": "Int32"
						},
						"p_CopyActivityRunId": {
							"value": {
								"value": "@pipeline().parameters.p_LogCopyActivityRunId",
								"type": "Expression"
							},
							"type": "String"
						},
						"p_CopyActivityStartTime": {
							"value": {
								"value": "@pipeline().parameters.p_LogCopyActivityStartTime",
								"type": "Expression"
							},
							"type": "DateTime"
						},
						"p_CopyActivityTransferDurationInSecs": {
							"value": {
								"value": "@pipeline().parameters.p_LogCopyActivityTransferDurationInSecs",
								"type": "Expression"
							},
							"type": "Int32"
						},
						"p_CopyDurationInSecs": {
							"value": {
								"value": "@pipeline().parameters.p_LogCopyDurationInSecs",
								"type": "Expression"
							},
							"type": "Int32"
						},
						"p_DataFactoryName": {
							"value": {
								"value": "@pipeline().parameters.p_LogDataFactoryName",
								"type": "Expression"
							},
							"type": "String"
						},
						"p_DataRead": {
							"value": {
								"value": "@pipeline().parameters.p_LogDataRead",
								"type": "Expression"
							},
							"type": "Int64"
						},
						"p_Destination": {
							"value": {
								"value": "@pipeline().parameters.p_LogDestination",
								"type": "Expression"
							},
							"type": "String"
						},
						"p_EffectiveIntegrationRuntime": {
							"value": {
								"value": "@pipeline().parameters.p_LogEffectiveIntegrationRuntime",
								"type": "Expression"
							},
							"type": "String"
						},
						"p_ErrorCode": {
							"value": {
								"value": "@pipeline().parameters.p_LogErrorCode",
								"type": "Expression"
							},
							"type": "String"
						},
						"p_ErrorDescription": {
							"value": {
								"value": "@pipeline().parameters.p_LogErrorDescription",
								"type": "Expression"
							},
							"type": "String"
						},
						"p_ErrorLoggedTime": {
							"value": {
								"value": "@pipeline().parameters.p_LogErrorLoggedTime",
								"type": "Expression"
							},
							"type": "DateTime"
						},
						"p_ExecutionStatus": {
							"value": {
								"value": "@pipeline().parameters.p_LogExecutionStatus",
								"type": "Expression"
							},
							"type": "String"
						},
						"p_FailureType": {
							"value": {
								"value": "@pipeline().parameters.p_LogFailureType",
								"type": "Expression"
							},
							"type": "String"
						},
						"p_NoParallelCopies": {
							"value": {
								"value": "@pipeline().parameters.p_LogNoParallelCopies",
								"type": "Expression"
							},
							"type": "Int32"
						},
						"p_ParameterID": {
							"value": {
								"value": "@pipeline().parameters.p_LogParameterID",
								"type": "Expression"
							},
							"type": "Int32"
						},
						"p_ParentPipelineRunId": {
							"value": {
								"value": "@pipeline().parameters.p_LogParentPipelineRunId",
								"type": "Expression"
							},
							"type": "String"
						},
						"p_PipelineName": {
							"value": {
								"value": "@pipeline().parameters.p_LogPipelineName",
								"type": "Expression"
							},
							"type": "String"
						},
						"p_PipelineRunId": {
							"value": {
								"value": "@pipeline().parameters.p_LogPipelineRunId",
								"type": "Expression"
							},
							"type": "String"
						},
						"p_RowsCopied": {
							"value": {
								"value": "@pipeline().parameters.p_LogRowsCopied",
								"type": "Expression"
							},
							"type": "Int32"
						},
						"p_SinkType": {
							"value": {
								"value": "@pipeline().parameters.p_LogSinkType",
								"type": "Expression"
							},
							"type": "String"
						},
						"p_Source": {
							"value": {
								"value": "@pipeline().parameters.p_LogSource",
								"type": "Expression"
							},
							"type": "String"
						},
						"p_SourceType": {
							"value": {
								"value": "@pipeline().parameters.p_LogSourceType",
								"type": "Expression"
							},
							"type": "String"
						},
						"p_TriggerName": {
							"value": {
								"value": "@pipeline().parameters.p_LogTriggerName",
								"type": "Expression"
							},
							"type": "String"
						},
						"p_TriggerRunId": {
							"value": {
								"value": "@pipeline().parameters.p_LogTriggerRunId",
								"type": "Expression"
							},
							"type": "String"
						},
						"p_TriggerTime": {
							"value": {
								"value": "@pipeline().parameters.p_LogTriggerTime",
								"type": "Expression"
							},
							"type": "DateTime"
						},
						"p_TriggerType": {
							"value": {
								"value": "@pipeline().parameters.p_LogTriggerType",
								"type": "Expression"
							},
							"type": "String"
						},
						"p_SourceObjectRowCount": {
							"value": {
								"value": "@pipeline().parameters.p_LogSourceObjectRowCount",
								"type": "Expression"
							},
							"type": "Int32"
						},
						"p_SourceQueryRowCount": {
							"value": {
								"value": "@pipeline().parameters.p_LogSourceQueryRowCount",
								"type": "Expression"
							},
							"type": "Int32"
						},
						"p_BatchDateTime": {
							"value": {
								"value": "@pipeline().parameters.p_LogBatchDateTime",
								"type": "Expression"
							},
							"type": "Datetime"
						}
					}
				},
				"linkedServiceName": {
					"referenceName": "AzureSynapseAnalytics_EIM",
					"type": "LinkedServiceReference"
				}
			},
			{
				"name": "E4I Activity Log Failure",
				"type": "Fail",
				"dependsOn": [
					{
						"activity": "log_file_activity_metadata",
						"dependencyConditions": [
							"Failed"
						]
					}
				],
				"userProperties": [],
				"typeProperties": {
					"message": "E4I Activity Log Failure",
					"errorCode": "501"
				}
			},
			{
				"name": "If SendEmail",
				"type": "IfCondition",
				"dependsOn": [
					{
						"activity": "log_file_activity_metadata",
						"dependencyConditions": [
							"Succeeded"
						]
					}
				],
				"userProperties": [],
				"typeProperties": {
					"expression": {
						"value": "@equals(pipeline().parameters.p_send_email,1)",
						"type": "Expression"
					},
					"ifTrueActivities": [
						{
							"name": "Execute Pipeline p_send_email Copy Data Success",
							"type": "ExecutePipeline",
							"dependsOn": [],
							"userProperties": [],
							"typeProperties": {
								"pipeline": {
									"referenceName": "send-email",
									"type": "PipelineReference"
								},
								"waitOnCompletion": true,
								"parameters": {
									"email": {
										"value": "@pipeline().parameters.p_Email_Recipients",
										"type": "Expression"
									},
									"subject": {
										"value": "@pipeline().parameters.p_Email_Subject",
										"type": "Expression"
									},
									"body": {
										"value": "@pipeline().parameters.p_Email_Body",
										"type": "Expression"
									},
									"importance": {
										"value": "@pipeline().parameters.p_Email_Importance",
										"type": "Expression"
									}
								}
							}
						},
						{
							"name": "E4I Send Email Failure",
							"type": "Fail",
							"dependsOn": [
								{
									"activity": "Execute Pipeline p_send_email Copy Data Success",
									"dependencyConditions": [
										"Failed"
									]
								}
							],
							"userProperties": [],
							"typeProperties": {
								"message": "E4I Send Email Failure",
								"errorCode": "501"
							}
						}
					]
				}
			}
		],
		"parameters": {
			"p_LogCopyActivityEndTime": {
				"type": "string"
			},
			"p_LogCopyActivityQueuingDurationInSecs": {
				"type": "int"
			},
			"p_LogCopyActivityRunId": {
				"type": "string"
			},
			"p_LogCopyActivityStartTime": {
				"type": "string"
			},
			"p_LogCopyActivityTransferDurationInSecs": {
				"type": "int"
			},
			"p_LogCopyDurationInSecs": {
				"type": "int"
			},
			"p_LogDataFactoryName": {
				"type": "string"
			},
			"p_LogDataRead": {
				"type": "int"
			},
			"p_LogDestination": {
				"type": "string"
			},
			"p_LogEffectiveIntegrationRuntime": {
				"type": "string"
			},
			"p_LogErrorCode": {
				"type": "string"
			},
			"p_LogErrorDescription": {
				"type": "string"
			},
			"p_LogErrorLoggedTime": {
				"type": "string"
			},
			"p_LogExecutionStatus": {
				"type": "string"
			},
			"p_LogFailureType": {
				"type": "string"
			},
			"p_LogNoParallelCopies": {
				"type": "string"
			},
			"p_LogParameterID": {
				"type": "string"
			},
			"p_LogParentPipelineRunId": {
				"type": "string"
			},
			"p_LogRowsCopied": {
				"type": "int"
			},
			"p_LogSinkType": {
				"type": "string"
			},
			"p_LogSource": {
				"type": "string"
			},
			"p_LogSourceType": {
				"type": "string"
			},
			"p_LogTriggerName": {
				"type": "string"
			},
			"p_LogTriggerRunId": {
				"type": "string"
			},
			"p_LogTriggerTime": {
				"type": "string"
			},
			"p_LogTriggerType": {
				"type": "string"
			},
			"p_LogPipelineName": {
				"type": "string"
			},
			"p_LogPipelineRunId": {
				"type": "string"
			},
			"p_Email_Recipients": {
				"type": "string"
			},
			"p_Email_Subject": {
				"type": "string"
			},
			"p_Email_Body": {
				"type": "string"
			},
			"p_Email_Importance": {
				"type": "string"
			},
			"p_send_email": {
				"type": "int",
				"defaultValue": 0
			},
			"p_LogSourceObjectRowCount": {
				"type": "int"
			},
			"p_LogSourceQueryRowCount": {
				"type": "int"
			},
			"p_LogBatchDateTime": {
				"type": "string"
			}
		},
		"folder": {
			"name": "EXTRACT/SUNDRY_EXTERNAL_SYSTEMS"
		},
		"annotations": [],
		"lastPublishTime": "2023-01-09T05:30:13Z"
	},
	"type": "Microsoft.DataFactory/factories/pipelines"
}