{
	"name": "p_e4i_master",
	"properties": {
		"activities": [
			{
				"name": "set_datetime",
				"description": "Returns date (yyyyMMddHHmm) as string for use in file names and copy into stored procedure",
				"type": "SetVariable",
				"dependsOn": [
					{
						"activity": "set_batch_datetime",
						"dependencyConditions": [
							"Succeeded"
						]
					}
				],
				"userProperties": [],
				"typeProperties": {
					"variableName": "date_time",
					"value": {
						"value": "@formatDateTime(variables('batch_date_time'),'yyyyMMddHHmm')",
						"type": "Expression"
					}
				}
			},
			{
				"name": "GetSourceSystemGroup",
				"description": "Returns all SourceSystem values to loop through",
				"type": "Lookup",
				"dependsOn": [
					{
						"activity": "set_datetime",
						"dependencyConditions": [
							"Succeeded"
						]
					}
				],
				"policy": {
					"timeout": "0.12:00:00",
					"retry": 0,
					"retryIntervalInSeconds": 30,
					"secureOutput": false,
					"secureInput": false
				},
				"userProperties": [],
				"typeProperties": {
					"source": {
						"type": "SqlDWSource",
						"sqlReaderQuery": {
							"value": "SELECT DISTINCT SourceSystem, KV_StorageAccountURL, KV_StorageAccountSecretKey\nFROM [e4i].[ConfigurationEntity]\nWHERE [TriggerName] = '@{pipeline().TriggerName}'\n",
							"type": "Expression"
						},
						"queryTimeout": "02:00:00",
						"partitionOption": "None"
					},
					"dataset": {
						"referenceName": "d_Azure_Synapse_Analytics_e4i_ConfigurationEntity",
						"type": "DatasetReference"
					},
					"firstRowOnly": false
				}
			},
			{
				"name": "Execute Source System Lookup Fail p_e4i_activity_log",
				"type": "ExecutePipeline",
				"dependsOn": [
					{
						"activity": "GetSourceSystemGroup",
						"dependencyConditions": [
							"Failed"
						]
					}
				],
				"userProperties": [],
				"typeProperties": {
					"pipeline": {
						"referenceName": "p_e4i_activity_log",
						"type": "PipelineReference"
					},
					"waitOnCompletion": true,
					"parameters": {
						"p_LogCopyActivityEndTime": {
							"value": "@convertFromUtc(utcnow(),'AUS Eastern Standard Time')",
							"type": "Expression"
						},
						"p_LogDataFactoryName": {
							"value": "@pipeline().DataFactory",
							"type": "Expression"
						},
						"p_LogDestination": "ForEachE4IGroup Activity",
						"p_LogErrorCode": {
							"value": "@activity('GetSourceSystemGroup').Error.errorCode",
							"type": "Expression"
						},
						"p_LogErrorDescription": {
							"value": "@activity('GetSourceSystemGroup').Error.Message",
							"type": "Expression"
						},
						"p_LogExecutionStatus": "Failed",
						"p_LogFailureType": {
							"value": "@activity('GetSourceSystemGroup').Error.failureType",
							"type": "Expression"
						},
						"p_LogParameterID": "0",
						"p_LogParentPipelineRunId": {
							"value": "@pipeline().RunId",
							"type": "Expression"
						},
						"p_LogSource": "E4I Source System Group Lookup Query",
						"p_LogTriggerName": {
							"value": "@pipeline().TriggerName",
							"type": "Expression"
						},
						"p_LogTriggerRunId": {
							"value": "@pipeline().TriggerId",
							"type": "Expression"
						},
						"p_LogTriggerTime": {
							"value": "@pipeline().TriggerTime",
							"type": "Expression"
						},
						"p_LogTriggerType": {
							"value": "@pipeline().TriggerType",
							"type": "Expression"
						},
						"p_LogPipelineName": {
							"value": "@pipeline().Pipeline",
							"type": "Expression"
						},
						"p_LogPipelineRunId": {
							"value": "@pipeline().RunId",
							"type": "Expression"
						},
						"p_Email_Recipients": {
							"value": "@pipeline().globalParameters.salesforceSupportEmail",
							"type": "Expression"
						},
						"p_Email_Subject": {
							"value": "@concat('E4I Get Source System Group Lookup query has FAILED for Trigger: ', pipeline().TriggerName)",
							"type": "Expression"
						},
						"p_Email_Body": {
							"value": "@concat('E4I Get Source System Group Lookup query has FAILED for Trigger: ', pipeline().TriggerName,' Error Code:',activity('GetSourceSystemGroup').Error.errorCode, ' Error Details:',activity('GetSourceSystemGroup').Error.Message)",
							"type": "Expression"
						},
						"p_Email_Importance": "High",
						"p_send_email": 1,
						"p_LogBatchDateTime": {
							"value": "@variables('batch_date_time')",
							"type": "Expression"
						}
					}
				}
			},
			{
				"name": "Log E4I Source System Lookup Success has Failed",
				"type": "Fail",
				"dependsOn": [
					{
						"activity": "Execute Source System Lookup Fail p_e4i_activity_log",
						"dependencyConditions": [
							"Succeeded"
						]
					}
				],
				"userProperties": [],
				"typeProperties": {
					"message": "Log E4I Source System Metadata Lookup Success has FAILED",
					"errorCode": "204"
				}
			},
			{
				"name": "E4I Source System Metadata Lookup has FAILED",
				"type": "Fail",
				"dependsOn": [
					{
						"activity": "Execute Source System Lookup Fail p_e4i_activity_log",
						"dependencyConditions": [
							"Failed"
						]
					}
				],
				"userProperties": [],
				"typeProperties": {
					"message": "E4I Source System Metadata Lookup has FAILED",
					"errorCode": "205"
				}
			},
			{
				"name": "Execute Pipeline Master Success p_e4i_activity_log",
				"type": "ExecutePipeline",
				"dependsOn": [
					{
						"activity": "ForEachE4IGroup",
						"dependencyConditions": [
							"Succeeded"
						]
					}
				],
				"userProperties": [],
				"typeProperties": {
					"pipeline": {
						"referenceName": "p_e4i_activity_log",
						"type": "PipelineReference"
					},
					"waitOnCompletion": true,
					"parameters": {
						"p_LogDataFactoryName": {
							"value": "@pipeline().DataFactory",
							"type": "Expression"
						},
						"p_LogDestination": "salesforce/landing",
						"p_LogExecutionStatus": "Succeeded",
						"p_LogParameterID": "0",
						"p_LogParentPipelineRunId": {
							"value": "@pipeline().RunId",
							"type": "Expression"
						},
						"p_LogSource": "Salesforce Loyalty",
						"p_LogSourceType": "API",
						"p_LogTriggerName": {
							"value": "@pipeline().TriggerName",
							"type": "Expression"
						},
						"p_LogTriggerRunId": {
							"value": "@pipeline().TriggerId",
							"type": "Expression"
						},
						"p_LogTriggerTime": {
							"value": "@pipeline().TriggerTime",
							"type": "Expression"
						},
						"p_LogTriggerType": {
							"value": "@pipeline().TriggerType",
							"type": "Expression"
						},
						"p_LogPipelineName": {
							"value": "@pipeline().Pipeline",
							"type": "Expression"
						},
						"p_LogPipelineRunId": {
							"value": "@pipeline().RunId",
							"type": "Expression"
						},
						"p_Email_Recipients": {
							"value": "@pipeline().globalParameters.salesforceSupportEmail",
							"type": "Expression"
						},
						"p_Email_Subject": {
							"value": "@concat('E4I Source System Master pipeline for Trigger: ', pipeline().TriggerName,' has SUCCEEDED.')",
							"type": "Expression"
						},
						"p_Email_Body": {
							"value": "@concat('E4I Source System Master pipeline for Trigger:', pipeline().TriggerName, ' has SUCCEEDED.')",
							"type": "Expression"
						},
						"p_Email_Importance": "Normal",
						"p_send_email": 1,
						"p_LogBatchDateTime": {
							"value": "@variables('batch_date_time')",
							"type": "Expression"
						}
					}
				}
			},
			{
				"name": "Log E4I Master Pipeline Success Has FAILED",
				"type": "Fail",
				"dependsOn": [
					{
						"activity": "Execute Pipeline Master Success p_e4i_activity_log",
						"dependencyConditions": [
							"Failed"
						]
					}
				],
				"userProperties": [],
				"typeProperties": {
					"message": "Log E4I Master Pipeline Success has Failed",
					"errorCode": "201"
				}
			},
			{
				"name": "Execute Pipeline Master Fail p_e4i_activity_log_copy1",
				"type": "ExecutePipeline",
				"dependsOn": [
					{
						"activity": "ForEachE4IGroup",
						"dependencyConditions": [
							"Failed"
						]
					}
				],
				"userProperties": [],
				"typeProperties": {
					"pipeline": {
						"referenceName": "p_e4i_activity_log",
						"type": "PipelineReference"
					},
					"waitOnCompletion": true,
					"parameters": {
						"p_LogCopyActivityEndTime": {
							"value": "@convertFromUtc(utcnow(),'AUS Eastern Standard Time')",
							"type": "Expression"
						},
						"p_LogDataFactoryName": {
							"value": "@pipeline().DataFactory",
							"type": "Expression"
						},
						"p_LogDestination": "Source System Group Extracts to ADLS for Ingestion",
						"p_LogErrorCode": {
							"value": "@activity('ForEachE4IGroup').Error.errorCode",
							"type": "Expression"
						},
						"p_LogErrorDescription": {
							"value": "@activity('ForEachE4IGroup').Error.Message",
							"type": "Expression"
						},
						"p_LogExecutionStatus": "Failed",
						"p_LogFailureType": {
							"value": "@activity('ForEachE4IGroup').Error.failureType",
							"type": "Expression"
						},
						"p_LogParameterID": "0",
						"p_LogParentPipelineRunId": {
							"value": "@pipeline().RunId",
							"type": "Expression"
						},
						"p_LogSource": "Source Systems",
						"p_LogTriggerName": {
							"value": "@pipeline().TriggerName",
							"type": "Expression"
						},
						"p_LogTriggerRunId": {
							"value": "@pipeline().TriggerId",
							"type": "Expression"
						},
						"p_LogTriggerTime": {
							"value": "@pipeline().TriggerTime",
							"type": "Expression"
						},
						"p_LogTriggerType": {
							"value": "@pipeline().TriggerType",
							"type": "Expression"
						},
						"p_LogPipelineName": {
							"value": "@pipeline().Pipeline",
							"type": "Expression"
						},
						"p_LogPipelineRunId": {
							"value": "@pipeline().RunId",
							"type": "Expression"
						},
						"p_Email_Recipients": {
							"value": "@pipeline().globalParameters.salesforceSupportEmail",
							"type": "Expression"
						},
						"p_Email_Subject": {
							"value": "@concat('E4I Source System Master pipeline has FAILED for Trigger: ', pipeline().TriggerName, ' and Source System ', variables('source_system'), '.')",
							"type": "Expression"
						},
						"p_Email_Body": {
							"value": "@concat('E4I Source System Master pipeline has FAILED for Trigger: ', pipeline().TriggerName, ' and Source System: ', variables('source_system'), '. Error Code:', activity('ForEachE4IGroup').Error.errorCode, ' Error Details:', activity('ForEachE4IGroup').Error.Message)",
							"type": "Expression"
						},
						"p_Email_Importance": "High",
						"p_send_email": 1,
						"p_LogBatchDateTime": {
							"value": "@variables('batch_date_time')",
							"type": "Expression"
						}
					}
				}
			},
			{
				"name": "E4I Master Pipeline has FAILED",
				"type": "Fail",
				"dependsOn": [
					{
						"activity": "Execute Pipeline Master Fail p_e4i_activity_log_copy1",
						"dependencyConditions": [
							"Succeeded"
						]
					}
				],
				"userProperties": [],
				"typeProperties": {
					"message": "E4I Master Pipeline has FAILED",
					"errorCode": "202"
				}
			},
			{
				"name": "Log E4I Master Pipeline Failure has Failed",
				"type": "Fail",
				"dependsOn": [
					{
						"activity": "Execute Pipeline Master Fail p_e4i_activity_log_copy1",
						"dependencyConditions": [
							"Failed"
						]
					}
				],
				"userProperties": [],
				"typeProperties": {
					"message": "Log E4I Master Pipeline Failure has FAILED",
					"errorCode": "203"
				}
			},
			{
				"name": "ForEachE4IGroup",
				"type": "ForEach",
				"dependsOn": [
					{
						"activity": "GetSourceSystemGroup",
						"dependencyConditions": [
							"Succeeded"
						]
					}
				],
				"userProperties": [],
				"typeProperties": {
					"items": {
						"value": "@activity('GetSourceSystemGroup').output.value",
						"type": "Expression"
					},
					"isSequential": true,
					"activities": [
						{
							"name": "Execute Source System Group Pipeline",
							"type": "ExecutePipeline",
							"dependsOn": [
								{
									"activity": "Set variable Source System",
									"dependencyConditions": [
										"Succeeded"
									]
								}
							],
							"userProperties": [],
							"typeProperties": {
								"pipeline": {
									"referenceName": "p_e4i_filespergroup",
									"type": "PipelineReference"
								},
								"waitOnCompletion": true,
								"parameters": {
									"p_trigger_name": {
										"value": "@pipeline().TriggerName",
										"type": "Expression"
									},
									"p_trigger_run_id": {
										"value": "@pipeline().TriggerId",
										"type": "Expression"
									},
									"p_trigger_time": {
										"value": "@pipeline().TriggerTime",
										"type": "Expression"
									},
									"p_trigger_type": {
										"value": "@pipeline().TriggerType",
										"type": "Expression"
									},
									"p_master_pipeline_id": {
										"value": "@pipeline().RunId",
										"type": "Expression"
									},
									"p_source_system": {
										"value": "@item().SourceSystem",
										"type": "Expression"
									},
									"p_create_group_eot": 1,
									"p_batch_date_time": {
										"value": "@variables('date_time')",
										"type": "Expression"
									},
									"p_send_copy_success_msg": {
										"value": "@pipeline().parameters.p_send_copy_success_msg",
										"type": "Expression"
									},
									"p_real_batch_date_time": {
										"value": "@variables('batch_date_time')",
										"type": "Expression"
									}
								}
							}
						},
						{
							"name": "If_group_EOT_flagged",
							"type": "IfCondition",
							"dependsOn": [
								{
									"activity": "Execute Source System Group Pipeline",
									"dependencyConditions": [
										"Succeeded"
									]
								}
							],
							"userProperties": [],
							"typeProperties": {
								"expression": {
									"value": "@and(equals(pipeline().parameters.p_create_group_eot,1),equals(item().SourceSystem,'Salesforce Loyalty'))",
									"type": "Expression"
								},
								"ifTrueActivities": [
									{
										"name": "Get Storage Account URL From KV",
										"type": "WebActivity",
										"dependsOn": [],
										"policy": {
											"timeout": "0.12:00:00",
											"retry": 0,
											"retryIntervalInSeconds": 30,
											"secureOutput": false,
											"secureInput": false
										},
										"userProperties": [],
										"typeProperties": {
											"url": {
												"value": "@concat(pipeline().globalParameters.KeyVault_DNSName,'secrets/',item().KV_StorageAccountURL,'?api-version=7.0')",
												"type": "Expression"
											},
											"method": "GET",
											"authentication": {
												"type": "MSI",
												"resource": "https://vault.azure.net"
											}
										}
									},
									{
										"name": "Copy Group EOT",
										"type": "Copy",
										"dependsOn": [
											{
												"activity": "Get Storage Account URL From KV",
												"dependencyConditions": [
													"Succeeded"
												]
											}
										],
										"policy": {
											"timeout": "0.12:00:00",
											"retry": 0,
											"retryIntervalInSeconds": 30,
											"secureOutput": false,
											"secureInput": false
										},
										"userProperties": [],
										"typeProperties": {
											"source": {
												"type": "DelimitedTextSource",
												"storeSettings": {
													"type": "AzureBlobFSReadSettings",
													"recursive": true,
													"enablePartitionDiscovery": false
												},
												"formatSettings": {
													"type": "DelimitedTextReadSettings"
												}
											},
											"sink": {
												"type": "DelimitedTextSink",
												"storeSettings": {
													"type": "AzureBlobFSWriteSettings"
												},
												"formatSettings": {
													"type": "DelimitedTextWriteSettings",
													"quoteAllText": true,
													"fileExtension": ".txt"
												}
											},
											"enableStaging": false,
											"translator": {
												"type": "TabularTranslator",
												"typeConversion": true,
												"typeConversionSettings": {
													"allowDataTruncation": true,
													"treatBooleanAsNumber": false
												}
											}
										},
										"inputs": [
											{
												"referenceName": "d_ADLS_Salesforce_Dummy_EOT",
												"type": "DatasetReference",
												"parameters": {
													"p_file_name": "salesforce.dummy.txt.eot",
													"p_account_name": {
														"value": "@activity('Get Storage Account URL From KV').output.value",
														"type": "Expression"
													},
													"p_secret_key": {
														"value": "@item().KV_StorageAccountSecretKey",
														"type": "Expression"
													},
													"p_file_location": "salesforce"
												}
											}
										],
										"outputs": [
											{
												"referenceName": "d_ADLS_Salesforce_EOT",
												"type": "DatasetReference",
												"parameters": {
													"p_file_name": {
														"value": "@concat('SalesforceLoyaltyExtract', variables('date_time'),'.csv.eot')",
														"type": "Expression"
													},
													"p_account_name": {
														"value": "@activity('Get Storage Account URL From KV').output.value",
														"type": "Expression"
													},
													"p_secret_key": {
														"value": "@item().KV_StorageAccountSecretKey",
														"type": "Expression"
													},
													"p_file_location": "salesforce",
													"p_container_name": "landing"
												}
											}
										]
									}
								]
							}
						},
						{
							"name": "Set variable Source System",
							"type": "SetVariable",
							"dependsOn": [],
							"userProperties": [],
							"typeProperties": {
								"variableName": "source_system",
								"value": {
									"value": "@item().SourceSystem",
									"type": "Expression"
								}
							}
						},
						{
							"name": "If_group_RS_EOT_flagged",
							"type": "IfCondition",
							"dependsOn": [
								{
									"activity": "If_group_EOT_flagged",
									"dependencyConditions": [
										"Succeeded"
									]
								}
							],
							"userProperties": [],
							"typeProperties": {
								"expression": {
									"value": "@and(equals(pipeline().parameters.p_create_group_eot,1),equals(item().SourceSystem,'Retail Scan'))",
									"type": "Expression"
								},
								"ifTrueActivities": [
									{
										"name": "Get Storage Account URL From KV RS",
										"type": "WebActivity",
										"dependsOn": [],
										"policy": {
											"timeout": "0.12:00:00",
											"retry": 0,
											"retryIntervalInSeconds": 30,
											"secureOutput": false,
											"secureInput": false
										},
										"userProperties": [],
										"typeProperties": {
											"url": {
												"value": "@concat(pipeline().globalParameters.KeyVault_DNSName,'secrets/',item().KV_StorageAccountURL,'?api-version=7.0')",
												"type": "Expression"
											},
											"method": "GET",
											"authentication": {
												"type": "MSI",
												"resource": "https://vault.azure.net"
											}
										}
									},
									{
										"name": "Copy Group RS EOT",
										"type": "Copy",
										"dependsOn": [
											{
												"activity": "Get Storage Account URL From KV RS",
												"dependencyConditions": [
													"Succeeded"
												]
											}
										],
										"policy": {
											"timeout": "0.12:00:00",
											"retry": 0,
											"retryIntervalInSeconds": 30,
											"secureOutput": false,
											"secureInput": false
										},
										"userProperties": [],
										"typeProperties": {
											"source": {
												"type": "DelimitedTextSource",
												"storeSettings": {
													"type": "AzureBlobFSReadSettings",
													"recursive": true,
													"enablePartitionDiscovery": false
												},
												"formatSettings": {
													"type": "DelimitedTextReadSettings"
												}
											},
											"sink": {
												"type": "DelimitedTextSink",
												"storeSettings": {
													"type": "AzureBlobFSWriteSettings"
												},
												"formatSettings": {
													"type": "DelimitedTextWriteSettings",
													"quoteAllText": true,
													"fileExtension": ".txt"
												}
											},
											"enableStaging": false,
											"translator": {
												"type": "TabularTranslator",
												"typeConversion": true,
												"typeConversionSettings": {
													"allowDataTruncation": true,
													"treatBooleanAsNumber": false
												}
											}
										},
										"inputs": [
											{
												"referenceName": "d_ADLS_RetailScan_Dummy_EOT",
												"type": "DatasetReference",
												"parameters": {
													"p_file_name": "retailscan.dummy.txt.eot",
													"p_account_name": {
														"value": "@activity('Get Storage Account URL From KV RS').output.value",
														"type": "Expression"
													},
													"p_secret_key": {
														"value": "@item().KV_StorageAccountSecretKey",
														"type": "Expression"
													},
													"p_file_location": "retailscan"
												}
											}
										],
										"outputs": [
											{
												"referenceName": "d_ADLS_RetailScan_EOT",
												"type": "DatasetReference",
												"parameters": {
													"p_file_name": {
														"value": "@concat('RetailScan', variables('date_time'),'.csv.eot')",
														"type": "Expression"
													},
													"p_account_name": {
														"value": "@activity('Get Storage Account URL From KV RS').output.value",
														"type": "Expression"
													},
													"p_secret_key": {
														"value": "@item().KV_StorageAccountSecretKey",
														"type": "Expression"
													},
													"p_file_location": "retailscan",
													"p_container_name": {
														"value": "landing",
														"type": "Expression"
													}
												}
											}
										]
									}
								]
							}
						}
					]
				}
			},
			{
				"name": "set_batch_datetime",
				"description": "",
				"type": "SetVariable",
				"dependsOn": [],
				"userProperties": [],
				"typeProperties": {
					"variableName": "batch_date_time",
					"value": {
						"value": "@convertFromUtc(utcnow(),'AUS Eastern Standard Time')",
						"type": "Expression"
					}
				}
			}
		],
		"parameters": {
			"p_create_group_eot": {
				"type": "int",
				"defaultValue": 1
			},
			"p_send_copy_success_msg": {
				"type": "int",
				"defaultValue": 0
			}
		},
		"variables": {
			"date_time": {
				"type": "String"
			},
			"source_system": {
				"type": "String"
			},
			"KV_StorageAccountSecretKey": {
				"type": "String"
			},
			"batch_date_time": {
				"type": "String"
			}
		},
		"folder": {
			"name": "EXTRACT/SUNDRY_EXTERNAL_SYSTEMS"
		},
		"annotations": [],
		"lastPublishTime": "2023-01-13T01:16:42Z"
	},
	"type": "Microsoft.DataFactory/factories/pipelines"
}