{
	"name": "p_e4i_retailscan",
	"properties": {
		"activities": [
			{
				"name": "Copy data RetailScan",
				"type": "Copy",
				"dependsOn": [
					{
						"activity": "Lookup RetailScan source row count",
						"dependencyConditions": [
							"Succeeded"
						]
					}
				],
				"policy": {
					"timeout": "0.12:00:00",
					"retry": 0,
					"retryIntervalInSeconds": 30,
					"secureOutput": false,
					"secureInput": false
				},
				"userProperties": [],
				"typeProperties": {
					"source": {
						"type": "SqlServerSource",
						"sqlReaderQuery": {
							"value": "@pipeline().parameters.p_soql_select_query",
							"type": "Expression"
						},
						"queryTimeout": "02:00:00",
						"partitionOption": "None"
					},
					"sink": {
						"type": "DelimitedTextSink",
						"storeSettings": {
							"type": "AzureBlobFSWriteSettings"
						},
						"formatSettings": {
							"type": "DelimitedTextWriteSettings",
							"quoteAllText": true,
							"fileExtension": ".txt"
						}
					},
					"enableStaging": false,
					"translator": {
						"type": "TabularTranslator",
						"typeConversion": true,
						"typeConversionSettings": {
							"allowDataTruncation": true,
							"treatBooleanAsNumber": false
						}
					}
				},
				"inputs": [
					{
						"referenceName": "RetailScan_SqlServerTable",
						"type": "DatasetReference",
						"parameters": {
							"p_table_name": {
								"value": "@pipeline().parameters.p_api_table",
								"type": "Expression"
							}
						}
					}
				],
				"outputs": [
					{
						"referenceName": "d_RetailScan_DLS_File_Type_CSV",
						"type": "DatasetReference",
						"parameters": {
							"p_file_name": {
								"value": "@pipeline().parameters.p_file_name",
								"type": "Expression"
							},
							"p_file_container": {
								"value": "@pipeline().parameters.p_file_container",
								"type": "Expression"
							},
							"p_file_delimiter": {
								"value": "@pipeline().parameters.p_file_delimiter",
								"type": "Expression"
							},
							"p_file_encoding": {
								"value": "@pipeline().parameters.p_file_encoding",
								"type": "Expression"
							},
							"p_escape_character": {
								"value": "@pipeline().parameters.p_escape_character",
								"type": "Expression"
							},
							"p_quote_character": {
								"value": "@pipeline().parameters.p_quote_character",
								"type": "Expression"
							},
							"p_account_name": {
								"value": "@pipeline().parameters.p_keyvault_account_url",
								"type": "Expression"
							},
							"p_secret_key": {
								"value": "@pipeline().parameters.p_keyvault_account_secret",
								"type": "Expression"
							},
							"p_file_location": {
								"value": "@pipeline().parameters.p_target_file_location",
								"type": "Expression"
							}
						}
					}
				]
			},
			{
				"name": "Lookup RetailScan source row count",
				"type": "Lookup",
				"dependsOn": [
					{
						"activity": "Lookup RetailScan source full row count",
						"dependencyConditions": [
							"Succeeded"
						]
					}
				],
				"policy": {
					"timeout": "0.12:00:00",
					"retry": 0,
					"retryIntervalInSeconds": 30,
					"secureOutput": false,
					"secureInput": false
				},
				"userProperties": [],
				"typeProperties": {
					"source": {
						"type": "SqlServerSource",
						"sqlReaderQuery": {
							"value": "@pipeline().parameters.p_soql_count_query",
							"type": "Expression"
						},
						"queryTimeout": "02:00:00",
						"partitionOption": "None"
					},
					"dataset": {
						"referenceName": "RetailScan_SqlServerTable",
						"type": "DatasetReference",
						"parameters": {
							"p_table_name": {
								"value": "@pipeline().parameters.p_api_table",
								"type": "Expression"
							}
						}
					}
				}
			},
			{
				"name": "If Create EOT",
				"type": "IfCondition",
				"dependsOn": [
					{
						"activity": "If Incremental_Load",
						"dependencyConditions": [
							"Succeeded"
						]
					}
				],
				"userProperties": [],
				"typeProperties": {
					"expression": {
						"value": "@and(equals(pipeline().parameters.p_create_group_eot,0),equals(pipeline().parameters.p_object_group_eot_ext,0))",
						"type": "Expression"
					},
					"ifTrueActivities": [
						{
							"name": "Copy Object EOT",
							"type": "Copy",
							"dependsOn": [],
							"policy": {
								"timeout": "0.12:00:00",
								"retry": 0,
								"retryIntervalInSeconds": 30,
								"secureOutput": false,
								"secureInput": false
							},
							"userProperties": [],
							"typeProperties": {
								"source": {
									"type": "DelimitedTextSource",
									"storeSettings": {
										"type": "AzureBlobFSReadSettings",
										"recursive": true,
										"enablePartitionDiscovery": false
									},
									"formatSettings": {
										"type": "DelimitedTextReadSettings"
									}
								},
								"sink": {
									"type": "DelimitedTextSink",
									"storeSettings": {
										"type": "AzureBlobFSWriteSettings"
									},
									"formatSettings": {
										"type": "DelimitedTextWriteSettings",
										"quoteAllText": true,
										"fileExtension": ".txt"
									}
								},
								"enableStaging": false,
								"translator": {
									"type": "TabularTranslator",
									"typeConversion": true,
									"typeConversionSettings": {
										"allowDataTruncation": true,
										"treatBooleanAsNumber": false
									}
								}
							},
							"inputs": [
								{
									"referenceName": "d_ADLS_RetailScan_Dummy_EOT",
									"type": "DatasetReference",
									"parameters": {
										"p_file_name": "retailscan.dummy.txt.eot",
										"p_account_name": {
											"value": "@pipeline().parameters.p_keyvault_account_url",
											"type": "Expression"
										},
										"p_secret_key": {
											"value": "@pipeline().parameters.p_keyvault_account_secret",
											"type": "Expression"
										},
										"p_file_location": "retailscan"
									}
								}
							],
							"outputs": [
								{
									"referenceName": "d_ADLS_RetailScan_EOT",
									"type": "DatasetReference",
									"parameters": {
										"p_file_name": "@concat(pipeline().parameters.p_file_name,'.eot')",
										"p_account_name": {
											"value": "@pipeline().parameters.p_keyvault_account_url",
											"type": "Expression"
										},
										"p_secret_key": {
											"value": "@pipeline().parameters.p_keyvault_account_secret",
											"type": "Expression"
										},
										"p_file_location": "retailscan/landing",
										"p_container_name": {
											"value": "@pipeline().parameters.p_file_container",
											"type": "Expression"
										}
									}
								}
							]
						}
					]
				}
			},
			{
				"name": "Execute Pipeline Copy Success p_e4i_activity_log",
				"type": "ExecutePipeline",
				"dependsOn": [
					{
						"activity": "If Create EOT",
						"dependencyConditions": [
							"Succeeded"
						]
					}
				],
				"userProperties": [],
				"typeProperties": {
					"pipeline": {
						"referenceName": "p_e4i_activity_log",
						"type": "PipelineReference"
					},
					"waitOnCompletion": true,
					"parameters": {
						"p_LogCopyActivityEndTime": {
							"value": "@convertFromUtc(utcnow(),'AUS Eastern Standard Time')",
							"type": "Expression"
						},
						"p_LogCopyActivityQueuingDurationInSecs": {
							"value": "@activity('Copy data RetailScan').output.executionDetails[0].profile.queue.duration",
							"type": "Expression"
						},
						"p_LogCopyActivityRunId": {
							"value": "@activity('Copy data RetailScan').ActivityRunId",
							"type": "Expression"
						},
						"p_LogCopyActivityStartTime": {
							"value": "@activity('Copy data RetailScan').ExecutionStartTime",
							"type": "Expression"
						},
						"p_LogCopyActivityTransferDurationInSecs": {
							"value": "@activity('Copy data RetailScan').output.executionDetails[0].profile.transfer.duration",
							"type": "Expression"
						},
						"p_LogCopyDurationInSecs": {
							"value": "@activity('Copy data RetailScan').output.copyDuration",
							"type": "Expression"
						},
						"p_LogDataFactoryName": {
							"value": "@pipeline().DataFactory",
							"type": "Expression"
						},
						"p_LogDataRead": {
							"value": "@activity('Copy data RetailScan').output.dataRead",
							"type": "Expression"
						},
						"p_LogDestination": {
							"value": "@concat('retailscan/landing','/',pipeline().parameters.p_file_container)",
							"type": "Expression"
						},
						"p_LogEffectiveIntegrationRuntime": {
							"value": "@activity('Copy data RetailScan').output.effectiveIntegrationRuntime",
							"type": "Expression"
						},
						"p_LogExecutionStatus": {
							"value": "@activity('Copy data RetailScan').ExecutionStatus\n",
							"type": "Expression"
						},
						"p_LogNoParallelCopies": {
							"value": "@activity('Copy data RetailScan').output.usedParallelCopies",
							"type": "Expression"
						},
						"p_LogParameterID": "0",
						"p_LogParentPipelineRunId": {
							"value": "@pipeline().parameters.p_master_pipeline_id",
							"type": "Expression"
						},
						"p_LogRowsCopied": {
							"value": "@activity('Copy data RetailScan').output.rowsCopied",
							"type": "Expression"
						},
						"p_LogSinkType": {
							"value": "@activity('Copy data RetailScan').output.executionDetails[0].sink.type",
							"type": "Expression"
						},
						"p_LogSource": {
							"value": "@pipeline().parameters.p_api_table",
							"type": "Expression"
						},
						"p_LogSourceType": {
							"value": "@activity('Copy data RetailScan').output.executionDetails[0].source.type",
							"type": "Expression"
						},
						"p_LogTriggerName": {
							"value": "@pipeline().parameters.p_trigger_name",
							"type": "Expression"
						},
						"p_LogTriggerRunId": {
							"value": "@pipeline().parameters.p_trigger_run_id",
							"type": "Expression"
						},
						"p_LogTriggerTime": {
							"value": "@pipeline().parameters.p_trigger_time",
							"type": "Expression"
						},
						"p_LogTriggerType": {
							"value": "@pipeline().parameters.p_trigger_type",
							"type": "Expression"
						},
						"p_LogPipelineName": {
							"value": "@pipeline().Pipeline",
							"type": "Expression"
						},
						"p_LogPipelineRunId": {
							"value": "@pipeline().RunId",
							"type": "Expression"
						},
						"p_Email_Recipients": {
							"value": "@pipeline().globalParameters.salesforceSupportEmail",
							"type": "Expression"
						},
						"p_Email_Subject": {
							"value": "@concat('E4I RetailScan Copy Data File Extract for ', pipeline().parameters.p_api_table, ' Object has SUCCEEDED.')",
							"type": "Expression"
						},
						"p_Email_Body": {
							"value": "@concat('E4I RetailScan Copy Data File Extract for ', pipeline().parameters.p_api_table, ' Object, ', pipeline().parameters.p_file_name, ', succesfully created in ADLS container retailscan/landing/',pipeline().parameters.p_file_container)",
							"type": "Expression"
						},
						"p_Email_Importance": "Normal",
						"p_send_email": {
							"value": "@pipeline().parameters.p_send_copy_success_msg",
							"type": "Expression"
						},
						"p_LogSourceObjectRowCount": {
							"value": "@activity('Lookup RetailScan source full row count').output.firstRow['CountRows']",
							"type": "Expression"
						},
						"p_LogSourceQueryRowCount": {
							"value": "@activity('Lookup RetailScan source row count').output.firstRow['CountRows']",
							"type": "Expression"
						},
						"p_LogBatchDateTime": {
							"value": "@pipeline().parameters.p_real_batch_date_time",
							"type": "Expression"
						}
					}
				}
			},
			{
				"name": "Execute Pipeline Copy Fail p_e4i_activity_log",
				"type": "ExecutePipeline",
				"dependsOn": [
					{
						"activity": "Copy data RetailScan",
						"dependencyConditions": [
							"Failed"
						]
					}
				],
				"userProperties": [],
				"typeProperties": {
					"pipeline": {
						"referenceName": "p_e4i_activity_log",
						"type": "PipelineReference"
					},
					"waitOnCompletion": true,
					"parameters": {
						"p_LogCopyActivityEndTime": {
							"value": "@convertFromUtc(utcnow(),'AUS Eastern Standard Time')",
							"type": "Expression"
						},
						"p_LogCopyActivityQueuingDurationInSecs": {
							"value": "@activity('Copy data RetailScan').output.executionDetails[0].profile.queue.duration",
							"type": "Expression"
						},
						"p_LogCopyActivityRunId": {
							"value": "@activity('Copy data RetailScan').ActivityRunId",
							"type": "Expression"
						},
						"p_LogCopyActivityStartTime": {
							"value": "@activity('Copy data RetailScan').ExecutionStartTime",
							"type": "Expression"
						},
						"p_LogCopyDurationInSecs": {
							"value": "@activity('Copy data RetailScan').output.copyDuration",
							"type": "Expression"
						},
						"p_LogDataFactoryName": {
							"value": "@pipeline().DataFactory",
							"type": "Expression"
						},
						"p_LogDataRead": {
							"value": "@activity('Copy data RetailScan').output.dataRead",
							"type": "Expression"
						},
						"p_LogDestination": {
							"value": "@concat('retailscan/landing','/',pipeline().parameters.p_file_container)",
							"type": "Expression"
						},
						"p_LogEffectiveIntegrationRuntime": {
							"value": "@activity('Copy data RetailScan').output.effectiveIntegrationRuntime",
							"type": "Expression"
						},
						"p_LogErrorCode": {
							"value": "@activity('Copy data RetailScan').output.errors[0].Code",
							"type": "Expression"
						},
						"p_LogErrorDescription": {
							"value": "@activity('Copy data RetailScan').output.errors[0].Message",
							"type": "Expression"
						},
						"p_LogErrorLoggedTime": {
							"value": "@convertFromUtc(utcnow(),'AUS Eastern Standard Time')",
							"type": "Expression"
						},
						"p_LogExecutionStatus": {
							"value": "@activity('Copy data RetailScan').ExecutionStatus",
							"type": "Expression"
						},
						"p_LogFailureType": "Copy Activity",
						"p_LogNoParallelCopies": {
							"value": "@activity('Copy data RetailScan').output.usedParallelCopies",
							"type": "Expression"
						},
						"p_LogParameterID": "0",
						"p_LogParentPipelineRunId": {
							"value": "@pipeline().parameters.p_master_pipeline_id",
							"type": "Expression"
						},
						"p_LogRowsCopied": {
							"value": "0",
							"type": "Expression"
						},
						"p_LogSinkType": {
							"value": "@activity('Copy data RetailScan').output.executionDetails[0].sink.type",
							"type": "Expression"
						},
						"p_LogSource": {
							"value": "@pipeline().parameters.p_api_table",
							"type": "Expression"
						},
						"p_LogSourceType": {
							"value": "@activity('Copy data RetailScan').output.executionDetails[0].source.type",
							"type": "Expression"
						},
						"p_LogTriggerName": {
							"value": "@pipeline().parameters.p_trigger_name",
							"type": "Expression"
						},
						"p_LogTriggerRunId": {
							"value": "@pipeline().parameters.p_trigger_run_id",
							"type": "Expression"
						},
						"p_LogTriggerTime": {
							"value": "@pipeline().parameters.p_trigger_time",
							"type": "Expression"
						},
						"p_LogTriggerType": {
							"value": "@pipeline().parameters.p_trigger_type",
							"type": "Expression"
						},
						"p_LogPipelineName": {
							"value": "@pipeline().Pipeline",
							"type": "Expression"
						},
						"p_LogPipelineRunId": {
							"value": "@pipeline().RunId",
							"type": "Expression"
						},
						"p_Email_Recipients": {
							"value": "@pipeline().globalParameters.salesforceSupportEmail",
							"type": "Expression"
						},
						"p_Email_Subject": {
							"value": "@concat('E4I RetailScan Copy Data File Extract for ', pipeline().parameters.p_api_table, ' Object has FAILED.')",
							"type": "Expression"
						},
						"p_Email_Body": {
							"value": "@concat('E4I RetailScan Copy Data File Extract for ', pipeline().parameters.p_api_table, ' Object, ', pipeline().parameters.p_file_name, ', has FAILED destined for ADLS container salesforce/landing/',pipeline().parameters.p_file_container, '. Error Code:',activity('Copy data RetailScan').Error.errorCode, ' Error Details:',activity('Copy data RetailScan').Error.Message)",
							"type": "Expression"
						},
						"p_Email_Importance": "High",
						"p_send_email": 1,
						"p_LogBatchDateTime": {
							"value": "@pipeline().parameters.p_real_batch_date_time",
							"type": "Expression"
						}
					}
				}
			},
			{
				"name": "Log E4I RetailScan Copy Data Failure has FAILED",
				"type": "Fail",
				"dependsOn": [
					{
						"activity": "Execute Pipeline Copy Fail p_e4i_activity_log",
						"dependencyConditions": [
							"Failed"
						]
					}
				],
				"userProperties": [],
				"typeProperties": {
					"message": "Log E4I RetailScan Copy Data Activity Failure has FAILED",
					"errorCode": "505"
				}
			},
			{
				"name": "Log E4I RetailScan Copy Data Success Has FAILED",
				"type": "Fail",
				"dependsOn": [
					{
						"activity": "Execute Pipeline Copy Success p_e4i_activity_log",
						"dependencyConditions": [
							"Failed"
						]
					}
				],
				"userProperties": [],
				"typeProperties": {
					"message": "Log E4I RetailScan Copy Data Activity Success has FAILED",
					"errorCode": "501"
				}
			},
			{
				"name": "Execute Pipeline SF Lookup Fail p_e4i_activity_log",
				"type": "ExecutePipeline",
				"dependsOn": [
					{
						"activity": "Lookup RetailScan source row count",
						"dependencyConditions": [
							"Failed"
						]
					}
				],
				"userProperties": [],
				"typeProperties": {
					"pipeline": {
						"referenceName": "p_e4i_activity_log",
						"type": "PipelineReference"
					},
					"waitOnCompletion": true,
					"parameters": {
						"p_LogCopyActivityEndTime": {
							"value": "@convertFromUtc(utcnow(),'AUS Eastern Standard Time')",
							"type": "Expression"
						},
						"p_LogDataFactoryName": {
							"value": "@pipeline().DataFactory",
							"type": "Expression"
						},
						"p_LogDestination": "Lookup RetailScan Data Activity",
						"p_LogErrorCode": {
							"value": "@activity('Lookup RetailScan source row count').Error.errorCode",
							"type": "Expression"
						},
						"p_LogErrorDescription": {
							"value": "@activity('Lookup RetailScan source row count').Error.Message",
							"type": "Expression"
						},
						"p_LogExecutionStatus": "Failed",
						"p_LogFailureType": {
							"value": "@activity('Lookup RetailScan source row count').Error.failureType",
							"type": "Expression"
						},
						"p_LogParameterID": "0",
						"p_LogParentPipelineRunId": {
							"value": "@pipeline().parameters.p_master_pipeline_id",
							"type": "Expression"
						},
						"p_LogSource": "Salesforce Loyalty Metadata Lookup Query",
						"p_LogTriggerName": {
							"value": "@pipeline().parameters.p_trigger_name",
							"type": "Expression"
						},
						"p_LogTriggerRunId": {
							"value": "@pipeline().parameters.p_trigger_run_id",
							"type": "Expression"
						},
						"p_LogTriggerTime": {
							"value": "@pipeline().parameters.p_trigger_time",
							"type": "Expression"
						},
						"p_LogTriggerType": {
							"value": "@pipeline().parameters.p_trigger_type",
							"type": "Expression"
						},
						"p_LogPipelineName": {
							"value": "@pipeline().Pipeline",
							"type": "Expression"
						},
						"p_LogPipelineRunId": {
							"value": "@pipeline().RunId",
							"type": "Expression"
						},
						"p_Email_Recipients": {
							"value": "@pipeline().globalParameters.salesforceSupportEmail",
							"type": "Expression"
						},
						"p_Email_Subject": {
							"value": "@concat('E4I RetailScan Row Count Lookup Query for ',pipeline().parameters.p_api_table, ' Object has FAILED.')",
							"type": "Expression"
						},
						"p_Email_Body": {
							"value": "@concat('E4I RetailScan Row Count Lookup Query for ',pipeline().parameters.p_api_table, ' has FAILED. Error Code:',activity('Lookup RetailScan source row count').Error.errorCode, ' Error Details:',activity('Lookup RetailScan source row count').Error.Message)",
							"type": "Expression"
						},
						"p_Email_Importance": "High",
						"p_send_email": 1,
						"p_LogBatchDateTime": {
							"value": "@pipeline().parameters.p_real_batch_date_time",
							"type": "Expression"
						}
					}
				}
			},
			{
				"name": "E4I RetailScan Row Count Lookup Query has FAILED",
				"type": "Fail",
				"dependsOn": [
					{
						"activity": "Execute Pipeline SF Lookup Fail p_e4i_activity_log",
						"dependencyConditions": [
							"Succeeded"
						]
					}
				],
				"userProperties": [],
				"typeProperties": {
					"message": "E4I RetailScan Row Count Lookup Query has Failed",
					"errorCode": "506"
				}
			},
			{
				"name": "E4I RetailScan Copy Data Activity Has FAILED",
				"type": "Fail",
				"dependsOn": [
					{
						"activity": "Execute Pipeline Copy Fail p_e4i_activity_log",
						"dependencyConditions": [
							"Succeeded"
						]
					}
				],
				"userProperties": [],
				"typeProperties": {
					"message": "E4I RetailScan Copy Data Activity has Failed",
					"errorCode": "504"
				}
			},
			{
				"name": "Log E4I RetailScan Row Count Query Failure has FAILED",
				"type": "Fail",
				"dependsOn": [
					{
						"activity": "Execute Pipeline SF Lookup Fail p_e4i_activity_log",
						"dependencyConditions": [
							"Failed"
						]
					}
				],
				"userProperties": [],
				"typeProperties": {
					"message": "Log E4I RetailScan Row Count Lookup Query Failure has FAILED",
					"errorCode": "507"
				}
			},
			{
				"name": "Execute Pipeline EOT Fail p_e4i_activity_log",
				"type": "ExecutePipeline",
				"dependsOn": [
					{
						"activity": "If Create EOT",
						"dependencyConditions": [
							"Failed"
						]
					}
				],
				"userProperties": [],
				"typeProperties": {
					"pipeline": {
						"referenceName": "p_e4i_activity_log",
						"type": "PipelineReference"
					},
					"waitOnCompletion": true,
					"parameters": {
						"p_LogCopyActivityEndTime": {
							"value": "@convertFromUtc(utcnow(),'AUS Eastern Standard Time')",
							"type": "Expression"
						},
						"p_LogDataFactoryName": {
							"value": "@pipeline().DataFactory",
							"type": "Expression"
						},
						"p_LogDestination": {
							"value": "@pipeline().parameters.p_file_container",
							"type": "Expression"
						},
						"p_LogFailureType": "EOT File Creation",
						"p_LogParameterID": "0",
						"p_LogParentPipelineRunId": {
							"value": "@pipeline().parameters.p_master_pipeline_id",
							"type": "Expression"
						},
						"p_LogSource": "salesforce\\landing\\salesforce.dummy.txt.eot",
						"p_LogTriggerName": {
							"value": "@pipeline().parameters.p_trigger_name",
							"type": "Expression"
						},
						"p_LogTriggerRunId": {
							"value": "@pipeline().parameters.p_trigger_run_id",
							"type": "Expression"
						},
						"p_LogTriggerTime": {
							"value": "@pipeline().parameters.p_trigger_time",
							"type": "Expression"
						},
						"p_LogTriggerType": {
							"value": "@pipeline().parameters.p_trigger_type",
							"type": "Expression"
						},
						"p_LogPipelineName": {
							"value": "@pipeline().Pipeline",
							"type": "Expression"
						},
						"p_LogPipelineRunId": {
							"value": "@pipeline().RunId",
							"type": "Expression"
						},
						"p_Email_Recipients": {
							"value": "@pipeline().globalParameters.salesforceSupportEmail",
							"type": "Expression"
						},
						"p_Email_Subject": "E4I Create Object EOT File Has FAILED",
						"p_Email_Body": {
							"value": "@concat('E4I Create Object EOT File Has FAILED for Salesforce Loyalty Object ',pipeline().parameters.p_api_table)",
							"type": "Expression"
						},
						"p_Email_Importance": "High",
						"p_send_email": 1,
						"p_LogBatchDateTime": {
							"value": "@pipeline().parameters.p_real_batch_date_time",
							"type": "Expression"
						}
					}
				}
			},
			{
				"name": "Create E4I RetailScan EOT File has FAILED",
				"type": "Fail",
				"dependsOn": [
					{
						"activity": "Execute Pipeline EOT Fail p_e4i_activity_log",
						"dependencyConditions": [
							"Succeeded"
						]
					}
				],
				"userProperties": [],
				"typeProperties": {
					"message": "Create E4I RetailScan EOT File has FAILED",
					"errorCode": "502"
				}
			},
			{
				"name": "Log Create E4I RetailScan EOT File Failure has FAILED",
				"type": "Fail",
				"dependsOn": [
					{
						"activity": "Execute Pipeline EOT Fail p_e4i_activity_log",
						"dependencyConditions": [
							"Failed"
						]
					}
				],
				"userProperties": [],
				"typeProperties": {
					"message": "Log Create RetailScan EOT File Failure has FAILED",
					"errorCode": "503"
				}
			},
			{
				"name": "If Incremental_Load",
				"type": "IfCondition",
				"dependsOn": [
					{
						"activity": "Copy data RetailScan",
						"dependencyConditions": [
							"Succeeded"
						]
					}
				],
				"userProperties": [],
				"typeProperties": {
					"expression": {
						"value": "@equals(pipeline().parameters.p_source_incremental_load,true)",
						"type": "Expression"
					},
					"ifTrueActivities": [
						{
							"name": "Set Configuration Entity Watermark Date",
							"type": "SqlServerStoredProcedure",
							"dependsOn": [],
							"policy": {
								"timeout": "0.12:00:00",
								"retry": 0,
								"retryIntervalInSeconds": 30,
								"secureOutput": false,
								"secureInput": false
							},
							"userProperties": [],
							"typeProperties": {
								"storedProcedureName": "[e4i].[SP_Set_ConfigurationEntityWatermarkLocal]",
								"storedProcedureParameters": {
									"p_Id": {
										"value": {
											"value": "@pipeline().parameters.p_config_entity_id",
											"type": "Expression"
										},
										"type": "Int32"
									}
								}
							},
							"linkedServiceName": {
								"referenceName": "AzureSynapseAnalytics_EIM",
								"type": "LinkedServiceReference"
							}
						}
					]
				}
			},
			{
				"name": "Execute Pipeline Set Watermark Fail p_e4i_activity_log",
				"type": "ExecutePipeline",
				"dependsOn": [
					{
						"activity": "If Incremental_Load",
						"dependencyConditions": [
							"Failed"
						]
					}
				],
				"userProperties": [],
				"typeProperties": {
					"pipeline": {
						"referenceName": "p_e4i_activity_log",
						"type": "PipelineReference"
					},
					"waitOnCompletion": true,
					"parameters": {
						"p_LogCopyActivityEndTime": {
							"value": "@convertFromUtc(utcnow(),'AUS Eastern Standard Time')",
							"type": "Expression"
						},
						"p_LogDataFactoryName": {
							"value": "@pipeline().DataFactory",
							"type": "Expression"
						},
						"p_LogDestination": {
							"value": "@pipeline().parameters.p_file_container",
							"type": "Expression"
						},
						"p_LogErrorCode": {
							"value": "@activity('Set Configuration Entity Watermark Date').Error.errorCode",
							"type": "Expression"
						},
						"p_LogErrorDescription": {
							"value": "@activity('Set Configuration Entity Watermark Date').Error.Message",
							"type": "Expression"
						},
						"p_LogFailureType": "Set Watermark Date Failure",
						"p_LogParameterID": "0",
						"p_LogParentPipelineRunId": {
							"value": "@pipeline().parameters.p_master_pipeline_id",
							"type": "Expression"
						},
						"p_LogSource": "salesforce\\landing\\salesforce.dummy.txt.eot",
						"p_LogTriggerName": {
							"value": "@pipeline().parameters.p_trigger_name",
							"type": "Expression"
						},
						"p_LogTriggerRunId": {
							"value": "@pipeline().parameters.p_trigger_run_id",
							"type": "Expression"
						},
						"p_LogTriggerTime": {
							"value": "@pipeline().parameters.p_trigger_time",
							"type": "Expression"
						},
						"p_LogTriggerType": {
							"value": "@pipeline().parameters.p_trigger_type",
							"type": "Expression"
						},
						"p_LogPipelineName": {
							"value": "@pipeline().Pipeline",
							"type": "Expression"
						},
						"p_LogPipelineRunId": {
							"value": "@pipeline().RunId",
							"type": "Expression"
						},
						"p_Email_Recipients": {
							"value": "@pipeline().globalParameters.salesforceSupportEmail",
							"type": "Expression"
						},
						"p_Email_Subject": "E4I Set Watermark Date Has FAILED",
						"p_Email_Body": {
							"value": "@concat('E4I Set Watermark Date Has FAILED for Salesforce Loyalty Object ',pipeline().parameters.p_api_table)",
							"type": "Expression"
						},
						"p_Email_Importance": "High",
						"p_send_email": 1,
						"p_LogBatchDateTime": {
							"value": "@pipeline().parameters.p_real_batch_date_time",
							"type": "Expression"
						}
					}
				}
			},
			{
				"name": "E4I Set RetailScan Watermark Date has FAILED",
				"type": "Fail",
				"dependsOn": [
					{
						"activity": "Execute Pipeline Set Watermark Fail p_e4i_activity_log",
						"dependencyConditions": [
							"Succeeded"
						]
					}
				],
				"userProperties": [],
				"typeProperties": {
					"message": "Set E4I RetailScan Watermark Date has FAILED",
					"errorCode": "510"
				}
			},
			{
				"name": "Log E4I Set RetailScan Watermark Failure has FAILED",
				"type": "Fail",
				"dependsOn": [
					{
						"activity": "Execute Pipeline Set Watermark Fail p_e4i_activity_log",
						"dependencyConditions": [
							"Failed"
						]
					}
				],
				"userProperties": [],
				"typeProperties": {
					"message": "Log Set RetailScan Watermark Date Failure has FAILED",
					"errorCode": "511"
				}
			},
			{
				"name": "Lookup RetailScan source full row count",
				"type": "Lookup",
				"dependsOn": [],
				"policy": {
					"timeout": "0.12:00:00",
					"retry": 0,
					"retryIntervalInSeconds": 30,
					"secureOutput": false,
					"secureInput": false
				},
				"userProperties": [],
				"typeProperties": {
					"source": {
						"type": "SqlServerSource",
						"sqlReaderQuery": {
							"value": "@pipeline().parameters.p_soql_full_count_query",
							"type": "Expression"
						},
						"queryTimeout": "02:00:00",
						"partitionOption": "None"
					},
					"dataset": {
						"referenceName": "RetailScan_SqlServerTable",
						"type": "DatasetReference",
						"parameters": {
							"p_table_name": {
								"value": "@pipeline().parameters.p_api_table",
								"type": "Expression"
							}
						}
					}
				}
			},
			{
				"name": "Execute Pipeline SF Full Count Fail p_e4i_activity_log",
				"type": "ExecutePipeline",
				"dependsOn": [
					{
						"activity": "Lookup RetailScan source full row count",
						"dependencyConditions": [
							"Failed"
						]
					}
				],
				"userProperties": [],
				"typeProperties": {
					"pipeline": {
						"referenceName": "p_e4i_activity_log",
						"type": "PipelineReference"
					},
					"waitOnCompletion": true,
					"parameters": {
						"p_LogCopyActivityEndTime": {
							"value": "@convertFromUtc(utcnow(),'AUS Eastern Standard Time')",
							"type": "Expression"
						},
						"p_LogDataFactoryName": {
							"value": "@pipeline().DataFactory",
							"type": "Expression"
						},
						"p_LogDestination": "Full Count RetailScan Lookup Activity",
						"p_LogErrorCode": {
							"value": "@activity('Lookup RetailScan source full row count').Error.errorCode",
							"type": "Expression"
						},
						"p_LogErrorDescription": {
							"value": "@activity('Lookup RetailScan source full row count').Error.Message",
							"type": "Expression"
						},
						"p_LogExecutionStatus": "Failed",
						"p_LogFailureType": {
							"value": "@activity('Lookup RetailScan source full row count').Error.failureType",
							"type": "Expression"
						},
						"p_LogParameterID": "0",
						"p_LogParentPipelineRunId": {
							"value": "@pipeline().parameters.p_master_pipeline_id",
							"type": "Expression"
						},
						"p_LogSource": "Salesforce Loyalty Metadata Lookup Query",
						"p_LogTriggerName": {
							"value": "@pipeline().parameters.p_trigger_name",
							"type": "Expression"
						},
						"p_LogTriggerRunId": {
							"value": "@pipeline().parameters.p_trigger_run_id",
							"type": "Expression"
						},
						"p_LogTriggerTime": {
							"value": "@pipeline().parameters.p_trigger_time",
							"type": "Expression"
						},
						"p_LogTriggerType": {
							"value": "@pipeline().parameters.p_trigger_type",
							"type": "Expression"
						},
						"p_LogPipelineName": {
							"value": "@pipeline().Pipeline",
							"type": "Expression"
						},
						"p_LogPipelineRunId": {
							"value": "@pipeline().RunId",
							"type": "Expression"
						},
						"p_Email_Recipients": {
							"value": "@pipeline().globalParameters.salesforceSupportEmail",
							"type": "Expression"
						},
						"p_Email_Subject": {
							"value": "@concat('E4I RetailScan Full Row Count Lookup Query for ',pipeline().parameters.p_api_table, ' Object has FAILED.')",
							"type": "Expression"
						},
						"p_Email_Body": {
							"value": "@concat('E4I RetailScan Full Row Count Lookup Query for ',pipeline().parameters.p_api_table, ' has FAILED. Error Code:',activity('Lookup RetailScan source full row count').Error.errorCode, ' Error Details:',activity('Lookup RetailScan source full row count').Error.Message)",
							"type": "Expression"
						},
						"p_Email_Importance": "High",
						"p_send_email": 1,
						"p_LogBatchDateTime": {
							"value": "@pipeline().parameters.p_real_batch_date_time",
							"type": "Expression"
						}
					}
				}
			},
			{
				"name": "E4I RetailScan Full Count Lookup Query has FAILED",
				"type": "Fail",
				"dependsOn": [
					{
						"activity": "Execute Pipeline SF Full Count Fail p_e4i_activity_log",
						"dependencyConditions": [
							"Succeeded"
						]
					}
				],
				"userProperties": [],
				"typeProperties": {
					"message": "E4I RetailScan Row Count Lookup Query has Failed",
					"errorCode": "906"
				}
			},
			{
				"name": "Log E4I RetailScan Full Count Query Failure has FAILED",
				"type": "Fail",
				"dependsOn": [
					{
						"activity": "Execute Pipeline SF Full Count Fail p_e4i_activity_log",
						"dependencyConditions": [
							"Failed"
						]
					}
				],
				"userProperties": [],
				"typeProperties": {
					"message": "Log E4I RetailScan Row Count Lookup Query Failure has FAILED",
					"errorCode": "907"
				}
			}
		],
		"parameters": {
			"p_batch_date_time": {
				"type": "string"
			},
			"p_linked_service": {
				"type": "string"
			},
			"p_master_pipeline_id": {
				"type": "string"
			},
			"p_api_table": {
				"type": "string"
			},
			"p_destination_type": {
				"type": "string"
			},
			"p_file_delimiter": {
				"type": "string"
			},
			"p_file_encoding": {
				"type": "string"
			},
			"p_max_rows_per_file": {
				"type": "string"
			},
			"p_soql_count_query": {
				"type": "string"
			},
			"p_soql_select_query": {
				"type": "string"
			},
			"p_quote_character": {
				"type": "string"
			},
			"p_escape_character": {
				"type": "string"
			},
			"p_file_container": {
				"type": "string"
			},
			"p_file_name": {
				"type": "string"
			},
			"p_create_eot": {
				"type": "int",
				"defaultValue": 0
			},
			"p_trigger_name": {
				"type": "string"
			},
			"p_trigger_run_id": {
				"type": "string"
			},
			"p_trigger_time": {
				"type": "string"
			},
			"p_trigger_type": {
				"type": "string"
			},
			"p_group_eot_row": {
				"type": "int"
			},
			"p_group_current_row": {
				"type": "int"
			},
			"p_create_group_eot": {
				"type": "int",
				"defaultValue": 1
			},
			"p_object_group_eot_ext": {
				"type": "int",
				"defaultValue": 0
			},
			"p_keyvault_account_url": {
				"type": "string"
			},
			"p_keyvault_account_secret": {
				"type": "string"
			},
			"p_target_file_location": {
				"type": "string"
			},
			"p_source_incremental_load": {
				"type": "int"
			},
			"p_config_entity_id": {
				"type": "int"
			},
			"p_send_copy_success_msg": {
				"type": "int",
				"defaultValue": 0
			},
			"p_soql_full_count_query": {
				"type": "string"
			},
			"p_real_batch_date_time": {
				"type": "string"
			}
		},
		"folder": {
			"name": "EXTRACT/SUNDRY_EXTERNAL_SYSTEMS"
		},
		"annotations": [],
		"lastPublishTime": "2023-01-13T03:07:57Z"
	},
	"type": "Microsoft.DataFactory/factories/pipelines"
}