{
	"name": "p_encrypt",
	"properties": {
		"description": "Encrypt file.",
		"activities": [
			{
				"name": "Check Extract Logs",
				"type": "Lookup",
				"dependsOn": [
					{
						"activity": "Set Token",
						"dependencyConditions": [
							"Succeeded"
						]
					},
					{
						"activity": "Set Extract Storage Connection String",
						"dependencyConditions": [
							"Succeeded"
						]
					},
					{
						"activity": "Set File Contents URL",
						"dependencyConditions": [
							"Succeeded"
						]
					}
				],
				"policy": {
					"timeout": "0.12:00:00",
					"retry": 0,
					"retryIntervalInSeconds": 30,
					"secureOutput": false,
					"secureInput": false
				},
				"userProperties": [],
				"typeProperties": {
					"source": {
						"type": "SqlDWSource",
						"sqlReaderStoredProcedureName": "[ingestion].[usp_SelectExtractLogs]",
						"storedProcedureParameters": {
							"MasterPipelineId": {
								"type": "String",
								"value": {
									"value": "@pipeline().parameters.MasterPipelineID",
									"type": "Expression"
								}
							}
						},
						"queryTimeout": "02:00:00",
						"partitionOption": "None"
					},
					"dataset": {
						"referenceName": "ds_d365_ConfigurationTable",
						"type": "DatasetReference"
					},
					"firstRowOnly": false
				}
			},
			{
				"name": "ForEach Entity",
				"type": "ForEach",
				"dependsOn": [
					{
						"activity": "Create Main Log",
						"dependencyConditions": [
							"Succeeded"
						]
					}
				],
				"userProperties": [],
				"typeProperties": {
					"items": {
						"value": "@activity('Check Extract Logs').output.value",
						"type": "Expression"
					},
					"isSequential": false,
					"batchCount": 50,
					"activities": [
						{
							"name": "Get Contents of File",
							"type": "WebActivity",
							"dependsOn": [
								{
									"activity": "Insert Encrypt Log",
									"dependencyConditions": [
										"Succeeded"
									]
								}
							],
							"policy": {
								"timeout": "0.12:00:00",
								"retry": 0,
								"retryIntervalInSeconds": 30,
								"secureOutput": false,
								"secureInput": false
							},
							"userProperties": [],
							"typeProperties": {
								"url": {
									"value": "@variables('FileContentsURL')",
									"type": "Expression"
								},
								"method": "POST",
								"body": {
									"value": "{\n    \"blobContainerClient\": '@{item().TargetFileSystem}'\n    , \"blobClientFile\": '@{item().TargetBobClient}'\n    , \"storageAccountConnectionString\": '@{variables('StorageAccountConnectionString')}'\n    , \"storageAccountName\": '@{variables('StorageAccount')}'\n    , \"remotePath\": '@{item().RemotePath}'\n    , \"apiToken\": '@{variables('APIToken')}'\n    , \"triggerFileExtension\": '@{item().TriggerFileExtension}'\n}",
									"type": "Expression"
								}
							}
						},
						{
							"name": "Insert Encrypt Log",
							"type": "SqlServerStoredProcedure",
							"dependsOn": [
								{
									"activity": "Set Storage Account",
									"dependencyConditions": [
										"Succeeded"
									]
								}
							],
							"policy": {
								"timeout": "0.12:00:00",
								"retry": 0,
								"retryIntervalInSeconds": 30,
								"secureOutput": false,
								"secureInput": false
							},
							"userProperties": [],
							"typeProperties": {
								"storedProcedureName": "[ingestion].[usp_InsertLogEncryptDetails]",
								"storedProcedureParameters": {
									"EndTime": {
										"value": {
											"value": "@convertFromUtc(utcNow(),'AUS Eastern Standard Time')",
											"type": "Expression"
										},
										"type": "DateTime"
									},
									"Error": {
										"value": null,
										"type": "String"
									},
									"PipelineName": {
										"value": {
											"value": "@pipeline().Pipeline",
											"type": "Expression"
										},
										"type": "String"
									},
									"MasterRunID": {
										"value": {
											"value": "@pipeline().parameters.MasterPipelineID",
											"type": "Expression"
										},
										"type": "String"
									},
									"PipelineRunID": {
										"value": {
											"value": "@pipeline().RunId",
											"type": "Expression"
										},
										"type": "String"
									},
									"StartTime": {
										"value": {
											"value": "@convertFromUtc(pipeline().TriggerTime,'AUS Eastern Standard Time')",
											"type": "Expression"
										},
										"type": "DateTime"
									},
									"Status": {
										"value": "Started",
										"type": "String"
									},
									"TargetDirectory": {
										"value": {
											"value": "@{item().TargetDirectory}",
											"type": "Expression"
										},
										"type": "String"
									},
									"TargetFileName": {
										"value": {
											"value": "@{item().TargetFileName}",
											"type": "Expression"
										},
										"type": "String"
									},
									"TargetFileSystem": {
										"value": {
											"value": "@{item().TargetFileSystem}",
											"type": "Expression"
										},
										"type": "String"
									},
									"TriggerName": {
										"value": {
											"value": "@pipeline().parameters.TriggerName",
											"type": "Expression"
										},
										"type": "String"
									}
								}
							},
							"linkedServiceName": {
								"referenceName": "AzureSynapseAnalytics_EIM",
								"type": "LinkedServiceReference"
							}
						},
						{
							"name": "Update Encrypt Log",
							"type": "SqlServerStoredProcedure",
							"dependsOn": [
								{
									"activity": "Get Contents of File",
									"dependencyConditions": [
										"Succeeded"
									]
								}
							],
							"policy": {
								"timeout": "0.12:00:00",
								"retry": 0,
								"retryIntervalInSeconds": 30,
								"secureOutput": false,
								"secureInput": false
							},
							"userProperties": [],
							"typeProperties": {
								"storedProcedureName": "[ingestion].[usp_UpdateLogEncryptDetails]",
								"storedProcedureParameters": {
									"EndTime": {
										"value": {
											"value": "@convertFromUtc(utcNow(),'AUS Eastern Standard Time')",
											"type": "Expression"
										},
										"type": "DateTime"
									},
									"ErrorMessage": {
										"value": null,
										"type": "String"
									},
									"PipelineRunID": {
										"value": {
											"value": "@pipeline().RunId",
											"type": "Expression"
										},
										"type": "String"
									},
									"MasterRunID": {
										"value": {
											"value": "@pipeline().parameters.MasterPipelineID",
											"type": "Expression"
										},
										"type": "String"
									},
									"Status": {
										"value": "Completed",
										"type": "String"
									},
									"TargetFileName": {
										"value": {
											"value": "@{item().TargetFileName}",
											"type": "Expression"
										}
									}
								}
							},
							"linkedServiceName": {
								"referenceName": "AzureSynapseAnalytics_EIM",
								"type": "LinkedServiceReference"
							}
						},
						{
							"name": "Update Encrypt Log On Error",
							"type": "SqlServerStoredProcedure",
							"dependsOn": [
								{
									"activity": "Get Contents of File",
									"dependencyConditions": [
										"Failed"
									]
								}
							],
							"policy": {
								"timeout": "0.12:00:00",
								"retry": 0,
								"retryIntervalInSeconds": 30,
								"secureOutput": false,
								"secureInput": false
							},
							"userProperties": [],
							"typeProperties": {
								"storedProcedureName": "[Ingestion].[USP_UpdateLogExtractDetail]",
								"storedProcedureParameters": {
									"EndTime": {
										"value": {
											"value": "@convertFromUtc(utcNow(),'AUS Eastern Standard Time')",
											"type": "Expression"
										},
										"type": "DateTime"
									},
									"ErrorMessage": {
										"value": {
											"value": "@activity('Get Contents of File').output.Response",
											"type": "Expression"
										},
										"type": "String"
									},
									"PipelineRunID": {
										"value": {
											"value": "@pipeline().RunId",
											"type": "Expression"
										},
										"type": "String"
									},
									"MasterRunID": {
										"value": {
											"value": "@pipeline().parameters.MasterPipelineID",
											"type": "Expression"
										},
										"type": "String"
									},
									"Status": {
										"value": "Error",
										"type": "String"
									},
									"TargetFileName": {
										"value": {
											"value": "@{item().TargetFileName}",
											"type": "Expression"
										}
									}
								}
							},
							"linkedServiceName": {
								"referenceName": "AzureSynapseAnalytics_EIM",
								"type": "LinkedServiceReference"
							}
						},
						{
							"name": "Set Storage Account",
							"type": "SetVariable",
							"dependsOn": [],
							"userProperties": [],
							"typeProperties": {
								"variableName": "StorageAccount",
								"value": "hznmdmexportsit2st"
							}
						}
					]
				}
			},
			{
				"name": "GenerateToken",
				"type": "WebActivity",
				"dependsOn": [
					{
						"activity": "Get Secret from AKV",
						"dependencyConditions": [
							"Succeeded"
						]
					}
				],
				"policy": {
					"timeout": "0.12:00:00",
					"retry": 0,
					"retryIntervalInSeconds": 30,
					"secureOutput": false,
					"secureInput": false
				},
				"userProperties": [],
				"typeProperties": {
					"url": "https://login.microsoftonline.com/metcash.com/oauth2/v2.0/token",
					"method": "POST",
					"headers": {
						"Content-Type": "application/x-www-form-urlencoded"
					},
					"body": {
						"value": "@activity('Get Secret from AKV').output.value",
						"type": "Expression"
					}
				}
			},
			{
				"name": "Set Token",
				"type": "SetVariable",
				"dependsOn": [
					{
						"activity": "GenerateToken",
						"dependencyConditions": [
							"Succeeded"
						]
					}
				],
				"userProperties": [],
				"typeProperties": {
					"variableName": "APIToken",
					"value": {
						"value": "@activity('GenerateToken').output.access_token",
						"type": "Expression"
					}
				}
			},
			{
				"name": "Create Main Log",
				"type": "Lookup",
				"dependsOn": [
					{
						"activity": "Check Extract Logs",
						"dependencyConditions": [
							"Succeeded"
						]
					}
				],
				"policy": {
					"timeout": "7.00:00:00",
					"retry": 0,
					"retryIntervalInSeconds": 30,
					"secureOutput": false,
					"secureInput": false
				},
				"userProperties": [],
				"typeProperties": {
					"source": {
						"type": "SqlDWSource",
						"sqlReaderStoredProcedureName": "[ingestion].[usp_InsertLogEncryptMain]",
						"storedProcedureParameters": {
							"ErrorMessage": {
								"type": "String",
								"value": null
							},
							"MasterRunID": {
								"type": "String",
								"value": {
									"value": "@pipeline().parameters.MasterPipelineID",
									"type": "Expression"
								}
							},
							"Parameters": {
								"type": "String",
								"value": null
							},
							"Status": {
								"type": "String",
								"value": "Started"
							},
							"TriggerName": {
								"type": "String",
								"value": {
									"value": "@pipeline().parameters.TriggerName",
									"type": "Expression"
								}
							}
						},
						"queryTimeout": "02:00:00",
						"partitionOption": "None"
					},
					"dataset": {
						"referenceName": "ds_d365_Log",
						"type": "DatasetReference"
					}
				}
			},
			{
				"name": "Update Main Log",
				"type": "SqlServerStoredProcedure",
				"dependsOn": [
					{
						"activity": "ForEach Entity",
						"dependencyConditions": [
							"Succeeded"
						]
					}
				],
				"policy": {
					"timeout": "7.00:00:00",
					"retry": 0,
					"retryIntervalInSeconds": 30,
					"secureOutput": false,
					"secureInput": false
				},
				"userProperties": [],
				"typeProperties": {
					"storedProcedureName": "[ingestion].[usp_UpdateLogEncryptMain]",
					"storedProcedureParameters": {
						"EndTime": {
							"value": {
								"value": "@convertFromUtc(utcNow(),'AUS Eastern Standard Time')",
								"type": "Expression"
							},
							"type": "DateTime"
						},
						"ErrorMessage": {
							"value": null,
							"type": "String"
						},
						"MasterRunID": {
							"value": {
								"value": "@pipeline().parameters.MasterPipelineID",
								"type": "Expression"
							},
							"type": "String"
						},
						"Status": {
							"value": "Completed",
							"type": "String"
						}
					}
				},
				"linkedServiceName": {
					"referenceName": "AzureSynapseAnalytics_EIM",
					"type": "LinkedServiceReference"
				}
			},
			{
				"name": "Update Main Log on Error",
				"type": "SqlServerStoredProcedure",
				"dependsOn": [
					{
						"activity": "ForEach Entity",
						"dependencyConditions": [
							"Failed"
						]
					}
				],
				"policy": {
					"timeout": "7.00:00:00",
					"retry": 0,
					"retryIntervalInSeconds": 30,
					"secureOutput": false,
					"secureInput": false
				},
				"userProperties": [],
				"typeProperties": {
					"storedProcedureName": "[ingestion].[usp_UpdateLogEncryptMain]",
					"storedProcedureParameters": {
						"EndTime": {
							"value": {
								"value": "@convertFromUtc(utcNow(),'AUS Eastern Standard Time')",
								"type": "Expression"
							},
							"type": "DateTime"
						},
						"ErrorMessage": {
							"value": "Error in Pipeline",
							"type": "String"
						},
						"MasterRunID": {
							"value": {
								"value": "@pipeline().parameters.MasterPipelineID",
								"type": "Expression"
							},
							"type": "String"
						},
						"Status": {
							"value": "Failed",
							"type": "String"
						}
					}
				},
				"linkedServiceName": {
					"referenceName": "AzureSynapseAnalytics_EIM",
					"type": "LinkedServiceReference"
				}
			},
			{
				"name": "Get Secret from AKV",
				"type": "WebActivity",
				"dependsOn": [],
				"policy": {
					"timeout": "0.12:00:00",
					"retry": 0,
					"retryIntervalInSeconds": 30,
					"secureOutput": false,
					"secureInput": false
				},
				"userProperties": [],
				"typeProperties": {
					"url": {
						"value": "@concat(pipeline().globalParameters.KeyVault_DNSName, 'secrets/Extract-Encrypt-Token-Authorization?api-version=7.0')",
						"type": "Expression"
					},
					"method": "GET",
					"authentication": {
						"type": "MSI",
						"resource": "https://vault.azure.net"
					}
				}
			},
			{
				"name": "Get Secret from AKV Extract Storage",
				"type": "WebActivity",
				"dependsOn": [],
				"policy": {
					"timeout": "0.12:00:00",
					"retry": 0,
					"retryIntervalInSeconds": 30,
					"secureOutput": false,
					"secureInput": false
				},
				"userProperties": [],
				"typeProperties": {
					"url": {
						"value": "@concat(pipeline().globalParameters.KeyVault_DNSName, 'secrets/Extract-Storage-Account-Connection-String?api-version=7.0')",
						"type": "Expression"
					},
					"method": "GET",
					"authentication": {
						"type": "MSI",
						"resource": "https://vault.azure.net"
					}
				}
			},
			{
				"name": "Set Extract Storage Connection String",
				"type": "SetVariable",
				"dependsOn": [
					{
						"activity": "Get Secret from AKV Extract Storage",
						"dependencyConditions": [
							"Succeeded"
						]
					}
				],
				"userProperties": [],
				"typeProperties": {
					"variableName": "StorageAccountConnectionString",
					"value": {
						"value": "@activity('Get Secret from AKV Extract Storage').output.value",
						"type": "Expression"
					}
				}
			},
			{
				"name": "Get File Contents URL",
				"type": "WebActivity",
				"dependsOn": [],
				"policy": {
					"timeout": "0.12:00:00",
					"retry": 0,
					"retryIntervalInSeconds": 30,
					"secureOutput": false,
					"secureInput": false
				},
				"userProperties": [],
				"typeProperties": {
					"url": {
						"value": "@concat(pipeline().globalParameters.KeyVault_DNSName, 'secrets/eim-get-file-contents?api-version=7.0')",
						"type": "Expression"
					},
					"method": "GET",
					"authentication": {
						"type": "MSI",
						"resource": "https://vault.azure.net"
					}
				}
			},
			{
				"name": "Set File Contents URL",
				"type": "SetVariable",
				"dependsOn": [
					{
						"activity": "Get File Contents URL",
						"dependencyConditions": [
							"Succeeded"
						]
					}
				],
				"userProperties": [],
				"typeProperties": {
					"variableName": "FileContentsURL",
					"value": {
						"value": "@activity('Get File Contents URL').output.value",
						"type": "Expression"
					}
				}
			}
		],
		"parameters": {
			"MasterPipelineID": {
				"type": "string",
				"defaultValue": "1eb7ae29-b861-4df2-9ea4-a251b70d791c"
			},
			"TriggerName": {
				"type": "string"
			}
		},
		"variables": {
			"APIToken": {
				"type": "String"
			},
			"StorageAccount": {
				"type": "String"
			},
			"StorageAccountConnectionString": {
				"type": "String"
			},
			"FileContentsURL": {
				"type": "String"
			}
		},
		"folder": {
			"name": "INGEST/Extract_Integration"
		},
		"annotations": [],
		"lastPublishTime": "2022-11-15T04:32:14Z"
	},
	"type": "Microsoft.DataFactory/factories/pipelines"
}