{
	"name": "p_EXTRACT_EDL_D365_PRICING_BUYING_PERIOD",
	"properties": {
		"activities": [
			{
				"name": "InsertLogExtract",
				"type": "SqlServerStoredProcedure",
				"dependsOn": [],
				"policy": {
					"timeout": "0.12:00:00",
					"retry": 0,
					"retryIntervalInSeconds": 30,
					"secureOutput": false,
					"secureInput": false
				},
				"userProperties": [],
				"typeProperties": {
					"storedProcedureName": "[Ingestion].[USP_InsertLogExtractDetail]",
					"storedProcedureParameters": {
						"EndTime": {
							"value": null,
							"type": "DateTime"
						},
						"Error": {
							"value": null,
							"type": "String"
						},
						"PipelineName": {
							"value": {
								"value": "@pipeline().Pipeline",
								"type": "Expression"
							},
							"type": "String"
						},
						"MasterRunID": {
							"value": {
								"value": "@pipeline().parameters.param_MasterRunID",
								"type": "Expression"
							},
							"type": "String"
						},
						"PipelineRunID": {
							"value": {
								"value": "@pipeline().RunId",
								"type": "Expression"
							},
							"type": "String"
						},
						"StartTime": {
							"value": {
								"value": "@convertFromUtc(pipeline().TriggerTime,'AUS Eastern Standard Time')",
								"type": "Expression"
							},
							"type": "DateTime"
						},
						"Status": {
							"value": "Started",
							"type": "String"
						},
						"TargetDirectory": {
							"value": null,
							"type": "String"
						},
						"TargetFileName": {
							"value": null,
							"type": "String"
						},
						"TargetFileSystem": {
							"value": null,
							"type": "String"
						},
						"TriggerName": {
							"value": {
								"value": "@pipeline().parameters.param_TriggerName",
								"type": "Expression"
							},
							"type": "String"
						}
					}
				},
				"linkedServiceName": {
					"referenceName": "AzureSynapseAnalytics_EIM",
					"type": "LinkedServiceReference"
				}
			},
			{
				"name": "CHECK IF PE ZIP FILE EXISTS OR NOT",
				"type": "GetMetadata",
				"dependsOn": [
					{
						"activity": "InsertLogExtract",
						"dependencyConditions": [
							"Succeeded"
						]
					}
				],
				"policy": {
					"timeout": "0.12:00:00",
					"retry": 0,
					"retryIntervalInSeconds": 30,
					"secureOutput": false,
					"secureInput": false
				},
				"userProperties": [],
				"typeProperties": {
					"dataset": {
						"referenceName": "ds_EXTRACT_EDL_D365_REX_BUYINGPERIOD_CHECK_ZIPFILE_EXIST",
						"type": "DatasetReference"
					},
					"fieldList": [
						"exists"
					],
					"storeSettings": {
						"type": "AzureBlobFSReadSettings",
						"recursive": true,
						"enablePartitionDiscovery": false
					},
					"formatSettings": {
						"type": "BinaryReadSettings"
					}
				}
			},
			{
				"name": "If Condition1",
				"type": "IfCondition",
				"dependsOn": [
					{
						"activity": "CHECK IF PE ZIP FILE EXISTS OR NOT",
						"dependencyConditions": [
							"Succeeded"
						]
					}
				],
				"userProperties": [],
				"typeProperties": {
					"expression": {
						"value": "@activity('CHECK IF PE ZIP FILE EXISTS OR NOT').output.exists",
						"type": "Expression"
					},
					"ifFalseActivities": [
						{
							"name": "Copy D365 Data Alone",
							"type": "Copy",
							"dependsOn": [],
							"policy": {
								"timeout": "0.12:00:00",
								"retry": 0,
								"retryIntervalInSeconds": 30,
								"secureOutput": false,
								"secureInput": false
							},
							"userProperties": [],
							"typeProperties": {
								"source": {
									"type": "SqlDWSource",
									"sqlReaderStoredProcedureName": "[EXTRACT_MDATA].[USP_EDL_D365_PRICING_BUYING_PERIOD_D365]",
									"queryTimeout": "02:00:00",
									"partitionOption": "None"
								},
								"sink": {
									"type": "DelimitedTextSink",
									"storeSettings": {
										"type": "AzureBlobFSWriteSettings"
									},
									"formatSettings": {
										"type": "DelimitedTextWriteSettings",
										"quoteAllText": true,
										"fileExtension": ".txt"
									}
								},
								"enableStaging": false,
								"translator": {
									"type": "TabularTranslator",
									"typeConversion": true,
									"typeConversionSettings": {
										"allowDataTruncation": true,
										"treatBooleanAsNumber": false
									}
								}
							},
							"inputs": [
								{
									"referenceName": "ds_EXTRACT_EDL_D365_PRICING_BUYING_PERIOD_D365_ALONE_SOURCE",
									"type": "DatasetReference"
								}
							],
							"outputs": [
								{
									"referenceName": "ds_EXTRACT_EDL_D365_PRICING_BUYING_PERIOD_D365_ALONE_SINK",
									"type": "DatasetReference",
									"parameters": {
										"TargetPath": {
											"value": "fromadf/toga/rex",
											"type": "Expression"
										},
										"TargetFileName": {
											"value": "@concat('Buying_Period_D365.',formatDateTime(utcnow(),'yyMMdd'))",
											"type": "Expression"
										}
									}
								}
							]
						},
						{
							"name": "ZIP ALL DAILY FILES",
							"type": "Copy",
							"dependsOn": [
								{
									"activity": "Copy D365 Data Alone",
									"dependencyConditions": [
										"Succeeded"
									]
								}
							],
							"policy": {
								"timeout": "0.12:00:00",
								"retry": 0,
								"retryIntervalInSeconds": 30,
								"secureOutput": false,
								"secureInput": false
							},
							"userProperties": [],
							"typeProperties": {
								"source": {
									"type": "BinarySource",
									"storeSettings": {
										"type": "AzureBlobFSReadSettings",
										"recursive": true,
										"wildcardFolderPath": "fromadf/toga/rex",
										"wildcardFileName": {
											"value": "@concat('Buying_Period_D365.',formatDateTime(utcnow(),'yyMMdd'))",
											"type": "Expression"
										},
										"deleteFilesAfterCompletion": false
									},
									"formatSettings": {
										"type": "BinaryReadSettings"
									}
								},
								"sink": {
									"type": "BinarySink",
									"storeSettings": {
										"type": "AzureBlobFSWriteSettings"
									}
								},
								"enableStaging": false
							},
							"inputs": [
								{
									"referenceName": "ds_EXTRACT_EDL_D365_REX_BUYINGPERIOD_ZIP_FILES_SOURCE",
									"type": "DatasetReference"
								}
							],
							"outputs": [
								{
									"referenceName": "ds_EXTRACT_EDL_D365_REX_BUYINGPERIOD_ZIP_FILES_SINK",
									"type": "DatasetReference",
									"parameters": {
										"Targetzipfilename": {
											"value": "@concat('DAILY.',formatDateTime(utcnow(),'yyMMdd'),'.zip')",
											"type": "Expression"
										}
									}
								}
							]
						},
						{
							"name": "DeleteBuyingPeriodFilePostZipped",
							"type": "Delete",
							"dependsOn": [
								{
									"activity": "ZIP ALL DAILY FILES",
									"dependencyConditions": [
										"Succeeded"
									]
								}
							],
							"policy": {
								"timeout": "0.12:00:00",
								"retry": 0,
								"retryIntervalInSeconds": 30,
								"secureOutput": false,
								"secureInput": false
							},
							"userProperties": [],
							"typeProperties": {
								"dataset": {
									"referenceName": "ds_EXTRACT_EDL_D365_REX_BUYINGPERIOD_DELETE_FILE_AFTER_ZIP",
									"type": "DatasetReference"
								},
								"enableLogging": false,
								"storeSettings": {
									"type": "AzureBlobFSReadSettings",
									"recursive": true,
									"enablePartitionDiscovery": false
								}
							}
						},
						{
							"name": "UpdateLogExtract_CopyFail",
							"type": "SqlServerStoredProcedure",
							"dependsOn": [
								{
									"activity": "ZIP ALL DAILY FILES",
									"dependencyConditions": [
										"Failed"
									]
								}
							],
							"policy": {
								"timeout": "0.12:00:00",
								"retry": 0,
								"retryIntervalInSeconds": 30,
								"secureOutput": false,
								"secureInput": false
							},
							"userProperties": [],
							"typeProperties": {
								"storedProcedureName": "[Ingestion].[USP_UpdateLogExtractDetail]",
								"storedProcedureParameters": {
									"EndTime": {
										"value": {
											"value": "@convertFromUtc(utcNow(),'AUS Eastern Standard Time')",
											"type": "Expression"
										},
										"type": "DateTime"
									},
									"ErrorMessage": {
										"value": {
											"value": "@activity('ZIP ALL DAILY FILES').output.Error.Message",
											"type": "Expression"
										},
										"type": "String"
									},
									"PipelineRunID": {
										"value": {
											"value": "@pipeline().RunId",
											"type": "Expression"
										},
										"type": "String"
									},
									"MasterRunID": {
										"value": {
											"value": "@pipeline().parameters.param_MasterRunID",
											"type": "Expression"
										},
										"type": "String"
									},
									"Status": {
										"value": "Error",
										"type": "String"
									},
									"TargetFileName": {
										"value": {
											"value": "@activity('ZIP ALL DAILY FILES').output.itemName",
											"type": "Expression"
										}
									}
								}
							},
							"linkedServiceName": {
								"referenceName": "AzureSynapseAnalytics_EIM",
								"type": "LinkedServiceReference"
							}
						},
						{
							"name": "UpdateLogExtract_Completed_copy1",
							"type": "SqlServerStoredProcedure",
							"dependsOn": [
								{
									"activity": "DeleteBuyingPeriodFilePostZipped",
									"dependencyConditions": [
										"Succeeded"
									]
								}
							],
							"policy": {
								"timeout": "0.12:00:00",
								"retry": 0,
								"retryIntervalInSeconds": 30,
								"secureOutput": false,
								"secureInput": false
							},
							"userProperties": [],
							"typeProperties": {
								"storedProcedureName": "[Ingestion].[USP_UpdateLogExtractDetail]",
								"storedProcedureParameters": {
									"EndTime": {
										"value": {
											"value": "@convertFromUtc(utcNow(),'AUS Eastern Standard Time')",
											"type": "Expression"
										},
										"type": "DateTime"
									},
									"ErrorMessage": {
										"value": null,
										"type": "String"
									},
									"PipelineRunID": {
										"value": {
											"value": "@pipeline().RunId",
											"type": "Expression"
										},
										"type": "String"
									},
									"MasterRunID": {
										"value": {
											"value": "@pipeline().parameters.param_MasterRunID",
											"type": "Expression"
										},
										"type": "String"
									},
									"Status": {
										"value": "Completed",
										"type": "String"
									},
									"TargetFileName": {
										"value": {
											"value": "@activity('DeleteBuyingPeriodFilePostZipped').output",
											"type": "Expression"
										}
									}
								}
							},
							"linkedServiceName": {
								"referenceName": "AzureSynapseAnalytics_EIM",
								"type": "LinkedServiceReference"
							}
						}
					],
					"ifTrueActivities": [
						{
							"name": "p_EXTRACT_EDL_D365_REX_BUYINGPERIOD_CHILD",
							"type": "ExecutePipeline",
							"dependsOn": [],
							"userProperties": [],
							"typeProperties": {
								"pipeline": {
									"referenceName": "p_EXTRACT_EDL_D365_PRICING_BUYING_PERIOD_CHILD",
									"type": "PipelineReference"
								},
								"waitOnCompletion": true
							}
						}
					]
				}
			}
		],
		"parameters": {
			"param_MasterRunID": {
				"type": "string",
				"defaultValue": "TEST_MasterRunID"
			},
			"param_TriggerName": {
				"type": "string",
				"defaultValue": "TEST_TriggerName"
			}
		},
		"folder": {
			"name": "EXTRACT/D365_EXTRACTS"
		},
		"annotations": []
	}
}