{
	"name": "p_extract_hyper",
	"properties": {
		"activities": [
			{
				"name": "LookupConfig",
				"description": "",
				"type": "Lookup",
				"dependsOn": [],
				"policy": {
					"timeout": "7.00:00:00",
					"retry": 0,
					"retryIntervalInSeconds": 30,
					"secureOutput": false,
					"secureInput": false
				},
				"userProperties": [],
				"typeProperties": {
					"source": {
						"type": "SqlDWSource",
						"sqlReaderStoredProcedureName": "[ingestion].[usp_SelectExtracts]",
						"storedProcedureParameters": {
							"selectExtracts": {
								"type": "String",
								"value": {
									"value": "@pipeline().parameters.entities",
									"type": "Expression"
								}
							},
							"triggerName": {
								"type": "String",
								"value": {
									"value": "@pipeline().parameters.trigger_name",
									"type": "Expression"
								}
							}
						},
						"queryTimeout": "02:00:00",
						"partitionOption": "None"
					},
					"dataset": {
						"referenceName": "ds_d365_ConfigurationTable",
						"type": "DatasetReference"
					},
					"firstRowOnly": false
				}
			},
			{
				"name": "ForEach Entity",
				"type": "ForEach",
				"dependsOn": [
					{
						"activity": "Create Main Log",
						"dependencyConditions": [
							"Succeeded"
						]
					}
				],
				"userProperties": [],
				"typeProperties": {
					"items": {
						"value": "@activity('LookupConfig').output.value",
						"type": "Expression"
					},
					"isSequential": false,
					"batchCount": 50,
					"activities": [
						{
							"name": "Execute Extract Pipeline",
							"type": "ExecutePipeline",
							"dependsOn": [],
							"userProperties": [],
							"typeProperties": {
								"pipeline": {
									"referenceName": "p_extract_parallel",
									"type": "PipelineReference"
								},
								"waitOnCompletion": true,
								"parameters": {
									"master_run_id": {
										"value": "@pipeline().parameters.master_run_id",
										"type": "Expression"
									},
									"trigger_name": {
										"value": "@pipeline().parameters.trigger_name",
										"type": "Expression"
									},
									"pipeline_name": {
										"value": "@item().ExtractPipelineName",
										"type": "Expression"
									},
									"extract_name": {
										"value": "@item().ExtractName",
										"type": "Expression"
									},
									"extract_sp_name": {
										"value": "@item().ExtractSPName",
										"type": "Expression"
									},
									"extract_sp_schema": {
										"value": "@item().ExtractSPSchema",
										"type": "Expression"
									},
									"extract_table_name": {
										"value": "@item().ExtractTableName",
										"type": "Expression"
									},
									"extract_table_schema": {
										"value": "@item().ExtractTableSchema",
										"type": "Expression"
									},
									"extract_view_name": {
										"value": "@item().ExtractViewName",
										"type": "Expression"
									},
									"extract_view_schema": {
										"value": "@item().ExtractViewSchema",
										"type": "Expression"
									}
								}
							}
						}
					]
				}
			},
			{
				"name": "Create Main Log",
				"type": "Lookup",
				"dependsOn": [
					{
						"activity": "LookupConfig",
						"dependencyConditions": [
							"Succeeded"
						]
					}
				],
				"policy": {
					"timeout": "7.00:00:00",
					"retry": 0,
					"retryIntervalInSeconds": 30,
					"secureOutput": false,
					"secureInput": false
				},
				"userProperties": [],
				"typeProperties": {
					"source": {
						"type": "SqlDWSource",
						"sqlReaderStoredProcedureName": "[ingestion].[usp_InsertLogExtract]",
						"storedProcedureParameters": {
							"ErrorMessage": {
								"type": "String",
								"value": " "
							},
							"MasterRunID": {
								"type": "String",
								"value": {
									"value": "@pipeline().parameters.master_run_id",
									"type": "Expression"
								}
							},
							"Status": {
								"type": "String",
								"value": "Started"
							},
							"TriggerName": {
								"type": "String",
								"value": {
									"value": "@pipeline().parameters.trigger_name",
									"type": "Expression"
								}
							}
						},
						"queryTimeout": "02:00:00",
						"partitionOption": "None"
					},
					"dataset": {
						"referenceName": "ds_d365_Log",
						"type": "DatasetReference"
					}
				}
			},
			{
				"name": "Update Main Log",
				"type": "SqlServerStoredProcedure",
				"dependsOn": [
					{
						"activity": "ForEach Entity",
						"dependencyConditions": [
							"Succeeded"
						]
					}
				],
				"policy": {
					"timeout": "7.00:00:00",
					"retry": 0,
					"retryIntervalInSeconds": 30,
					"secureOutput": false,
					"secureInput": false
				},
				"userProperties": [],
				"typeProperties": {
					"storedProcedureName": "[ingestion].[usp_UpdateLogExtract]",
					"storedProcedureParameters": {
						"EndTime": {
							"value": {
								"value": "@convertFromUtc(utcNow(),'AUS Eastern Standard Time')",
								"type": "Expression"
							},
							"type": "DateTime"
						},
						"ErrorMessage": {
							"value": " ",
							"type": "String"
						},
						"MasterRunID": {
							"value": {
								"value": "@pipeline().parameters.master_run_id",
								"type": "Expression"
							},
							"type": "String"
						},
						"Status": {
							"value": "Completed",
							"type": "String"
						}
					}
				},
				"linkedServiceName": {
					"referenceName": "AzureSynapseAnalytics_EIM",
					"type": "LinkedServiceReference"
				}
			},
			{
				"name": "Update Main Log on Error",
				"type": "SqlServerStoredProcedure",
				"dependsOn": [
					{
						"activity": "ForEach Entity",
						"dependencyConditions": [
							"Failed"
						]
					}
				],
				"policy": {
					"timeout": "7.00:00:00",
					"retry": 0,
					"retryIntervalInSeconds": 30,
					"secureOutput": false,
					"secureInput": false
				},
				"userProperties": [],
				"typeProperties": {
					"storedProcedureName": "[ingestion].[usp_UpdateLogExtract]",
					"storedProcedureParameters": {
						"EndTime": {
							"value": {
								"value": "@convertFromUtc(utcNow(),'AUS Eastern Standard Time')",
								"type": "Expression"
							},
							"type": "DateTime"
						},
						"ErrorMessage": {
							"value": "Error in Pipeline",
							"type": "String"
						},
						"MasterRunID": {
							"value": {
								"value": "@pipeline().parameters.master_run_id",
								"type": "Expression"
							},
							"type": "String"
						},
						"Status": {
							"value": "Failed",
							"type": "String"
						}
					}
				},
				"linkedServiceName": {
					"referenceName": "AzureSynapseAnalytics_EIM",
					"type": "LinkedServiceReference"
				}
			}
		],
		"parameters": {
			"entities": {
				"type": "string",
				"defaultValue": "All"
			},
			"trigger_name": {
				"type": "string"
			},
			"master_run_id": {
				"type": "string",
				"defaultValue": "Manual"
			}
		},
		"variables": {
			"pipelineURL": {
				"type": "String"
			}
		},
		"folder": {
			"name": "INGEST/Miscellaneous"
		},
		"annotations": [],
		"lastPublishTime": "2022-05-12T01:39:45Z"
	}
}