{
	"name": "p_EXTRACT_EDL_D365_PRICING_BUYING_PERIOD_CHILD",
	"properties": {
		"activities": [
			{
				"name": "UNZIP ZIP FILE",
				"type": "Copy",
				"dependsOn": [],
				"policy": {
					"timeout": "0.12:00:00",
					"retry": 0,
					"retryIntervalInSeconds": 30,
					"secureOutput": false,
					"secureInput": false
				},
				"userProperties": [],
				"typeProperties": {
					"source": {
						"type": "BinarySource",
						"storeSettings": {
							"type": "AzureBlobFSReadSettings",
							"recursive": true
						},
						"formatSettings": {
							"type": "BinaryReadSettings",
							"compressionProperties": {
								"type": "ZipDeflateReadSettings"
							}
						}
					},
					"sink": {
						"type": "BinarySink",
						"storeSettings": {
							"type": "AzureBlobFSWriteSettings"
						}
					},
					"enableStaging": false
				},
				"inputs": [
					{
						"referenceName": "ds_EXTRACT_EDL_D365_REX_BUYINGPERIOD_UNZIP_FILE_SOURCE",
						"type": "DatasetReference"
					}
				],
				"outputs": [
					{
						"referenceName": "ds_EXTRACT_EDL_D365_REX_BUYINGPERIOD_UNZIP_FILES_SINK",
						"type": "DatasetReference"
					}
				]
			},
			{
				"name": "GET METADATA OF UNZIP FILES",
				"type": "GetMetadata",
				"dependsOn": [
					{
						"activity": "UNZIP ZIP FILE",
						"dependencyConditions": [
							"Succeeded"
						]
					}
				],
				"policy": {
					"timeout": "0.12:00:00",
					"retry": 0,
					"retryIntervalInSeconds": 30,
					"secureOutput": false,
					"secureInput": false
				},
				"userProperties": [],
				"typeProperties": {
					"dataset": {
						"referenceName": "ds_EXTRACT_EDL_D365_REX_BUYINGPERIOD_METADATA_UNZIP_FILES",
						"type": "DatasetReference"
					},
					"fieldList": [
						"childItems"
					],
					"storeSettings": {
						"type": "AzureBlobFSReadSettings",
						"recursive": true,
						"enablePartitionDiscovery": false
					},
					"formatSettings": {
						"type": "DelimitedTextReadSettings"
					}
				}
			},
			{
				"name": "FILTER UNZIP BP FILE FOR TODAYS DATE",
				"type": "Filter",
				"dependsOn": [
					{
						"activity": "GET METADATA OF UNZIP FILES",
						"dependencyConditions": [
							"Succeeded"
						]
					}
				],
				"userProperties": [],
				"typeProperties": {
					"items": {
						"value": "@activity('GET METADATA OF UNZIP FILES').output.childItems",
						"type": "Expression"
					},
					"condition": {
						"value": "@startswith(item().name,concat('DAILY.',formatDateTime(utcnow(),'yyMMdd')))",
						"type": "Expression"
					}
				}
			},
			{
				"name": "ForEach1",
				"type": "ForEach",
				"dependsOn": [
					{
						"activity": "FILTER UNZIP BP FILE FOR TODAYS DATE",
						"dependencyConditions": [
							"Succeeded"
						]
					}
				],
				"userProperties": [],
				"typeProperties": {
					"items": {
						"value": "@activity('FILTER UNZIP BP FILE FOR TODAYS DATE').output.Value",
						"type": "Expression"
					},
					"isSequential": true,
					"activities": [
						{
							"name": "SET VARIABLE TO GET FOLDER NAME",
							"type": "SetVariable",
							"dependsOn": [],
							"userProperties": [],
							"typeProperties": {
								"variableName": "UNZIPPEDFOLDERNAME",
								"value": {
									"value": "@item().name",
									"type": "Expression"
								}
							}
						},
						{
							"name": "COPY PE BP FILE DATA TO SYNAPSE TABLE",
							"type": "Copy",
							"dependsOn": [
								{
									"activity": "SET VARIABLE TO GET FOLDER NAME",
									"dependencyConditions": [
										"Succeeded"
									]
								}
							],
							"policy": {
								"timeout": "0.12:00:00",
								"retry": 0,
								"retryIntervalInSeconds": 30,
								"secureOutput": false,
								"secureInput": false
							},
							"userProperties": [],
							"typeProperties": {
								"source": {
									"type": "DelimitedTextSource",
									"storeSettings": {
										"type": "AzureBlobFSReadSettings",
										"recursive": true,
										"enablePartitionDiscovery": false
									},
									"formatSettings": {
										"type": "DelimitedTextReadSettings"
									}
								},
								"sink": {
									"type": "SqlDWSink",
									"writeBehavior": "Insert",
									"sqlWriterUseTableLock": false,
									"tableOption": "autoCreate",
									"disableMetricsCollection": false
								},
								"enableStaging": false,
								"translator": {
									"type": "TabularTranslator",
									"typeConversion": true,
									"typeConversionSettings": {
										"allowDataTruncation": true,
										"treatBooleanAsNumber": false
									}
								}
							},
							"inputs": [
								{
									"referenceName": "ds_EXTRACT_EDL_D365_REX_BUYINGPERIOD_COPYPEFILE_TO_SYNAPSE",
									"type": "DatasetReference",
									"parameters": {
										"folderpath": {
											"value": "@concat('fromerp/toadf/dailyfile/unzip/',variables('UNZIPPEDFOLDERNAME'))",
											"type": "Expression"
										}
									}
								}
							],
							"outputs": [
								{
									"referenceName": "AzureSynapseAnalyticsTable2",
									"type": "DatasetReference"
								}
							]
						},
						{
							"name": "MERGE AND COPY PE AND D365 DATA",
							"type": "Copy",
							"dependsOn": [
								{
									"activity": "COPY PE BP FILE DATA TO SYNAPSE TABLE",
									"dependencyConditions": [
										"Succeeded"
									]
								}
							],
							"policy": {
								"timeout": "0.12:00:00",
								"retry": 0,
								"retryIntervalInSeconds": 30,
								"secureOutput": false,
								"secureInput": false
							},
							"userProperties": [],
							"typeProperties": {
								"source": {
									"type": "SqlDWSource",
									"sqlReaderStoredProcedureName": "[EXTRACT_MDATA].[USP_EDL_D365_PRICING_BUYING_PERIOD_PE_D365]",
									"queryTimeout": "02:00:00",
									"partitionOption": "None"
								},
								"sink": {
									"type": "DelimitedTextSink",
									"storeSettings": {
										"type": "AzureBlobFSWriteSettings"
									},
									"formatSettings": {
										"type": "DelimitedTextWriteSettings",
										"quoteAllText": true,
										"fileExtension": ".txt"
									}
								},
								"enableStaging": false,
								"translator": {
									"type": "TabularTranslator",
									"typeConversion": true,
									"typeConversionSettings": {
										"allowDataTruncation": true,
										"treatBooleanAsNumber": false
									}
								}
							},
							"inputs": [
								{
									"referenceName": "ds_EXTRACT_EDL_D365_REX_BUYINGPERIOD_COPY_SYNAPSE_TO_GEN2_SOURCE",
									"type": "DatasetReference"
								}
							],
							"outputs": [
								{
									"referenceName": "ds_EXTRACT_EDL_D365_REX_BUYINGPERIOD_COPY_SYNAPSE_TO_GEN2_SINK",
									"type": "DatasetReference",
									"parameters": {
										"TargetFilePath": "fromadf/toga/rex",
										"TargetFileName": {
											"value": "@concat('Buying_Period_D365.',formatDateTime(utcnow(),'yyMMdd'))",
											"type": "Expression"
										}
									}
								}
							]
						},
						{
							"name": "UpdateLogExtract_SPFail_Copy Unzip Fail",
							"type": "SqlServerStoredProcedure",
							"dependsOn": [
								{
									"activity": "COPY PE BP FILE DATA TO SYNAPSE TABLE",
									"dependencyConditions": [
										"Failed"
									]
								}
							],
							"policy": {
								"timeout": "0.12:00:00",
								"retry": 0,
								"retryIntervalInSeconds": 30,
								"secureOutput": false,
								"secureInput": false
							},
							"userProperties": [],
							"typeProperties": {
								"storedProcedureName": "[Ingestion].[USP_UpdateLogExtractDetail]",
								"storedProcedureParameters": {
									"EndTime": {
										"value": {
											"value": "@convertFromUtc(utcNow(),'AUS Eastern Standard Time')",
											"type": "Expression"
										},
										"type": "DateTime"
									},
									"ErrorMessage": {
										"value": {
											"value": "@activity('COPY PE BP FILE DATA TO SYNAPSE TABLE').output.Error.message",
											"type": "Expression"
										},
										"type": "String"
									},
									"PipelineRunID": {
										"value": {
											"value": "@pipeline().RunId",
											"type": "Expression"
										},
										"type": "String"
									},
									"MasterRunID": {
										"value": {
											"value": "@pipeline().parameters.param_MasterRunID",
											"type": "Expression"
										},
										"type": "String"
									},
									"Status": {
										"value": "Error",
										"type": "String"
									},
									"TargetFileName": {
										"value": null
									}
								}
							},
							"linkedServiceName": {
								"referenceName": "AzureSynapseAnalytics_EIM",
								"type": "LinkedServiceReference"
							}
						},
						{
							"name": "UpdateLogExtract_SPFail_Copy Unzip Fail_copy1",
							"type": "SqlServerStoredProcedure",
							"dependsOn": [
								{
									"activity": "MERGE AND COPY PE AND D365 DATA",
									"dependencyConditions": [
										"Failed"
									]
								}
							],
							"policy": {
								"timeout": "0.12:00:00",
								"retry": 0,
								"retryIntervalInSeconds": 30,
								"secureOutput": false,
								"secureInput": false
							},
							"userProperties": [],
							"typeProperties": {
								"storedProcedureName": "[Ingestion].[USP_UpdateLogExtractDetail]",
								"storedProcedureParameters": {
									"EndTime": {
										"value": {
											"value": "@convertFromUtc(utcNow(),'AUS Eastern Standard Time')",
											"type": "Expression"
										},
										"type": "DateTime"
									},
									"ErrorMessage": {
										"value": {
											"value": "@activity('MERGE AND COPY PE AND D365 DATA').output.Error.message",
											"type": "Expression"
										},
										"type": "String"
									},
									"PipelineRunID": {
										"value": {
											"value": "@pipeline().RunId",
											"type": "Expression"
										},
										"type": "String"
									},
									"MasterRunID": {
										"value": {
											"value": "@pipeline().parameters.param_MasterRunID",
											"type": "Expression"
										},
										"type": "String"
									},
									"Status": {
										"value": "Error",
										"type": "String"
									},
									"TargetFileName": {
										"value": null
									}
								}
							},
							"linkedServiceName": {
								"referenceName": "AzureSynapseAnalytics_EIM",
								"type": "LinkedServiceReference"
							}
						}
					]
				}
			},
			{
				"name": "ZIP ALL DAILY FILES",
				"type": "Copy",
				"dependsOn": [
					{
						"activity": "ForEach1",
						"dependencyConditions": [
							"Succeeded"
						]
					}
				],
				"policy": {
					"timeout": "0.12:00:00",
					"retry": 0,
					"retryIntervalInSeconds": 30,
					"secureOutput": false,
					"secureInput": false
				},
				"userProperties": [],
				"typeProperties": {
					"source": {
						"type": "BinarySource",
						"storeSettings": {
							"type": "AzureBlobFSReadSettings",
							"recursive": true,
							"wildcardFolderPath": "fromadf/toga/rex",
							"wildcardFileName": {
								"value": "@concat('Buying_Period_D365.',formatDateTime(utcnow(),'yyMMdd'))",
								"type": "Expression"
							},
							"deleteFilesAfterCompletion": false
						},
						"formatSettings": {
							"type": "BinaryReadSettings"
						}
					},
					"sink": {
						"type": "BinarySink",
						"storeSettings": {
							"type": "AzureBlobFSWriteSettings"
						}
					},
					"enableStaging": false
				},
				"inputs": [
					{
						"referenceName": "ds_EXTRACT_EDL_D365_REX_BUYINGPERIOD_ZIP_FILES_SOURCE",
						"type": "DatasetReference"
					}
				],
				"outputs": [
					{
						"referenceName": "ds_EXTRACT_EDL_D365_REX_BUYINGPERIOD_ZIP_FILES_SINK",
						"type": "DatasetReference",
						"parameters": {
							"Targetzipfilename": {
								"value": "@concat('DAILY.',formatDateTime(utcnow(),'yyMMdd'),'.zip')",
								"type": "Expression"
							}
						}
					}
				]
			},
			{
				"name": "UpdateLogExtract_SPFail_copy",
				"type": "SqlServerStoredProcedure",
				"dependsOn": [
					{
						"activity": "UNZIP ZIP FILE",
						"dependencyConditions": [
							"Failed"
						]
					}
				],
				"policy": {
					"timeout": "0.12:00:00",
					"retry": 0,
					"retryIntervalInSeconds": 30,
					"secureOutput": false,
					"secureInput": false
				},
				"userProperties": [],
				"typeProperties": {
					"storedProcedureName": "[Ingestion].[USP_UpdateLogExtractDetail]",
					"storedProcedureParameters": {
						"EndTime": {
							"value": {
								"value": "@convertFromUtc(utcNow(),'AUS Eastern Standard Time')",
								"type": "Expression"
							},
							"type": "DateTime"
						},
						"ErrorMessage": {
							"value": {
								"value": "@activity('UNZIP ZIP FILE').output.Error.message",
								"type": "Expression"
							},
							"type": "String"
						},
						"PipelineRunID": {
							"value": {
								"value": "@pipeline().RunId",
								"type": "Expression"
							},
							"type": "String"
						},
						"MasterRunID": {
							"value": {
								"value": "@pipeline().parameters.param_MasterRunID",
								"type": "Expression"
							},
							"type": "String"
						},
						"Status": {
							"value": "Error",
							"type": "String"
						},
						"TargetFileName": {
							"value": null
						}
					}
				},
				"linkedServiceName": {
					"referenceName": "AzureSynapseAnalytics_EIM",
					"type": "LinkedServiceReference"
				}
			},
			{
				"name": "UpdateLogExtract_SPFail",
				"type": "SqlServerStoredProcedure",
				"dependsOn": [
					{
						"activity": "GET METADATA OF UNZIP FILES",
						"dependencyConditions": [
							"Failed"
						]
					}
				],
				"policy": {
					"timeout": "0.12:00:00",
					"retry": 0,
					"retryIntervalInSeconds": 30,
					"secureOutput": false,
					"secureInput": false
				},
				"userProperties": [],
				"typeProperties": {
					"storedProcedureName": "[Ingestion].[USP_UpdateLogExtractDetail]",
					"storedProcedureParameters": {
						"EndTime": {
							"value": {
								"value": "@convertFromUtc(utcNow(),'AUS Eastern Standard Time')",
								"type": "Expression"
							},
							"type": "DateTime"
						},
						"ErrorMessage": {
							"value": {
								"value": "@activity('GET METADATA OF UNZIP FILES').output.Error.message",
								"type": "Expression"
							},
							"type": "String"
						},
						"PipelineRunID": {
							"value": {
								"value": "@pipeline().RunId",
								"type": "Expression"
							},
							"type": "String"
						},
						"MasterRunID": {
							"value": {
								"value": "@pipeline().parameters.param_MasterRunID",
								"type": "Expression"
							},
							"type": "String"
						},
						"Status": {
							"value": "Error",
							"type": "String"
						},
						"TargetFileName": {
							"value": null
						}
					}
				},
				"linkedServiceName": {
					"referenceName": "AzureSynapseAnalytics_EIM",
					"type": "LinkedServiceReference"
				}
			},
			{
				"name": "DeleteBuyingPeriodFilePostZipped",
				"type": "Delete",
				"dependsOn": [
					{
						"activity": "ZIP ALL DAILY FILES",
						"dependencyConditions": [
							"Succeeded"
						]
					}
				],
				"policy": {
					"timeout": "0.12:00:00",
					"retry": 0,
					"retryIntervalInSeconds": 30,
					"secureOutput": false,
					"secureInput": false
				},
				"userProperties": [],
				"typeProperties": {
					"dataset": {
						"referenceName": "ds_EXTRACT_EDL_D365_REX_BUYINGPERIOD_DELETE_FILE_AFTER_ZIP",
						"type": "DatasetReference"
					},
					"enableLogging": false,
					"storeSettings": {
						"type": "AzureBlobFSReadSettings",
						"recursive": true,
						"enablePartitionDiscovery": false
					}
				}
			},
			{
				"name": "UpdateLogExtract_CopyFail",
				"type": "SqlServerStoredProcedure",
				"dependsOn": [
					{
						"activity": "ZIP ALL DAILY FILES",
						"dependencyConditions": [
							"Failed"
						]
					}
				],
				"policy": {
					"timeout": "0.12:00:00",
					"retry": 0,
					"retryIntervalInSeconds": 30,
					"secureOutput": false,
					"secureInput": false
				},
				"userProperties": [],
				"typeProperties": {
					"storedProcedureName": "[Ingestion].[USP_UpdateLogExtractDetail]",
					"storedProcedureParameters": {
						"EndTime": {
							"value": {
								"value": "@convertFromUtc(utcNow(),'AUS Eastern Standard Time')",
								"type": "Expression"
							},
							"type": "DateTime"
						},
						"ErrorMessage": {
							"value": {
								"value": "@activity('ZIP ALL DAILY FILES').output.Error.Message",
								"type": "Expression"
							},
							"type": "String"
						},
						"PipelineRunID": {
							"value": {
								"value": "@pipeline().RunId",
								"type": "Expression"
							},
							"type": "String"
						},
						"MasterRunID": {
							"value": {
								"value": "@pipeline().parameters.param_MasterRunID",
								"type": "Expression"
							},
							"type": "String"
						},
						"Status": {
							"value": "Error",
							"type": "String"
						},
						"TargetFileName": {
							"value": {
								"value": "@activity('ZIP ALL DAILY FILES').output.itemName",
								"type": "Expression"
							}
						}
					}
				},
				"linkedServiceName": {
					"referenceName": "AzureSynapseAnalytics_EIM",
					"type": "LinkedServiceReference"
				}
			},
			{
				"name": "UpdateLogExtract_Completed",
				"type": "SqlServerStoredProcedure",
				"dependsOn": [
					{
						"activity": "DeleteBuyingPeriodFilePostZipped",
						"dependencyConditions": [
							"Succeeded"
						]
					}
				],
				"policy": {
					"timeout": "0.12:00:00",
					"retry": 0,
					"retryIntervalInSeconds": 30,
					"secureOutput": false,
					"secureInput": false
				},
				"userProperties": [],
				"typeProperties": {
					"storedProcedureName": "[Ingestion].[USP_UpdateLogExtractDetail]",
					"storedProcedureParameters": {
						"EndTime": {
							"value": {
								"value": "@convertFromUtc(utcNow(),'AUS Eastern Standard Time')",
								"type": "Expression"
							},
							"type": "DateTime"
						},
						"ErrorMessage": {
							"value": null,
							"type": "String"
						},
						"PipelineRunID": {
							"value": {
								"value": "@pipeline().RunId",
								"type": "Expression"
							},
							"type": "String"
						},
						"MasterRunID": {
							"value": {
								"value": "@pipeline().parameters.param_MasterRunID",
								"type": "Expression"
							},
							"type": "String"
						},
						"Status": {
							"value": "Completed",
							"type": "String"
						},
						"TargetFileName": {
							"value": {
								"value": "@activity('DeleteBuyingPeriodFilePostZipped').output",
								"type": "Expression"
							}
						}
					}
				},
				"linkedServiceName": {
					"referenceName": "AzureSynapseAnalytics_EIM",
					"type": "LinkedServiceReference"
				}
			}
		],
		"parameters": {
			"param_MasterRunID": {
				"type": "string",
				"defaultValue": "TEST_MasterRunID"
			},
			"param_TriggerName": {
				"type": "string",
				"defaultValue": "TEST_TriggerName"
			}
		},
		"variables": {
			"UNZIPPEDFOLDERNAME": {
				"type": "String"
			}
		},
		"folder": {
			"name": "EXTRACT/D365_EXTRACTS"
		},
		"annotations": []
	}
}