{
	"name": "p_EXTRACT_EDL_D365_BY_ITEM",
	"properties": {
		"activities": [
			{
				"name": "EXECUTE_USP_EDL_D365_BY_ITEMS",
				"type": "SqlServerStoredProcedure",
				"dependsOn": [
					{
						"activity": "USP_EXTRACTWATERMARKLOG_INSERTEXTRACT_LOG",
						"dependencyConditions": [
							"Succeeded"
						]
					}
				],
				"policy": {
					"timeout": "0.12:00:00",
					"retry": 0,
					"retryIntervalInSeconds": 30,
					"secureOutput": false,
					"secureInput": false
				},
				"userProperties": [],
				"typeProperties": {
					"storedProcedureName": "[EXTRACT_MDATA].[USP_EDL_D365_BY_ITEMS]",
					"storedProcedureParameters": {
						"reload": {
							"value": "y",
							"type": "String"
						}
					}
				},
				"linkedServiceName": {
					"referenceName": "AzureSynapseAnalytics_EIM",
					"type": "LinkedServiceReference"
				}
			},
			{
				"name": "InsertLogExtract",
				"type": "SqlServerStoredProcedure",
				"dependsOn": [],
				"policy": {
					"timeout": "0.12:00:00",
					"retry": 0,
					"retryIntervalInSeconds": 30,
					"secureOutput": false,
					"secureInput": false
				},
				"userProperties": [],
				"typeProperties": {
					"storedProcedureName": "[Ingestion].[USP_InsertLogExtractDetail]",
					"storedProcedureParameters": {
						"EndTime": {
							"value": {
								"value": "@convertFromUtc(utcNow(),'AUS Eastern Standard Time')",
								"type": "Expression"
							},
							"type": "DateTime"
						},
						"Error": {
							"value": null,
							"type": "String"
						},
						"PipelineName": {
							"value": {
								"value": "@pipeline().Pipeline",
								"type": "Expression"
							},
							"type": "String"
						},
						"MasterRunID": {
							"value": {
								"value": "@pipeline().parameters.param_MasterRunID",
								"type": "Expression"
							},
							"type": "String"
						},
						"PipelineRunID": {
							"value": {
								"value": "@pipeline().RunId",
								"type": "Expression"
							},
							"type": "String"
						},
						"StartTime": {
							"value": {
								"value": "@convertFromUtc(pipeline().TriggerTime,'AUS Eastern Standard Time')",
								"type": "Expression"
							},
							"type": "DateTime"
						},
						"Status": {
							"value": "Started",
							"type": "String"
						},
						"TargetDirectory": {
							"value": null,
							"type": "String"
						},
						"TargetFileName": {
							"value": null,
							"type": "String"
						},
						"TargetFileSystem": {
							"value": null,
							"type": "String"
						},
						"TriggerName": {
							"value": {
								"value": "@pipeline().parameters.param_TriggerName",
								"type": "Expression"
							},
							"type": "String"
						}
					}
				},
				"linkedServiceName": {
					"referenceName": "AzureSynapseAnalytics_EIM",
					"type": "LinkedServiceReference"
				}
			},
			{
				"name": "UpdateLogExtract_SPFail",
				"type": "SqlServerStoredProcedure",
				"dependsOn": [
					{
						"activity": "EXECUTE_USP_EDL_D365_BY_ITEMS",
						"dependencyConditions": [
							"Failed"
						]
					}
				],
				"policy": {
					"timeout": "0.12:00:00",
					"retry": 0,
					"retryIntervalInSeconds": 30,
					"secureOutput": false,
					"secureInput": false
				},
				"userProperties": [],
				"typeProperties": {
					"storedProcedureName": "[Ingestion].[USP_UpdateLogExtractDetail]",
					"storedProcedureParameters": {
						"EndTime": {
							"value": {
								"value": "@convertFromUtc(utcNow(),'AUS Eastern Standard Time')",
								"type": "Expression"
							},
							"type": "DateTime"
						},
						"ErrorMessage": {
							"value": {
								"value": "@activity('EXECUTE_USP_EDL_D365_BY_ITEMS').output",
								"type": "Expression"
							},
							"type": "String"
						},
						"PipelineRunID": {
							"value": {
								"value": "@pipeline().RunId",
								"type": "Expression"
							},
							"type": "String"
						},
						"MasterRunID": {
							"value": {
								"value": "@pipeline().parameters.param_MasterRunID",
								"type": "Expression"
							},
							"type": "String"
						},
						"Status": {
							"value": "Error",
							"type": "String"
						},
						"TargetFileName": {
							"value": null
						}
					}
				},
				"linkedServiceName": {
					"referenceName": "AzureSynapseAnalytics_EIM",
					"type": "LinkedServiceReference"
				}
			},
			{
				"name": "USP_EXTRACTWATERMARKLOG",
				"type": "SqlServerStoredProcedure",
				"dependsOn": [
					{
						"activity": "If Condition",
						"dependencyConditions": [
							"Succeeded"
						]
					}
				],
				"policy": {
					"timeout": "0.12:00:00",
					"retry": 0,
					"retryIntervalInSeconds": 30,
					"secureOutput": false,
					"secureInput": false
				},
				"userProperties": [],
				"typeProperties": {
					"storedProcedureName": "[EXTRACT_MDATA].[USP_EXTRACTWATERMARKLOG]",
					"storedProcedureParameters": {
						"ACTION": {
							"value": "1",
							"type": "Int32"
						},
						"EXTRACTNAME": {
							"value": "EDL_D365_BY_ITEM",
							"type": "String"
						}
					}
				},
				"linkedServiceName": {
					"referenceName": "AzureSynapseAnalytics_EIM",
					"type": "LinkedServiceReference"
				}
			},
			{
				"name": "UpdateLogExtract_Completed",
				"type": "SqlServerStoredProcedure",
				"dependsOn": [
					{
						"activity": "USP_EXTRACTWATERMARKLOG",
						"dependencyConditions": [
							"Succeeded"
						]
					}
				],
				"policy": {
					"timeout": "0.12:00:00",
					"retry": 0,
					"retryIntervalInSeconds": 30,
					"secureOutput": false,
					"secureInput": false
				},
				"userProperties": [],
				"typeProperties": {
					"storedProcedureName": "[Ingestion].[USP_UpdateLogExtractDetail]",
					"storedProcedureParameters": {
						"EndTime": {
							"value": {
								"value": "@convertFromUtc(utcNow(),'AUS Eastern Standard Time')",
								"type": "Expression"
							},
							"type": "DateTime"
						},
						"ErrorMessage": {
							"value": null,
							"type": "String"
						},
						"PipelineRunID": {
							"value": {
								"value": "@pipeline().RunId",
								"type": "Expression"
							},
							"type": "String"
						},
						"MasterRunID": {
							"value": {
								"value": "@pipeline().parameters.param_MasterRunID",
								"type": "Expression"
							},
							"type": "String"
						},
						"Status": {
							"value": "Completed",
							"type": "String"
						},
						"TargetFileName": {
							"value": null
						}
					}
				},
				"linkedServiceName": {
					"referenceName": "AzureSynapseAnalytics_EIM",
					"type": "LinkedServiceReference"
				}
			},
			{
				"name": "LookupIfTableIsUpdated",
				"type": "Lookup",
				"dependsOn": [
					{
						"activity": "EXECUTE_USP_EDL_D365_BY_ITEMS",
						"dependencyConditions": [
							"Succeeded"
						]
					}
				],
				"policy": {
					"timeout": "0.12:00:00",
					"retry": 0,
					"retryIntervalInSeconds": 30,
					"secureOutput": false,
					"secureInput": false
				},
				"userProperties": [],
				"typeProperties": {
					"source": {
						"type": "SqlDWSource",
						"sqlReaderStoredProcedureName": "[EXTRACT_MDATA].[USP_EXTRACTWATERMARKLOG]",
						"storedProcedureParameters": {
							"EXTRACTNAME": {
								"type": "String",
								"value": "EDL_D365_BY_ITEM"
							},
							"ACTION": {
								"type": "Int64",
								"value": "2"
							}
						},
						"queryTimeout": "02:00:00",
						"partitionOption": "None"
					},
					"dataset": {
						"referenceName": "d_AZURE_SYN_STORED_PROCEDURE",
						"type": "DatasetReference"
					}
				}
			},
			{
				"name": "If Condition",
				"type": "IfCondition",
				"dependsOn": [
					{
						"activity": "LookupIfTableIsUpdated",
						"dependencyConditions": [
							"Succeeded"
						]
					}
				],
				"userProperties": [],
				"typeProperties": {
					"expression": {
						"value": "@equals(activity('LookupIfTableIsUpdated').output.firstRow.IsUpdated,1)",
						"type": "Expression"
					},
					"ifFalseActivities": [
						{
							"name": "UpdateLogExtract",
							"type": "SqlServerStoredProcedure",
							"dependsOn": [],
							"policy": {
								"timeout": "0.12:00:00",
								"retry": 0,
								"retryIntervalInSeconds": 30,
								"secureOutput": false,
								"secureInput": false
							},
							"userProperties": [],
							"typeProperties": {
								"storedProcedureName": "[Ingestion].[USP_UpdateLogExtractDetail]",
								"storedProcedureParameters": {
									"EndTime": {
										"value": {
											"value": "@convertFromUtc(utcNow(),'AUS Eastern Standard Time')",
											"type": "Expression"
										},
										"type": "DateTime"
									},
									"ErrorMessage": {
										"value": null,
										"type": "String"
									},
									"PipelineRunID": {
										"value": {
											"value": "@pipeline().RunId",
											"type": "Expression"
										},
										"type": "String"
									},
									"MasterRunID": {
										"value": {
											"value": "@pipeline().parameters.param_MasterRunID",
											"type": "Expression"
										},
										"type": "String"
									},
									"Status": {
										"value": "No Change",
										"type": "String"
									},
									"TargetFileName": {
										"value": null,
										"type": "String"
									}
								}
							},
							"linkedServiceName": {
								"referenceName": "AzureSynapseAnalytics_EIM",
								"type": "LinkedServiceReference"
							}
						}
					],
					"ifTrueActivities": [
						{
							"name": "CopyToTxtFile",
							"type": "Copy",
							"dependsOn": [],
							"policy": {
								"timeout": "0.12:00:00",
								"retry": 0,
								"retryIntervalInSeconds": 30,
								"secureOutput": false,
								"secureInput": false
							},
							"userProperties": [],
							"typeProperties": {
								"source": {
									"type": "SqlDWSource",
									"sqlReaderQuery": "SELECT * FROM [EXTRACT_MDATA].[V_EDL_D365_BY_ITEM]",
									"queryTimeout": "02:00:00",
									"partitionOption": "None"
								},
								"sink": {
									"type": "DelimitedTextSink",
									"storeSettings": {
										"type": "AzureBlobFSWriteSettings"
									},
									"formatSettings": {
										"type": "DelimitedTextWriteSettings",
										"quoteAllText": true,
										"fileExtension": ".txt"
									}
								},
								"enableStaging": false,
								"translator": {
									"type": "TabularTranslator",
									"typeConversion": true,
									"typeConversionSettings": {
										"allowDataTruncation": true,
										"treatBooleanAsNumber": false
									}
								}
							},
							"inputs": [
								{
									"referenceName": "ds_EDL_D365_BY_ITEM_F_COPY_SYNAPSE_SOURCE",
									"type": "DatasetReference"
								}
							],
							"outputs": [
								{
									"referenceName": "ds_EDL_D365_BY_ITEM_F_DATAFLOW_SINK",
									"type": "DatasetReference",
									"parameters": {
										"container": {
											"value": "eim-outbound-extract",
											"type": "Expression"
										},
										"folder": {
											"value": "WORKING/BLUEYONDER",
											"type": "Expression"
										},
										"filename": {
											"value": "@concat('Items-',formatDateTime(utcnow(),'yyyyMMddhhmmss'),'.csv')",
											"type": "Expression"
										}
									}
								}
							]
						},
						{
							"name": "UpdateLogExtract_CopyFail",
							"type": "SqlServerStoredProcedure",
							"dependsOn": [
								{
									"activity": "CopyToTxtFile",
									"dependencyConditions": [
										"Succeeded"
									]
								}
							],
							"policy": {
								"timeout": "0.12:00:00",
								"retry": 0,
								"retryIntervalInSeconds": 30,
								"secureOutput": false,
								"secureInput": false
							},
							"userProperties": [],
							"typeProperties": {
								"storedProcedureName": "[Ingestion].[USP_UpdateLogExtractDetail]",
								"storedProcedureParameters": {
									"EndTime": {
										"value": {
											"value": "@convertFromUtc(utcNow(),'AUS Eastern Standard Time')",
											"type": "Expression"
										},
										"type": "DateTime"
									},
									"ErrorMessage": {
										"value": null,
										"type": "String"
									},
									"PipelineRunID": {
										"value": {
											"value": "@pipeline().RunId",
											"type": "Expression"
										},
										"type": "String"
									},
									"MasterRunID": {
										"value": {
											"value": "@pipeline().parameters.param_MasterRunID",
											"type": "Expression"
										},
										"type": "String"
									},
									"Status": {
										"value": null,
										"type": "String"
									},
									"TargetFileName": {
										"value": null
									}
								}
							},
							"linkedServiceName": {
								"referenceName": "AzureSynapseAnalytics_EIM",
								"type": "LinkedServiceReference"
							}
						}
					]
				}
			},
			{
				"name": "UpdateLogExtract_lookup_fail",
				"type": "SqlServerStoredProcedure",
				"dependsOn": [
					{
						"activity": "LookupIfTableIsUpdated",
						"dependencyConditions": [
							"Failed"
						]
					}
				],
				"policy": {
					"timeout": "0.12:00:00",
					"retry": 0,
					"retryIntervalInSeconds": 30,
					"secureOutput": false,
					"secureInput": false
				},
				"userProperties": [],
				"typeProperties": {
					"storedProcedureName": "[Ingestion].[USP_UpdateLogExtractDetail]",
					"storedProcedureParameters": {
						"EndTime": {
							"value": {
								"value": "@convertFromUtc(utcNow(),'AUS Eastern Standard Time')",
								"type": "Expression"
							},
							"type": "DateTime"
						},
						"ErrorMessage": {
							"value": {
								"value": "@activity('LookupIfTableIsUpdated').Error.message",
								"type": "Expression"
							},
							"type": "String"
						},
						"PipelineRunID": {
							"value": {
								"value": "@pipeline().RunId",
								"type": "Expression"
							},
							"type": "String"
						},
						"MasterRunID": {
							"value": {
								"value": "@pipeline().parameters.param_MasterRunID",
								"type": "Expression"
							},
							"type": "String"
						},
						"Status": {
							"value": "Error",
							"type": "String"
						},
						"TargetFileName": {
							"value": null
						}
					}
				},
				"linkedServiceName": {
					"referenceName": "AzureSynapseAnalytics_EIM",
					"type": "LinkedServiceReference"
				}
			},
			{
				"name": "USP_EXTRACTWATERMARKLOG_INSERTEXTRACT_LOG",
				"type": "SqlServerStoredProcedure",
				"dependsOn": [
					{
						"activity": "InsertLogExtract",
						"dependencyConditions": [
							"Succeeded"
						]
					}
				],
				"policy": {
					"timeout": "0.12:00:00",
					"retry": 0,
					"retryIntervalInSeconds": 30,
					"secureOutput": false,
					"secureInput": false
				},
				"userProperties": [],
				"typeProperties": {
					"storedProcedureName": "[EXTRACT_MDATA].[USP_EXTRACTWATERMARKLOG]",
					"storedProcedureParameters": {
						"ACTION": {
							"value": "0",
							"type": "Int32"
						},
						"EXTRACTNAME": {
							"value": "EDL_D365_BY_ITEM",
							"type": "String"
						}
					}
				},
				"linkedServiceName": {
					"referenceName": "AzureSynapseAnalytics_EIM",
					"type": "LinkedServiceReference"
				}
			}
		],
		"parameters": {
			"param_MasterRunID": {
				"type": "string",
				"defaultValue": "TEST_MasterRunID"
			},
			"param_TriggerName": {
				"type": "string",
				"defaultValue": "TEST_TriggerName"
			}
		},
		"variables": {
			"TargetFileSystem": {
				"type": "String"
			},
			"TargetDirectory": {
				"type": "String"
			}
		},
		"folder": {
			"name": "EXTRACT/D365_EXTRACTS"
		},
		"annotations": []
	}
}