{
	"name": "p_EXTRACT_EDL_D365_PROMOTIONS_MC_DAILY",
	"properties": {
		"activities": [
			{
				"name": "InsertLogExtract",
				"type": "SqlServerStoredProcedure",
				"dependsOn": [],
				"policy": {
					"timeout": "0.12:00:00",
					"retry": 0,
					"retryIntervalInSeconds": 30,
					"secureOutput": false,
					"secureInput": false
				},
				"userProperties": [],
				"typeProperties": {
					"storedProcedureName": "[Ingestion].[USP_InsertLogExtractDetail]",
					"storedProcedureParameters": {
						"EndTime": {
							"value": {
								"value": "@convertFromUtc(utcNow(),'AUS Eastern Standard Time')",
								"type": "Expression"
							},
							"type": "DateTime"
						},
						"Error": {
							"value": null,
							"type": "String"
						},
						"PipelineName": {
							"value": {
								"value": "@pipeline().Pipeline",
								"type": "Expression"
							},
							"type": "String"
						},
						"MasterRunID": {
							"value": {
								"value": "@pipeline().parameters.param_MasterRunID",
								"type": "Expression"
							},
							"type": "String"
						},
						"PipelineRunID": {
							"value": {
								"value": "@pipeline().RunId",
								"type": "Expression"
							},
							"type": "String"
						},
						"StartTime": {
							"value": {
								"value": "@convertFromUtc(pipeline().TriggerTime,'AUS Eastern Standard Time')",
								"type": "Expression"
							},
							"type": "DateTime"
						},
						"Status": {
							"value": "Started",
							"type": "String"
						},
						"TargetDirectory": {
							"value": null,
							"type": "String"
						},
						"TargetFileName": {
							"value": null,
							"type": "String"
						},
						"TargetFileSystem": {
							"value": null,
							"type": "String"
						},
						"TriggerName": {
							"value": {
								"value": "@pipeline().parameters.param_TriggerName",
								"type": "Expression"
							},
							"type": "String"
						}
					}
				},
				"linkedServiceName": {
					"referenceName": "AzureSynapseAnalytics_EIM",
					"type": "LinkedServiceReference"
				}
			},
			{
				"name": "UpdateLogExtract_SPFail_FinalPEFile",
				"type": "SqlServerStoredProcedure",
				"dependsOn": [
					{
						"activity": "Copy_FinalPEFile",
						"dependencyConditions": [
							"Failed"
						]
					}
				],
				"policy": {
					"timeout": "0.12:00:00",
					"retry": 0,
					"retryIntervalInSeconds": 30,
					"secureOutput": false,
					"secureInput": false
				},
				"userProperties": [],
				"typeProperties": {
					"storedProcedureName": "[Ingestion].[USP_UpdateLogExtractDetail]",
					"storedProcedureParameters": {
						"EndTime": {
							"value": {
								"value": "@convertFromUtc(utcNow(),'AUS Eastern Standard Time')",
								"type": "Expression"
							},
							"type": "DateTime"
						},
						"ErrorMessage": {
							"value": {
								"value": "@activity('Copy_FinalPEFile').Error.message",
								"type": "Expression"
							},
							"type": "String"
						},
						"PipelineRunID": {
							"value": {
								"value": "@pipeline().RunId",
								"type": "Expression"
							},
							"type": "String"
						},
						"MasterRunID": {
							"value": {
								"value": "@pipeline().parameters.param_MasterRunID",
								"type": "Expression"
							},
							"type": "String"
						},
						"Status": {
							"value": "Error",
							"type": "String"
						},
						"TargetFileName": {
							"value": null
						}
					}
				},
				"linkedServiceName": {
					"referenceName": "AzureSynapseAnalytics_EIM",
					"type": "LinkedServiceReference"
				}
			},
			{
				"name": "UpdateLogExtract_Completed",
				"type": "SqlServerStoredProcedure",
				"dependsOn": [
					{
						"activity": "Delete_StagingFile",
						"dependencyConditions": [
							"Succeeded"
						]
					}
				],
				"policy": {
					"timeout": "0.12:00:00",
					"retry": 0,
					"retryIntervalInSeconds": 30,
					"secureOutput": false,
					"secureInput": false
				},
				"userProperties": [],
				"typeProperties": {
					"storedProcedureName": "[Ingestion].[USP_UpdateLogExtractDetail]",
					"storedProcedureParameters": {
						"EndTime": {
							"value": {
								"value": "@convertFromUtc(utcNow(),'AUS Eastern Standard Time')",
								"type": "Expression"
							},
							"type": "DateTime"
						},
						"ErrorMessage": {
							"value": null,
							"type": "String"
						},
						"PipelineRunID": {
							"value": {
								"value": "@pipeline().RunId",
								"type": "Expression"
							},
							"type": "String"
						},
						"MasterRunID": {
							"value": {
								"value": "@pipeline().parameters.param_MasterRunID",
								"type": "Expression"
							},
							"type": "String"
						},
						"Status": {
							"value": "Completed",
							"type": "String"
						},
						"TargetFileName": {
							"value": null
						}
					}
				},
				"linkedServiceName": {
					"referenceName": "AzureSynapseAnalytics_EIM",
					"type": "LinkedServiceReference"
				}
			},
			{
				"name": "Copy_FinalPEFile",
				"type": "Copy",
				"dependsOn": [
					{
						"activity": "Copy_StagingTable",
						"dependencyConditions": [
							"Succeeded"
						]
					}
				],
				"policy": {
					"timeout": "0.12:00:00",
					"retry": 0,
					"retryIntervalInSeconds": 30,
					"secureOutput": false,
					"secureInput": false
				},
				"userProperties": [],
				"typeProperties": {
					"source": {
						"type": "SqlDWSource",
						"sqlReaderQuery": "SELECT  * FROM [EXTRACT_MDATA].[V_EDL_D365_PROMOTIONS]",
						"queryTimeout": "02:00:00",
						"partitionOption": "None"
					},
					"sink": {
						"type": "DelimitedTextSink",
						"storeSettings": {
							"type": "AzureBlobFSWriteSettings"
						},
						"formatSettings": {
							"type": "DelimitedTextWriteSettings",
							"quoteAllText": true,
							"fileExtension": ".txt"
						}
					},
					"enableStaging": false,
					"translator": {
						"type": "TabularTranslator",
						"typeConversion": true,
						"typeConversionSettings": {
							"allowDataTruncation": true,
							"treatBooleanAsNumber": false
						}
					}
				},
				"inputs": [
					{
						"referenceName": "ds_promotions_synapse_sync",
						"type": "DatasetReference"
					}
				],
				"outputs": [
					{
						"referenceName": "ds_promotions_sync_copy",
						"type": "DatasetReference",
						"parameters": {
							"Container": {
								"value": "@variables('Container')",
								"type": "Expression"
							},
							"Folder": {
								"value": "@variables('TargetFolder')",
								"type": "Expression"
							},
							"FileName": {
								"value": "@concat('PE_Extract.',substring(formatDateTime(utcnow(),'yyMMdd_HHmmss'),0,6))",
								"type": "Expression"
							}
						}
					}
				]
			},
			{
				"name": "UpdateLogExtract_SPFail_StagingTable",
				"type": "SqlServerStoredProcedure",
				"dependsOn": [
					{
						"activity": "Copy_StagingTable",
						"dependencyConditions": [
							"Failed"
						]
					}
				],
				"policy": {
					"timeout": "0.12:00:00",
					"retry": 0,
					"retryIntervalInSeconds": 30,
					"secureOutput": false,
					"secureInput": false
				},
				"userProperties": [],
				"typeProperties": {
					"storedProcedureName": "[Ingestion].[USP_UpdateLogExtractDetail]",
					"storedProcedureParameters": {
						"EndTime": {
							"value": {
								"value": "@convertFromUtc(utcNow(),'AUS Eastern Standard Time')",
								"type": "Expression"
							},
							"type": "DateTime"
						},
						"ErrorMessage": {
							"value": {
								"value": "@activity('Copy_StagingTable').Error.message",
								"type": "Expression"
							},
							"type": "String"
						},
						"PipelineRunID": {
							"value": {
								"value": "@pipeline().RunId",
								"type": "Expression"
							},
							"type": "String"
						},
						"MasterRunID": {
							"value": {
								"value": "@pipeline().parameters.param_MasterRunID",
								"type": "Expression"
							},
							"type": "String"
						},
						"Status": {
							"value": "Error",
							"type": "String"
						},
						"TargetFileName": {
							"value": null
						}
					}
				},
				"linkedServiceName": {
					"referenceName": "AzureSynapseAnalytics_EIM",
					"type": "LinkedServiceReference"
				}
			},
			{
				"name": "UpdateLogExtract_SPFail_ZiptoUnzip",
				"type": "SqlServerStoredProcedure",
				"dependsOn": [
					{
						"activity": "Copy_ZiptoUnzip",
						"dependencyConditions": [
							"Failed"
						]
					}
				],
				"policy": {
					"timeout": "0.12:00:00",
					"retry": 0,
					"retryIntervalInSeconds": 30,
					"secureOutput": false,
					"secureInput": false
				},
				"userProperties": [],
				"typeProperties": {
					"storedProcedureName": "[Ingestion].[USP_UpdateLogExtractDetail]",
					"storedProcedureParameters": {
						"EndTime": {
							"value": {
								"value": "@convertFromUtc(utcNow(),'AUS Eastern Standard Time')",
								"type": "Expression"
							},
							"type": "DateTime"
						},
						"ErrorMessage": {
							"value": {
								"value": "@activity('Copy_ZiptoUnzip').Error.message",
								"type": "Expression"
							},
							"type": "String"
						},
						"PipelineRunID": {
							"value": {
								"value": "@pipeline().RunId",
								"type": "Expression"
							},
							"type": "String"
						},
						"MasterRunID": {
							"value": {
								"value": "@pipeline().parameters.param_MasterRunID",
								"type": "Expression"
							},
							"type": "String"
						},
						"Status": {
							"value": "Error",
							"type": "String"
						},
						"TargetFileName": {
							"value": null
						}
					}
				},
				"linkedServiceName": {
					"referenceName": "AzureSynapseAnalytics_EIM",
					"type": "LinkedServiceReference"
				}
			},
			{
				"name": "Copy_ZiptoUnzip",
				"type": "Copy",
				"dependsOn": [
					{
						"activity": "InsertLogExtract",
						"dependencyConditions": [
							"Succeeded"
						]
					}
				],
				"policy": {
					"timeout": "0.12:00:00",
					"retry": 0,
					"retryIntervalInSeconds": 30,
					"secureOutput": false,
					"secureInput": false
				},
				"userProperties": [],
				"typeProperties": {
					"source": {
						"type": "BinarySource",
						"storeSettings": {
							"type": "AzureBlobFSReadSettings",
							"recursive": true,
							"wildcardFolderPath": {
								"value": "@variables('SourceFolder')",
								"type": "Expression"
							},
							"wildcardFileName": {
								"value": "@concat('MC_Daily.',substring(formatDateTime(utcnow(),'yyMMdd_HHmmss'),0,6),'*.zip')",
								"type": "Expression"
							},
							"deleteFilesAfterCompletion": false
						},
						"formatSettings": {
							"type": "BinaryReadSettings",
							"compressionProperties": {
								"type": "ZipDeflateReadSettings"
							}
						}
					},
					"sink": {
						"type": "BinarySink",
						"storeSettings": {
							"type": "AzureBlobFSWriteSettings"
						}
					},
					"enableStaging": false
				},
				"inputs": [
					{
						"referenceName": "ds_promotions_source",
						"type": "DatasetReference",
						"parameters": {
							"Container": {
								"value": "@variables('Container')",
								"type": "Expression"
							},
							"Folder": {
								"value": "@variables('SourceFolder')",
								"type": "Expression"
							},
							"FIleName": {
								"value": "@concat('MC_Daily.',substring(formatDateTime(utcnow(),'yyMMdd_HHmmss'),0,6),'*.zip')",
								"type": "Expression"
							}
						}
					}
				],
				"outputs": [
					{
						"referenceName": "ds_promotions_sync",
						"type": "DatasetReference",
						"parameters": {
							"Container": {
								"value": "@variables('Container')",
								"type": "Expression"
							},
							"Folder": {
								"value": "@variables('StagingFolder')",
								"type": "Expression"
							}
						}
					}
				]
			},
			{
				"name": "Copy_StagingTable",
				"type": "Copy",
				"dependsOn": [
					{
						"activity": "Copy_ZiptoUnzip",
						"dependencyConditions": [
							"Succeeded"
						]
					}
				],
				"policy": {
					"timeout": "0.12:00:00",
					"retry": 0,
					"retryIntervalInSeconds": 30,
					"secureOutput": false,
					"secureInput": false
				},
				"userProperties": [],
				"typeProperties": {
					"source": {
						"type": "DelimitedTextSource",
						"storeSettings": {
							"type": "AzureBlobFSReadSettings",
							"recursive": true,
							"wildcardFolderPath": {
								"value": "@concat(variables('StagingFolder'),'/','MC_Daily.',substring(formatDateTime(utcnow(),'yyMMdd_HHmmss'),0,6),'*.zip')",
								"type": "Expression"
							},
							"wildcardFileName": {
								"value": "@concat('BZCREXPROM_','*.csv')",
								"type": "Expression"
							},
							"enablePartitionDiscovery": false
						},
						"formatSettings": {
							"type": "DelimitedTextReadSettings"
						}
					},
					"sink": {
						"type": "SqlDWSink",
						"preCopyScript": "Truncate Table  [EXTRACT_MDATA].[Upload_Job_Lines_For_Discount]",
						"writeBehavior": "Insert",
						"sqlWriterUseTableLock": false,
						"tableOption": "autoCreate",
						"disableMetricsCollection": false
					},
					"enableStaging": false,
					"translator": {
						"type": "TabularTranslator",
						"typeConversion": true,
						"typeConversionSettings": {
							"allowDataTruncation": true,
							"treatBooleanAsNumber": false
						}
					}
				},
				"inputs": [
					{
						"referenceName": "ds_promotions_source_sync_file",
						"type": "DatasetReference",
						"parameters": {
							"Container": {
								"value": "@variables('Container')",
								"type": "Expression"
							},
							"StagingFolder": {
								"value": "@concat(variables('StagingFolder'),'/','MC_Daily.',substring(formatDateTime(utcnow(),'yyMMdd_HHmmss'),0,6),'*.zip')",
								"type": "Expression"
							},
							"FileName": {
								"value": "@concat('BZCREXPROM_','*.csv')",
								"type": "Expression"
							}
						}
					}
				],
				"outputs": [
					{
						"referenceName": "ds_promotions_synapse_sync",
						"type": "DatasetReference"
					}
				]
			},
			{
				"name": "Delete_StagingFile",
				"type": "Delete",
				"dependsOn": [
					{
						"activity": "Copy_FinalPEFile",
						"dependencyConditions": [
							"Succeeded"
						]
					}
				],
				"policy": {
					"timeout": "0.12:00:00",
					"retry": 0,
					"retryIntervalInSeconds": 30,
					"secureOutput": false,
					"secureInput": false
				},
				"userProperties": [],
				"typeProperties": {
					"dataset": {
						"referenceName": "ds_promotions_staging_delete",
						"type": "DatasetReference",
						"parameters": {
							"Container": {
								"value": "@variables('Container')",
								"type": "Expression"
							},
							"Folder": {
								"value": "@variables('StagingFolder')",
								"type": "Expression"
							}
						}
					},
					"enableLogging": false,
					"storeSettings": {
						"type": "AzureBlobFSReadSettings",
						"recursive": true,
						"enablePartitionDiscovery": false
					}
				}
			}
		],
		"parameters": {
			"param_MasterRunID": {
				"type": "string",
				"defaultValue": "TEST_MasterRunID"
			},
			"param_TriggerName": {
				"type": "string",
				"defaultValue": "TEST_TriggerName"
			}
		},
		"variables": {
			"TargetFolder": {
				"type": "String",
				"defaultValue": "fromga/rex/toadf/dailyfile"
			},
			"SourceFolder": {
				"type": "String",
				"defaultValue": "fromadf/toga/pe/dailyfile"
			},
			"Container": {
				"type": "String",
				"defaultValue": "promobc"
			},
			"StagingFolder": {
				"type": "String",
				"defaultValue": "fromga/rex/toadf/stagingfile/dailyfile"
			}
		},
		"folder": {
			"name": "EXTRACT/D365_EXTRACTS"
		},
		"annotations": []
	}
}