{
	"name": "p_EXTRACT_EDL_D365_ALLOCATIONS_MC_DAILY",
	"properties": {
		"activities": [
			{
				"name": "InsertLogExtract",
				"type": "SqlServerStoredProcedure",
				"dependsOn": [],
				"policy": {
					"timeout": "0.12:00:00",
					"retry": 0,
					"retryIntervalInSeconds": 30,
					"secureOutput": false,
					"secureInput": false
				},
				"userProperties": [],
				"typeProperties": {
					"storedProcedureName": "[Ingestion].[USP_InsertLogExtractDetail]",
					"storedProcedureParameters": {
						"EndTime": {
							"value": null,
							"type": "DateTime"
						},
						"Error": {
							"value": null,
							"type": "String"
						},
						"PipelineName": {
							"value": {
								"value": "@pipeline().Pipeline",
								"type": "Expression"
							},
							"type": "String"
						},
						"MasterRunID": {
							"value": {
								"value": "@pipeline().parameters.param_MasterRunID",
								"type": "Expression"
							},
							"type": "String"
						},
						"PipelineRunID": {
							"value": {
								"value": "@pipeline().RunId",
								"type": "Expression"
							},
							"type": "String"
						},
						"StartTime": {
							"value": {
								"value": "@convertFromUtc(pipeline().TriggerTime,'AUS Eastern Standard Time')",
								"type": "Expression"
							},
							"type": "DateTime"
						},
						"Status": {
							"value": "Started",
							"type": "String"
						},
						"TargetDirectory": {
							"value": null,
							"type": "String"
						},
						"TargetFileName": {
							"value": null,
							"type": "String"
						},
						"TargetFileSystem": {
							"value": null,
							"type": "String"
						},
						"TriggerName": {
							"value": {
								"value": "@pipeline().parameters.param_TriggerName",
								"type": "Expression"
							},
							"type": "String"
						}
					}
				},
				"linkedServiceName": {
					"referenceName": "AzureSynapseAnalytics_EIM",
					"type": "LinkedServiceReference"
				}
			},
			{
				"name": "Unzip_Rex_Daily_File",
				"type": "Copy",
				"dependsOn": [
					{
						"activity": "InsertLogExtract",
						"dependencyConditions": [
							"Succeeded"
						]
					}
				],
				"policy": {
					"timeout": "0.12:00:00",
					"retry": 0,
					"retryIntervalInSeconds": 30,
					"secureOutput": false,
					"secureInput": false
				},
				"userProperties": [],
				"typeProperties": {
					"source": {
						"type": "BinarySource",
						"storeSettings": {
							"type": "AzureBlobFSReadSettings",
							"recursive": true,
							"wildcardFolderPath": "fromadf/toga/pe/dailyfile",
							"wildcardFileName": {
								"value": "@concat('MC_Daily.',substring(formatDateTime(utcnow(),'yyMMdd_HHmmss'),0,6),'*.zip')",
								"type": "Expression"
							},
							"deleteFilesAfterCompletion": false
						},
						"formatSettings": {
							"type": "BinaryReadSettings",
							"compressionProperties": {
								"type": "ZipDeflateReadSettings"
							}
						}
					},
					"sink": {
						"type": "BinarySink",
						"storeSettings": {
							"type": "AzureBlobFSWriteSettings"
						}
					},
					"enableStaging": false
				},
				"inputs": [
					{
						"referenceName": "ds_EXTRACT_EDL_D365_ALLOCATIONS_MC_DAILY_UNZIP_SOURCE",
						"type": "DatasetReference"
					}
				],
				"outputs": [
					{
						"referenceName": "ds_EXTRACT_EDL_D365_ALLOCATIONS_MC_DAILY_UNZIP_SINK",
						"type": "DatasetReference"
					}
				]
			},
			{
				"name": "Get_Unzipped_Foldername",
				"type": "GetMetadata",
				"dependsOn": [
					{
						"activity": "Unzip_Rex_Daily_File",
						"dependencyConditions": [
							"Succeeded"
						]
					}
				],
				"policy": {
					"timeout": "0.12:00:00",
					"retry": 0,
					"retryIntervalInSeconds": 30,
					"secureOutput": false,
					"secureInput": false
				},
				"userProperties": [],
				"typeProperties": {
					"dataset": {
						"referenceName": "ds_EXTRACT_EDL_D365_ALLOCATIONS_MC_DAILY_UNZIP_FOLDER_NAME",
						"type": "DatasetReference"
					},
					"fieldList": [
						"childItems"
					],
					"storeSettings": {
						"type": "AzureBlobFSReadSettings",
						"enablePartitionDiscovery": false
					},
					"formatSettings": {
						"type": "BinaryReadSettings"
					}
				}
			},
			{
				"name": "UpdateLogExtract_SPFail",
				"type": "SqlServerStoredProcedure",
				"dependsOn": [
					{
						"activity": "Unzip_Rex_Daily_File",
						"dependencyConditions": [
							"Failed"
						]
					}
				],
				"policy": {
					"timeout": "0.12:00:00",
					"retry": 0,
					"retryIntervalInSeconds": 30,
					"secureOutput": false,
					"secureInput": false
				},
				"userProperties": [],
				"typeProperties": {
					"storedProcedureName": "[Ingestion].[USP_UpdateLogExtractDetail]",
					"storedProcedureParameters": {
						"EndTime": {
							"value": {
								"value": "@convertFromUtc(utcNow(),'AUS Eastern Standard Time')",
								"type": "Expression"
							},
							"type": "DateTime"
						},
						"ErrorMessage": {
							"value": {
								"value": "@activity('Unzip_Rex_Daily_File').output.Error.message",
								"type": "Expression"
							},
							"type": "String"
						},
						"PipelineRunID": {
							"value": {
								"value": "@pipeline().RunId",
								"type": "Expression"
							},
							"type": "String"
						},
						"MasterRunID": {
							"value": {
								"value": "@pipeline().parameters.param_MasterRunID",
								"type": "Expression"
							},
							"type": "String"
						},
						"Status": {
							"value": "Error",
							"type": "String"
						},
						"TargetFileName": {
							"value": null
						}
					}
				},
				"linkedServiceName": {
					"referenceName": "AzureSynapseAnalytics_EIM",
					"type": "LinkedServiceReference"
				}
			},
			{
				"name": "Filter_to_get_latest_file",
				"type": "Filter",
				"dependsOn": [
					{
						"activity": "Get_Unzipped_Foldername",
						"dependencyConditions": [
							"Succeeded"
						]
					}
				],
				"userProperties": [],
				"typeProperties": {
					"items": {
						"value": "@activity('Get_Unzipped_Foldername').output.childItems",
						"type": "Expression"
					},
					"condition": {
						"value": "@startswith(item().name, concat('MC_Daily.',substring(formatDateTime(utcnow(),'yyMMdd_HHmmss'),0,6)))",
						"type": "Expression"
					}
				}
			},
			{
				"name": "UpdateLogExtract_SPFail_copy1",
				"type": "SqlServerStoredProcedure",
				"dependsOn": [
					{
						"activity": "Get_Unzipped_Foldername",
						"dependencyConditions": [
							"Failed"
						]
					}
				],
				"policy": {
					"timeout": "0.12:00:00",
					"retry": 0,
					"retryIntervalInSeconds": 30,
					"secureOutput": false,
					"secureInput": false
				},
				"userProperties": [],
				"typeProperties": {
					"storedProcedureName": "[Ingestion].[USP_UpdateLogExtractDetail]",
					"storedProcedureParameters": {
						"EndTime": {
							"value": {
								"value": "@convertFromUtc(utcNow(),'AUS Eastern Standard Time')",
								"type": "Expression"
							},
							"type": "DateTime"
						},
						"ErrorMessage": {
							"value": {
								"value": "@activity('Get_Unzipped_Foldername').output.Error.message",
								"type": "Expression"
							},
							"type": "String"
						},
						"PipelineRunID": {
							"value": {
								"value": "@pipeline().RunId",
								"type": "Expression"
							},
							"type": "String"
						},
						"MasterRunID": {
							"value": {
								"value": "@pipeline().parameters.param_MasterRunID",
								"type": "Expression"
							},
							"type": "String"
						},
						"Status": {
							"value": "Error",
							"type": "String"
						},
						"TargetFileName": {
							"value": null
						}
					}
				},
				"linkedServiceName": {
					"referenceName": "AzureSynapseAnalytics_EIM",
					"type": "LinkedServiceReference"
				}
			},
			{
				"name": "Foreachfolder",
				"type": "ForEach",
				"dependsOn": [
					{
						"activity": "Filter_to_get_latest_file",
						"dependencyConditions": [
							"Succeeded"
						]
					}
				],
				"userProperties": [],
				"typeProperties": {
					"items": {
						"value": "@activity('Filter_to_get_latest_file').output.Value",
						"type": "Expression"
					},
					"isSequential": true,
					"activities": [
						{
							"name": "passfoldernametovariable",
							"type": "SetVariable",
							"dependsOn": [],
							"userProperties": [],
							"typeProperties": {
								"variableName": "foldername",
								"value": {
									"value": "@item().name",
									"type": "Expression"
								}
							}
						},
						{
							"name": "Fullpath_and_filename",
							"type": "SetVariable",
							"dependsOn": [
								{
									"activity": "pathvariable",
									"dependencyConditions": [
										"Succeeded"
									]
								}
							],
							"userProperties": [],
							"typeProperties": {
								"variableName": "filename",
								"value": {
									"value": "@concat('Allocation.',formatDateTime(utcnow(),'yyMMdd'),'.csv')",
									"type": "Expression"
								}
							}
						},
						{
							"name": "UpdateLogExtract_SPFail_copy2_copy1",
							"type": "SqlServerStoredProcedure",
							"dependsOn": [
								{
									"activity": "EmailAllocationsFile",
									"dependencyConditions": [
										"Failed"
									]
								}
							],
							"policy": {
								"timeout": "0.12:00:00",
								"retry": 0,
								"retryIntervalInSeconds": 30,
								"secureOutput": false,
								"secureInput": false
							},
							"userProperties": [],
							"typeProperties": {
								"storedProcedureName": "[Ingestion].[USP_UpdateLogExtractDetail]",
								"storedProcedureParameters": {
									"EndTime": {
										"value": {
											"value": "@convertFromUtc(utcNow(),'AUS Eastern Standard Time')",
											"type": "Expression"
										},
										"type": "DateTime"
									},
									"ErrorMessage": {
										"value": {
											"value": "@activity('EmailAllocationsFile').output.Error.message",
											"type": "Expression"
										},
										"type": "String"
									},
									"PipelineRunID": {
										"value": {
											"value": "@pipeline().RunId",
											"type": "Expression"
										},
										"type": "String"
									},
									"MasterRunID": {
										"value": {
											"value": "@pipeline().parameters.param_MasterRunID",
											"type": "Expression"
										},
										"type": "String"
									},
									"Status": {
										"value": "Error",
										"type": "String"
									},
									"TargetFileName": {
										"value": null
									}
								}
							},
							"linkedServiceName": {
								"referenceName": "AzureSynapseAnalytics_EIM",
								"type": "LinkedServiceReference"
							}
						},
						{
							"name": "EmailAllocationsFile",
							"type": "WebActivity",
							"dependsOn": [
								{
									"activity": "Fullpath_and_filename",
									"dependencyConditions": [
										"Succeeded"
									]
								}
							],
							"policy": {
								"timeout": "0.12:00:00",
								"retry": 0,
								"retryIntervalInSeconds": 30,
								"secureOutput": false,
								"secureInput": false
							},
							"userProperties": [],
							"typeProperties": {
								"url": {
									"value": "https://prod2-14.australiaeast.logic.azure.com:443/workflows/4ce98cd5ab9f42628d351723754ac724/triggers/manual/paths/invoke?api-version=2016-10-01&sp=%2Ftriggers%2Fmanual%2Frun&sv=1.0&sig=dafkpd8BDiIbyIP_Xme56iA1gGcXC49TPkPmK-VQ_XY",
									"type": "Expression"
								},
								"method": "POST",
								"body": {
									"value": "{\"filepath\":\"@{variables('filepath')}\",\n\"filename\":\"@{variables('filename')}\"\n}\n",
									"type": "Expression"
								}
							}
						},
						{
							"name": "pathvariable",
							"type": "SetVariable",
							"dependsOn": [
								{
									"activity": "passfoldernametovariable",
									"dependencyConditions": [
										"Succeeded"
									]
								}
							],
							"userProperties": [],
							"typeProperties": {
								"variableName": "filepath",
								"value": {
									"value": "@concat('promobc/fromadf/toga/pe/dailyfile/unzip/',variables('foldername'),'/')",
									"type": "Expression"
								}
							}
						}
					]
				}
			},
			{
				"name": "UpdateLogExtract_SPFail_copy1_copy1",
				"type": "SqlServerStoredProcedure",
				"dependsOn": [
					{
						"activity": "Filter_to_get_latest_file",
						"dependencyConditions": [
							"Failed"
						]
					}
				],
				"policy": {
					"timeout": "0.12:00:00",
					"retry": 0,
					"retryIntervalInSeconds": 30,
					"secureOutput": false,
					"secureInput": false
				},
				"userProperties": [],
				"typeProperties": {
					"storedProcedureName": "[Ingestion].[USP_UpdateLogExtractDetail]",
					"storedProcedureParameters": {
						"EndTime": {
							"value": {
								"value": "@convertFromUtc(utcNow(),'AUS Eastern Standard Time')",
								"type": "Expression"
							},
							"type": "DateTime"
						},
						"ErrorMessage": {
							"value": {
								"value": "@activity('Filter_to_get_latest_file').output.Error.message",
								"type": "Expression"
							},
							"type": "String"
						},
						"PipelineRunID": {
							"value": {
								"value": "@pipeline().RunId",
								"type": "Expression"
							},
							"type": "String"
						},
						"MasterRunID": {
							"value": {
								"value": "@pipeline().parameters.param_MasterRunID",
								"type": "Expression"
							},
							"type": "String"
						},
						"Status": {
							"value": "Error",
							"type": "String"
						},
						"TargetFileName": {
							"value": null
						}
					}
				},
				"linkedServiceName": {
					"referenceName": "AzureSynapseAnalytics_EIM",
					"type": "LinkedServiceReference"
				}
			}
		],
		"parameters": {
			"param_MasterRunID": {
				"type": "string",
				"defaultValue": "TEST_MasterRunID"
			},
			"param_TriggerName": {
				"type": "string",
				"defaultValue": "TEST_TriggerName"
			}
		},
		"variables": {
			"foldername": {
				"type": "String"
			},
			"pathname": {
				"type": "String"
			},
			"filename": {
				"type": "String"
			},
			"filepath": {
				"type": "String"
			}
		},
		"folder": {
			"name": "EXTRACT/D365_EXTRACTS"
		},
		"annotations": []
	}
}