{
	"name": "p_EXTRACT_EDL_D365_PRICING_PRICEMATCH_CHILD",
	"properties": {
		"activities": [
			{
				"name": "Copy Activity_ZIP to UNZIP",
				"type": "Copy",
				"dependsOn": [],
				"policy": {
					"timeout": "0.12:00:00",
					"retry": 0,
					"retryIntervalInSeconds": 30,
					"secureOutput": false,
					"secureInput": false
				},
				"userProperties": [],
				"typeProperties": {
					"source": {
						"type": "BinarySource",
						"storeSettings": {
							"type": "AzureBlobFSReadSettings",
							"recursive": true,
							"wildcardFolderPath": {
								"value": "@variables('SourceFolder')",
								"type": "Expression"
							},
							"wildcardFileName": {
								"value": "@concat('WEEK.',formatDateTime(utcnow(),'yyMMdd'),'.zip')",
								"type": "Expression"
							},
							"deleteFilesAfterCompletion": false
						},
						"formatSettings": {
							"type": "BinaryReadSettings",
							"compressionProperties": {
								"type": "ZipDeflateReadSettings"
							}
						}
					},
					"sink": {
						"type": "BinarySink",
						"storeSettings": {
							"type": "AzureBlobFSWriteSettings"
						}
					},
					"enableStaging": false
				},
				"inputs": [
					{
						"referenceName": "ds_Unzip_PE_Incoming_Files_PRICING_PRICEMATCH",
						"type": "DatasetReference",
						"parameters": {
							"CONTAINER": {
								"value": "@variables('Container')",
								"type": "Expression"
							},
							"FOLDER": {
								"value": "@variables('SourceFolder')",
								"type": "Expression"
							},
							"FILENAME": {
								"value": "@concat('WEEK.',formatDateTime(utcnow(),'yyMMdd'),'.zip')",
								"type": "Expression"
							}
						}
					}
				],
				"outputs": [
					{
						"referenceName": "ds_PE_Unzip_Sink_PRICING_PRICEMATCH",
						"type": "DatasetReference",
						"parameters": {
							"Container": {
								"value": "@variables('Container')",
								"type": "Expression"
							},
							"StagingFolder": {
								"value": "@variables('StagingFolder')",
								"type": "Expression"
							}
						}
					}
				]
			},
			{
				"name": "Get Metadata of Unzip files",
				"type": "GetMetadata",
				"dependsOn": [
					{
						"activity": "Copy Activity_ZIP to UNZIP",
						"dependencyConditions": [
							"Succeeded"
						]
					}
				],
				"policy": {
					"timeout": "0.12:00:00",
					"retry": 0,
					"retryIntervalInSeconds": 30,
					"secureOutput": false,
					"secureInput": false
				},
				"userProperties": [],
				"typeProperties": {
					"dataset": {
						"referenceName": "ds_GetUnzipFileDetails_PRICING_PRICEMATCH",
						"type": "DatasetReference"
					},
					"fieldList": [
						"childItems"
					],
					"storeSettings": {
						"type": "AzureBlobFSReadSettings",
						"recursive": true,
						"modifiedDatetimeStart": "2023-01-30T00:00:00.000Z",
						"enablePartitionDiscovery": false
					},
					"formatSettings": {
						"type": "BinaryReadSettings"
					}
				}
			},
			{
				"name": "Filter Unzip File for Todays Date",
				"type": "Filter",
				"dependsOn": [
					{
						"activity": "Get Metadata of Unzip files",
						"dependencyConditions": [
							"Succeeded"
						]
					}
				],
				"userProperties": [],
				"typeProperties": {
					"items": {
						"value": "@activity('Get Metadata of Unzip files').output.childItems",
						"type": "Expression"
					},
					"condition": {
						"value": "@startswith(item().name,concat('WEEK.',formatDateTime(utcnow(),'yyMMdd')))",
						"type": "Expression"
					}
				}
			},
			{
				"name": "ForEachfolder",
				"type": "ForEach",
				"dependsOn": [
					{
						"activity": "Filter Unzip File for Todays Date",
						"dependencyConditions": [
							"Succeeded"
						]
					}
				],
				"userProperties": [],
				"typeProperties": {
					"items": {
						"value": "@activity('Filter Unzip File for Todays Date').output.Value",
						"type": "Expression"
					},
					"isSequential": true,
					"activities": [
						{
							"name": "Set variable Folder Name",
							"type": "SetVariable",
							"dependsOn": [],
							"userProperties": [],
							"typeProperties": {
								"variableName": "UnzipFolderName",
								"value": {
									"value": "@item().name",
									"type": "Expression"
								}
							}
						},
						{
							"name": "Copy data from Unzip folder",
							"type": "Copy",
							"dependsOn": [
								{
									"activity": "Set variable Folder Name",
									"dependencyConditions": [
										"Succeeded"
									]
								}
							],
							"policy": {
								"timeout": "0.12:00:00",
								"retry": 0,
								"retryIntervalInSeconds": 30,
								"secureOutput": false,
								"secureInput": false
							},
							"userProperties": [],
							"typeProperties": {
								"source": {
									"type": "DelimitedTextSource",
									"storeSettings": {
										"type": "AzureBlobFSReadSettings",
										"recursive": true,
										"enablePartitionDiscovery": false
									},
									"formatSettings": {
										"type": "DelimitedTextReadSettings"
									}
								},
								"sink": {
									"type": "SqlDWSink",
									"preCopyScript": "Truncate table [EXTRACT_MDATA].[EDL_D365_PRICING_PRICE_MATCH]",
									"writeBehavior": "Insert",
									"sqlWriterUseTableLock": false,
									"tableOption": "autoCreate",
									"disableMetricsCollection": false
								},
								"enableStaging": false,
								"translator": {
									"type": "TabularTranslator",
									"typeConversion": true,
									"typeConversionSettings": {
										"allowDataTruncation": true,
										"treatBooleanAsNumber": false
									}
								}
							},
							"inputs": [
								{
									"referenceName": "ds_CopyDataFromUnzipFolder_PRICING_PRICEMATCH",
									"type": "DatasetReference",
									"parameters": {
										"FolderName_Unzip": {
											"value": "@concat('fromerp/toadf/dailyweekfile/unzip/',variables('UnzipFolderName'))",
											"type": "Expression"
										}
									}
								}
							],
							"outputs": [
								{
									"referenceName": "ds_CopyUnzipFilesTempTable_Sink_PRICING_PRICEMATCH",
									"type": "DatasetReference"
								}
							]
						},
						{
							"name": "Copy data_Merge D365 and PE Data",
							"type": "Copy",
							"dependsOn": [
								{
									"activity": "Copy data from Unzip folder",
									"dependencyConditions": [
										"Succeeded"
									]
								}
							],
							"policy": {
								"timeout": "0.12:00:00",
								"retry": 0,
								"retryIntervalInSeconds": 30,
								"secureOutput": false,
								"secureInput": false
							},
							"userProperties": [],
							"typeProperties": {
								"source": {
									"type": "SqlDWSource",
									"sqlReaderStoredProcedureName": "[EXTRACT_MDATA].[USP_EDL_D365_PRICING_PRICE_MATCH_PE_D365]",
									"queryTimeout": "02:00:00",
									"partitionOption": "None"
								},
								"sink": {
									"type": "DelimitedTextSink",
									"storeSettings": {
										"type": "AzureBlobFSWriteSettings"
									},
									"formatSettings": {
										"type": "DelimitedTextWriteSettings",
										"quoteAllText": true,
										"fileExtension": ".txt"
									}
								},
								"enableStaging": false
							},
							"inputs": [
								{
									"referenceName": "ds_InvokePMatchSP_MergeD365PEData_PRICING_PRICEMATCH",
									"type": "DatasetReference"
								}
							],
							"outputs": [
								{
									"referenceName": "ds_FinalPMatchTextOutput_Sink_PRICING_PRICEMATCH",
									"type": "DatasetReference",
									"parameters": {
										"TargetFilePath": "fromadf/toga/rex/dailyweekfile",
										"TargetFileName": {
											"value": "@concat('PriceMatch_D365.',formatDateTime(utcnow(),'yyMMdd'))",
											"type": "Expression"
										}
									}
								}
							]
						},
						{
							"name": "UpdateLogExtract_SPFail_Copy Unzip Fail",
							"type": "SqlServerStoredProcedure",
							"dependsOn": [
								{
									"activity": "Copy data from Unzip folder",
									"dependencyConditions": [
										"Failed"
									]
								}
							],
							"policy": {
								"timeout": "0.12:00:00",
								"retry": 0,
								"retryIntervalInSeconds": 30,
								"secureOutput": false,
								"secureInput": false
							},
							"userProperties": [],
							"typeProperties": {
								"storedProcedureName": "[Ingestion].[USP_UpdateLogExtractDetail]",
								"storedProcedureParameters": {
									"EndTime": {
										"value": {
											"value": "@convertFromUtc(utcNow(),'AUS Eastern Standard Time')",
											"type": "Expression"
										},
										"type": "DateTime"
									},
									"ErrorMessage": {
										"value": {
											"value": "@activity('Copy data from Unzip folder').output.Error.message",
											"type": "Expression"
										},
										"type": "String"
									},
									"PipelineRunID": {
										"value": {
											"value": "@pipeline().RunId",
											"type": "Expression"
										},
										"type": "String"
									},
									"MasterRunID": {
										"value": {
											"value": "@pipeline().parameters.param_MasterRunID",
											"type": "Expression"
										},
										"type": "String"
									},
									"Status": {
										"value": "Error",
										"type": "String"
									},
									"TargetFileName": {
										"value": null
									}
								}
							},
							"linkedServiceName": {
								"referenceName": "AzureSynapseAnalytics_EIM",
								"type": "LinkedServiceReference"
							}
						},
						{
							"name": "UpdateLogExtract_SPFail_Copy D365 and PE data",
							"type": "SqlServerStoredProcedure",
							"dependsOn": [
								{
									"activity": "Copy data_Merge D365 and PE Data",
									"dependencyConditions": [
										"Failed"
									]
								}
							],
							"policy": {
								"timeout": "0.12:00:00",
								"retry": 0,
								"retryIntervalInSeconds": 30,
								"secureOutput": false,
								"secureInput": false
							},
							"userProperties": [],
							"typeProperties": {
								"storedProcedureName": "[Ingestion].[USP_UpdateLogExtractDetail]",
								"storedProcedureParameters": {
									"EndTime": {
										"value": {
											"value": "@convertFromUtc(utcNow(),'AUS Eastern Standard Time')",
											"type": "Expression"
										},
										"type": "DateTime"
									},
									"ErrorMessage": {
										"value": {
											"value": "@activity('Copy data_Merge D365 and PE Data').output.Error.message",
											"type": "Expression"
										},
										"type": "String"
									},
									"PipelineRunID": {
										"value": {
											"value": "@pipeline().RunId",
											"type": "Expression"
										},
										"type": "String"
									},
									"MasterRunID": {
										"value": {
											"value": "@pipeline().parameters.param_MasterRunID",
											"type": "Expression"
										},
										"type": "String"
									},
									"Status": {
										"value": "Error",
										"type": "String"
									},
									"TargetFileName": {
										"value": null
									}
								}
							},
							"linkedServiceName": {
								"referenceName": "AzureSynapseAnalytics_EIM",
								"type": "LinkedServiceReference"
							}
						}
					]
				}
			},
			{
				"name": "UpdateLogExtract_SPFail_copy",
				"type": "SqlServerStoredProcedure",
				"dependsOn": [
					{
						"activity": "Copy Activity_ZIP to UNZIP",
						"dependencyConditions": [
							"Failed"
						]
					}
				],
				"policy": {
					"timeout": "0.12:00:00",
					"retry": 0,
					"retryIntervalInSeconds": 30,
					"secureOutput": false,
					"secureInput": false
				},
				"userProperties": [],
				"typeProperties": {
					"storedProcedureName": "[Ingestion].[USP_UpdateLogExtractDetail]",
					"storedProcedureParameters": {
						"EndTime": {
							"value": {
								"value": "@convertFromUtc(utcNow(),'AUS Eastern Standard Time')",
								"type": "Expression"
							},
							"type": "DateTime"
						},
						"ErrorMessage": {
							"value": {
								"value": "@activity('Copy Activity_ZIP to UNZIP').output.Error.message",
								"type": "Expression"
							},
							"type": "String"
						},
						"PipelineRunID": {
							"value": {
								"value": "@pipeline().RunId",
								"type": "Expression"
							},
							"type": "String"
						},
						"MasterRunID": {
							"value": {
								"value": "@pipeline().parameters.param_MasterRunID",
								"type": "Expression"
							},
							"type": "String"
						},
						"Status": {
							"value": "Error",
							"type": "String"
						},
						"TargetFileName": {
							"value": null
						}
					}
				},
				"linkedServiceName": {
					"referenceName": "AzureSynapseAnalytics_EIM",
					"type": "LinkedServiceReference"
				}
			},
			{
				"name": "UpdateLogExtract_SPFail",
				"type": "SqlServerStoredProcedure",
				"dependsOn": [
					{
						"activity": "Get Metadata of Unzip files",
						"dependencyConditions": [
							"Failed"
						]
					}
				],
				"policy": {
					"timeout": "0.12:00:00",
					"retry": 0,
					"retryIntervalInSeconds": 30,
					"secureOutput": false,
					"secureInput": false
				},
				"userProperties": [],
				"typeProperties": {
					"storedProcedureName": "[Ingestion].[USP_UpdateLogExtractDetail]",
					"storedProcedureParameters": {
						"EndTime": {
							"value": {
								"value": "@convertFromUtc(utcNow(),'AUS Eastern Standard Time')",
								"type": "Expression"
							},
							"type": "DateTime"
						},
						"ErrorMessage": {
							"value": {
								"value": "@activity('Get Metadata of Unzip files').output.Error.message",
								"type": "Expression"
							},
							"type": "String"
						},
						"PipelineRunID": {
							"value": {
								"value": "@pipeline().RunId",
								"type": "Expression"
							},
							"type": "String"
						},
						"MasterRunID": {
							"value": {
								"value": "@pipeline().parameters.param_MasterRunID",
								"type": "Expression"
							},
							"type": "String"
						},
						"Status": {
							"value": "Error",
							"type": "String"
						},
						"TargetFileName": {
							"value": null
						}
					}
				},
				"linkedServiceName": {
					"referenceName": "AzureSynapseAnalytics_EIM",
					"type": "LinkedServiceReference"
				}
			},
			{
				"name": "Copy all Final Output to ZIP File",
				"type": "Copy",
				"dependsOn": [
					{
						"activity": "ForEachfolder",
						"dependencyConditions": [
							"Succeeded"
						]
					}
				],
				"policy": {
					"timeout": "0.12:00:00",
					"retry": 0,
					"retryIntervalInSeconds": 30,
					"secureOutput": false,
					"secureInput": false
				},
				"userProperties": [],
				"typeProperties": {
					"source": {
						"type": "BinarySource",
						"storeSettings": {
							"type": "AzureBlobFSReadSettings",
							"recursive": true,
							"wildcardFolderPath": {
								"value": "fromadf/toga/rex/dailyweekfile",
								"type": "Expression"
							},
							"wildcardFileName": {
								"value": "@concat('PriceMatch_D365.',formatDateTime(utcnow(),'yyMMdd'))",
								"type": "Expression"
							},
							"deleteFilesAfterCompletion": false
						},
						"formatSettings": {
							"type": "BinaryReadSettings"
						}
					},
					"sink": {
						"type": "BinarySink",
						"storeSettings": {
							"type": "AzureBlobFSWriteSettings"
						}
					},
					"enableStaging": false
				},
				"inputs": [
					{
						"referenceName": "ds_Source_ZipFinalOutputFiles_PRICING_PRICEMATCH",
						"type": "DatasetReference"
					}
				],
				"outputs": [
					{
						"referenceName": "ds_SinkZipFinalOutputFiles_PRICING_PRICEMATCH",
						"type": "DatasetReference"
					}
				]
			},
			{
				"name": "UpdateLogExtract_Completed",
				"type": "SqlServerStoredProcedure",
				"dependsOn": [
					{
						"activity": "DeletePMatchFilePostZipped",
						"dependencyConditions": [
							"Succeeded"
						]
					}
				],
				"policy": {
					"timeout": "0.12:00:00",
					"retry": 0,
					"retryIntervalInSeconds": 30,
					"secureOutput": false,
					"secureInput": false
				},
				"userProperties": [],
				"typeProperties": {
					"storedProcedureName": "[Ingestion].[USP_UpdateLogExtractDetail]",
					"storedProcedureParameters": {
						"EndTime": {
							"value": {
								"value": "@convertFromUtc(utcNow(),'AUS Eastern Standard Time')",
								"type": "Expression"
							},
							"type": "DateTime"
						},
						"ErrorMessage": {
							"value": null,
							"type": "String"
						},
						"PipelineRunID": {
							"value": {
								"value": "@pipeline().RunId",
								"type": "Expression"
							},
							"type": "String"
						},
						"MasterRunID": {
							"value": {
								"value": "@pipeline().parameters.param_MasterRunID",
								"type": "Expression"
							},
							"type": "String"
						},
						"Status": {
							"value": "Completed",
							"type": "String"
						},
						"TargetFileName": {
							"value": {
								"value": "@activity('DeletePMatchFilePostZipped').output",
								"type": "Expression"
							}
						}
					}
				},
				"linkedServiceName": {
					"referenceName": "AzureSynapseAnalytics_EIM",
					"type": "LinkedServiceReference"
				}
			},
			{
				"name": "UpdateLogExtract_CopyFail",
				"type": "SqlServerStoredProcedure",
				"dependsOn": [
					{
						"activity": "Copy all Final Output to ZIP File",
						"dependencyConditions": [
							"Failed"
						]
					}
				],
				"policy": {
					"timeout": "0.12:00:00",
					"retry": 0,
					"retryIntervalInSeconds": 30,
					"secureOutput": false,
					"secureInput": false
				},
				"userProperties": [],
				"typeProperties": {
					"storedProcedureName": "[Ingestion].[USP_UpdateLogExtractDetail]",
					"storedProcedureParameters": {
						"EndTime": {
							"value": {
								"value": "@convertFromUtc(utcNow(),'AUS Eastern Standard Time')",
								"type": "Expression"
							},
							"type": "DateTime"
						},
						"ErrorMessage": {
							"value": {
								"value": "@activity('Copy all Final Output to ZIP File').output",
								"type": "Expression"
							},
							"type": "String"
						},
						"PipelineRunID": {
							"value": {
								"value": "@pipeline().RunId",
								"type": "Expression"
							},
							"type": "String"
						},
						"MasterRunID": {
							"value": {
								"value": "@pipeline().parameters.param_MasterRunID",
								"type": "Expression"
							},
							"type": "String"
						},
						"Status": {
							"value": "Error",
							"type": "String"
						},
						"TargetFileName": {
							"value": {
								"value": "@activity('Copy all Final Output to ZIP File').output.itemName",
								"type": "Expression"
							}
						}
					}
				},
				"linkedServiceName": {
					"referenceName": "AzureSynapseAnalytics_EIM",
					"type": "LinkedServiceReference"
				}
			},
			{
				"name": "DeletePMatchFilePostZipped",
				"type": "Delete",
				"dependsOn": [
					{
						"activity": "Copy all Final Output to ZIP File",
						"dependencyConditions": [
							"Succeeded"
						]
					}
				],
				"policy": {
					"timeout": "0.12:00:00",
					"retry": 0,
					"retryIntervalInSeconds": 30,
					"secureOutput": false,
					"secureInput": false
				},
				"userProperties": [],
				"typeProperties": {
					"dataset": {
						"referenceName": "ds_DeletePMatchTxtFile_PRICING_PRICEMATCH",
						"type": "DatasetReference"
					},
					"enableLogging": false,
					"storeSettings": {
						"type": "AzureBlobFSReadSettings",
						"recursive": true,
						"enablePartitionDiscovery": false
					}
				}
			}
		],
		"parameters": {
			"param_MasterRunID": {
				"type": "string",
				"defaultValue": "TEST_MasterRunID"
			},
			"param_TriggerName": {
				"type": "string",
				"defaultValue": "TEST_TriggerName"
			}
		},
		"variables": {
			"Container": {
				"type": "String",
				"defaultValue": "promobc"
			},
			"SourceFolder": {
				"type": "String",
				"defaultValue": "fromerp/toadf/dailyweekfile"
			},
			"StagingFolder": {
				"type": "String",
				"defaultValue": "fromerp/toadf/dailyweekfile/unzip"
			},
			"TargetFolder": {
				"type": "String"
			},
			"UnzipFolderName": {
				"type": "String"
			}
		},
		"folder": {
			"name": "EXTRACT/D365_EXTRACTS"
		},
		"annotations": []
	}
}