{
	"name": "p_EXTRACT_FullLoad",
	"properties": {
		"activities": [
			{
				"name": "Execute usp_SelectExtractLogs_ExtractProcessing",
				"type": "Lookup",
				"dependsOn": [
					{
						"activity": "usp_InsertIntoLogExtractDetailSelect",
						"dependencyConditions": [
							"Succeeded"
						]
					}
				],
				"policy": {
					"timeout": "0.12:00:00",
					"retry": 0,
					"retryIntervalInSeconds": 30,
					"secureOutput": false,
					"secureInput": false
				},
				"userProperties": [],
				"typeProperties": {
					"source": {
						"type": "SqlDWSource",
						"sqlReaderStoredProcedureName": "[EXTRACT_MDATA].[usp_SelectExtractLogs_ExtractProcessing]",
						"storedProcedureParameters": {
							"batch_run_datetime": {
								"type": "DateTime",
								"value": {
									"value": "@convertFromUtc(pipeline().TriggerTime,'AUS Eastern Standard Time')",
									"type": "Expression"
								}
							},
							"ExtractName": {
								"type": "String",
								"value": {
									"value": "@pipeline().parameters.param_ExtractName",
									"type": "Expression"
								}
							}
						},
						"queryTimeout": "02:00:00",
						"partitionOption": "None"
					},
					"dataset": {
						"referenceName": "d_AZURE_SYN_STORED_PROCEDURE",
						"type": "DatasetReference"
					},
					"firstRowOnly": false
				}
			},
			{
				"name": "ForEach1",
				"type": "ForEach",
				"dependsOn": [
					{
						"activity": "Execute usp_SelectExtractLogs_ExtractProcessing",
						"dependencyConditions": [
							"Succeeded"
						]
					}
				],
				"userProperties": [],
				"typeProperties": {
					"items": {
						"value": "@activity('Execute usp_SelectExtractLogs_ExtractProcessing').output.value",
						"type": "Expression"
					},
					"activities": [
						{
							"name": "CreateExtractFile",
							"type": "Copy",
							"dependsOn": [
								{
									"activity": "Get Target Storage URL from AKV",
									"dependencyConditions": [
										"Succeeded"
									]
								}
							],
							"policy": {
								"timeout": "0.12:00:00",
								"retry": 0,
								"retryIntervalInSeconds": 30,
								"secureOutput": false,
								"secureInput": false
							},
							"userProperties": [],
							"typeProperties": {
								"source": {
									"type": "SqlDWSource",
									"sqlReaderStoredProcedureName": "[EXTRACT_MDATA].[usp_CallExtractSP]",
									"storedProcedureParameters": {
										"Batch_Run_Datetime": {
											"type": "DateTime",
											"value": {
												"value": "@item().WatermarkModifiedDateTime",
												"type": "Expression"
											}
										},
										"ExtractSPName": {
											"type": "String",
											"value": {
												"value": "@pipeline().parameters.param_SPName",
												"type": "Expression"
											}
										},
										"ExtractSPSchema": {
											"type": "String",
											"value": {
												"value": "@pipeline().parameters.param_SPSchema",
												"type": "Expression"
											}
										},
										"FileGenerationGroup": {
											"type": "String",
											"value": {
												"value": "@{item().FileGenerationGroup}",
												"type": "Expression"
											}
										},
										"FullLoad": {
											"type": "Boolean",
											"value": {
												"value": "@pipeline().parameters.param_FullLoad",
												"type": "Expression"
											}
										}
									},
									"queryTimeout": "02:00:00",
									"partitionOption": "None"
								},
								"sink": {
									"type": "DelimitedTextSink",
									"storeSettings": {
										"type": "AzureBlobFSWriteSettings"
									},
									"formatSettings": {
										"type": "DelimitedTextWriteSettings",
										"quoteAllText": true,
										"fileExtension": ".txt"
									}
								},
								"enableStaging": false,
								"translator": {
									"type": "TabularTranslator",
									"typeConversion": true,
									"typeConversionSettings": {
										"allowDataTruncation": true,
										"treatBooleanAsNumber": false
									}
								}
							},
							"inputs": [
								{
									"referenceName": "d_AZURE_SYN_STORED_PROCEDURE",
									"type": "DatasetReference"
								}
							],
							"outputs": [
								{
									"referenceName": "ds_EXTRACT_SINK",
									"type": "DatasetReference",
									"parameters": {
										"param_TargetFileSystem": {
											"value": "@{item().TargetFileSystem}",
											"type": "Expression"
										},
										"param_TargetDirectory": {
											"value": "@{item().TargetDirectory}",
											"type": "Expression"
										},
										"param_TargetFileName": {
											"value": "@{item().TargetFileName}",
											"type": "Expression"
										},
										"param_columnDelimiter": {
											"value": "@{item().columnDelimiter}",
											"type": "Expression"
										},
										"param_Header": {
											"value": "@{item().Header}",
											"type": "Expression"
										},
										"param_QuoteCharacter": {
											"value": "@{item().QuoteCharacter}",
											"type": "Expression"
										},
										"param_EscapeCharacter": {
											"value": "@{item().EscapeCharacter}",
											"type": "Expression"
										},
										"param_AccountNameURL": {
											"value": "@activity('Get Target Storage URL from AKV').output.value",
											"type": "Expression"
										},
										"param_KVSecretName": {
											"value": "@{item().KVTargetAzureDataLakeSecretName}",
											"type": "Expression"
										}
									}
								}
							]
						},
						{
							"name": "UpdateLogExtract_Completed",
							"type": "SqlServerStoredProcedure",
							"dependsOn": [
								{
									"activity": "CreateExtractFile",
									"dependencyConditions": [
										"Succeeded"
									]
								}
							],
							"policy": {
								"timeout": "0.12:00:00",
								"retry": 0,
								"retryIntervalInSeconds": 30,
								"secureOutput": false,
								"secureInput": false
							},
							"userProperties": [],
							"typeProperties": {
								"storedProcedureName": "[ingestion].[USP_UpdateLogExtractDetail]",
								"storedProcedureParameters": {
									"EndTime": {
										"value": {
											"value": "@convertFromUtc(utcNow(),'AUS Eastern Standard Time')",
											"type": "Expression"
										},
										"type": "DateTime"
									},
									"ErrorMessage": {
										"value": null,
										"type": "String"
									},
									"PipelineRunID": {
										"value": {
											"value": "@pipeline().RunId",
											"type": "Expression"
										},
										"type": "String"
									},
									"MasterRunID": {
										"value": {
											"value": "@pipeline().parameters.param_MasterRunID",
											"type": "Expression"
										},
										"type": "String"
									},
									"Status": {
										"value": "Completed",
										"type": "String"
									},
									"TargetFileName": {
										"value": {
											"value": "@{item().TargetFileName}",
											"type": "Expression"
										}
									}
								}
							},
							"linkedServiceName": {
								"referenceName": "AzureSynapseAnalytics_EIM",
								"type": "LinkedServiceReference"
							}
						},
						{
							"name": "UpdateLogExtract_Fail_CreateExtractFile",
							"type": "SqlServerStoredProcedure",
							"dependsOn": [
								{
									"activity": "CreateExtractFile",
									"dependencyConditions": [
										"Failed"
									]
								}
							],
							"policy": {
								"timeout": "0.12:00:00",
								"retry": 0,
								"retryIntervalInSeconds": 30,
								"secureOutput": false,
								"secureInput": false
							},
							"userProperties": [],
							"typeProperties": {
								"storedProcedureName": "[Ingestion].[USP_UpdateLogExtractDetail]",
								"storedProcedureParameters": {
									"EndTime": {
										"value": {
											"value": "@convertFromUtc(utcNow(),'AUS Eastern Standard Time')",
											"type": "Expression"
										},
										"type": "DateTime"
									},
									"ErrorMessage": {
										"value": {
											"value": "@activity('CreateExtractFile').Error.message",
											"type": "Expression"
										},
										"type": "String"
									},
									"PipelineRunID": {
										"value": {
											"value": "@pipeline().RunId",
											"type": "Expression"
										},
										"type": "String"
									},
									"MasterRunID": {
										"value": {
											"value": "@pipeline().parameters.param_MasterRunID",
											"type": "Expression"
										},
										"type": "String"
									},
									"Status": {
										"value": "Error",
										"type": "String"
									},
									"TargetFileName": {
										"value": {
											"value": "@{item().TargetFileName}",
											"type": "Expression"
										}
									}
								}
							},
							"linkedServiceName": {
								"referenceName": "AzureSynapseAnalytics_EIM",
								"type": "LinkedServiceReference"
							}
						},
						{
							"name": "Get Target Storage URL from AKV",
							"type": "WebActivity",
							"dependsOn": [],
							"policy": {
								"timeout": "0.12:00:00",
								"retry": 0,
								"retryIntervalInSeconds": 30,
								"secureOutput": false,
								"secureInput": false
							},
							"userProperties": [],
							"typeProperties": {
								"url": {
									"value": "@concat(pipeline().globalParameters.KeyVault_DNSName,  'secrets/',item().KVTargetAzureDataLakeURL, '?api-version=7.0')",
									"type": "Expression"
								},
								"method": "GET",
								"authentication": {
									"type": "MSI",
									"resource": "https://vault.azure.net"
								}
							}
						},
						{
							"name": "UpdateLogExtract_Fail_CreateExtractFile_copy1",
							"type": "SqlServerStoredProcedure",
							"dependsOn": [
								{
									"activity": "Get Target Storage URL from AKV",
									"dependencyConditions": [
										"Failed"
									]
								}
							],
							"policy": {
								"timeout": "0.12:00:00",
								"retry": 0,
								"retryIntervalInSeconds": 30,
								"secureOutput": false,
								"secureInput": false
							},
							"userProperties": [],
							"typeProperties": {
								"storedProcedureName": "[Ingestion].[USP_UpdateLogExtractDetail]",
								"storedProcedureParameters": {
									"EndTime": {
										"value": {
											"value": "@convertFromUtc(utcNow(),'AUS Eastern Standard Time')",
											"type": "Expression"
										},
										"type": "DateTime"
									},
									"ErrorMessage": {
										"value": {
											"value": "@activity('Get Target Storage URL from AKV').Error.message",
											"type": "Expression"
										},
										"type": "String"
									},
									"PipelineRunID": {
										"value": {
											"value": "@pipeline().RunId",
											"type": "Expression"
										},
										"type": "String"
									},
									"MasterRunID": {
										"value": {
											"value": "@pipeline().parameters.param_MasterRunID",
											"type": "Expression"
										},
										"type": "String"
									},
									"Status": {
										"value": "Error",
										"type": "String"
									},
									"TargetFileName": {
										"value": {
											"value": "@{item().TargetFileName}",
											"type": "Expression"
										}
									}
								}
							},
							"linkedServiceName": {
								"referenceName": "AzureSynapseAnalytics_EIM",
								"type": "LinkedServiceReference"
							}
						}
					]
				}
			},
			{
				"name": "usp_InsertIntoLogExtractDetailSelect",
				"type": "SqlServerStoredProcedure",
				"dependsOn": [],
				"policy": {
					"timeout": "0.12:00:00",
					"retry": 0,
					"retryIntervalInSeconds": 30,
					"secureOutput": false,
					"secureInput": false
				},
				"userProperties": [],
				"typeProperties": {
					"storedProcedureName": "[ingestion].[usp_InsertLogExtractDetailSelectFromConfigurationExtract]",
					"storedProcedureParameters": {
						"batch_run_datetime": {
							"value": {
								"value": "@convertFromUtc(pipeline().TriggerTime,'AUS Eastern Standard Time')",
								"type": "Expression"
							},
							"type": "DateTime"
						},
						"ExtractName": {
							"value": {
								"value": "@pipeline().parameters.param_ExtractName",
								"type": "Expression"
							},
							"type": "String"
						},
						"FileGenerationGroup": {
							"value": null,
							"type": "String"
						},
						"FullLoad": {
							"value": {
								"value": "@pipeline().parameters.param_FullLoad",
								"type": "Expression"
							},
							"type": "Boolean"
						},
						"MasterRunID": {
							"value": {
								"value": "@pipeline().parameters.param_MasterRunID",
								"type": "Expression"
							},
							"type": "String"
						},
						"PipelineName": {
							"value": {
								"value": "@pipeline().Pipeline",
								"type": "Expression"
							},
							"type": "String"
						},
						"PipelineRunID": {
							"value": {
								"value": "@pipeline().RunId",
								"type": "Expression"
							},
							"type": "String"
						},
						"table_name": {
							"value": {
								"value": "@pipeline().parameters.param_tableName",
								"type": "Expression"
							},
							"type": "String"
						},
						"table_schema": {
							"value": {
								"value": "@pipeline().parameters.param_TableSchema",
								"type": "Expression"
							},
							"type": "String"
						},
						"TriggerName": {
							"value": {
								"value": "@pipeline().parameters.param_TriggerName",
								"type": "Expression"
							},
							"type": "String"
						}
					}
				},
				"linkedServiceName": {
					"referenceName": "AzureSynapseAnalytics_EIM",
					"type": "LinkedServiceReference"
				}
			}
		],
		"parameters": {
			"param_MasterRunID": {
				"type": "string",
				"defaultValue": "MasterRunID_TEST"
			},
			"param_TriggerName": {
				"type": "string",
				"defaultValue": "trg_extract_IRI_weekly_schedule_fri_0800"
			},
			"param_ExtractName": {
				"type": "string",
				"defaultValue": "EDL_D365_IRI_SCAN_DATA"
			},
			"param_TableName": {
				"type": "string",
				"defaultValue": "EDL_D365_IRI_SCAN_DATA"
			},
			"param_TableSchema": {
				"type": "string",
				"defaultValue": "EXTRACT_MDATA"
			},
			"param_ViewName": {
				"type": "string"
			},
			"param_ViewSchema": {
				"type": "string"
			},
			"param_SPName": {
				"type": "string",
				"defaultValue": "usp_EDL_D365_IRI_SCAN_DATA"
			},
			"param_SPSchema": {
				"type": "string",
				"defaultValue": "EXTRACT_MDATA"
			},
			"param_FullLoad": {
				"type": "bool",
				"defaultValue": true
			}
		},
		"folder": {
			"name": "EXTRACT/D365_EXTRACTS"
		},
		"annotations": []
	}
}