{
	"name": "p_EXTRACT_EDL_D365_PRODUCT_DYN_REX_194",
	"properties": {
		"activities": [
			{
				"name": "TargetFileSystem",
				"type": "SetVariable",
				"dependsOn": [],
				"userProperties": [],
				"typeProperties": {
					"variableName": "TargetFileSystem",
					"value": "promobc"
				}
			},
			{
				"name": "TargetDirectory",
				"type": "SetVariable",
				"dependsOn": [],
				"userProperties": [],
				"typeProperties": {
					"variableName": "TargetDirectory",
					"value": "fromerp/toadf/dailyfile"
				}
			},
			{
				"name": "GetFileName",
				"type": "GetMetadata",
				"dependsOn": [
					{
						"activity": "TargetFileSystem",
						"dependencyConditions": [
							"Succeeded"
						]
					},
					{
						"activity": "TargetDirectory",
						"dependencyConditions": [
							"Succeeded"
						]
					}
				],
				"policy": {
					"timeout": "7.00:00:00",
					"retry": 0,
					"retryIntervalInSeconds": 30,
					"secureOutput": false,
					"secureInput": false
				},
				"userProperties": [],
				"typeProperties": {
					"dataset": {
						"referenceName": "f_EXTRACT_EDL_D365_DYN_REX_194",
						"type": "DatasetReference",
						"parameters": {
							"TargetFileSystem": {
								"value": "@variables('TargetFileSystem')",
								"type": "Expression"
							},
							"TargetDirectory": {
								"value": "@variables('TargetDirectory')",
								"type": "Expression"
							}
						}
					},
					"fieldList": [
						"itemName"
					],
					"storeSettings": {
						"type": "AzureBlobFSReadSettings",
						"recursive": true,
						"modifiedDatetimeStart": {
							"value": "@pipeline().TriggerTime",
							"type": "Expression"
						},
						"modifiedDatetimeEnd": {
							"value": "@pipeline().TriggerTime",
							"type": "Expression"
						},
						"enablePartitionDiscovery": false
					},
					"formatSettings": {
						"type": "DelimitedTextReadSettings"
					}
				}
			},
			{
				"name": "GENERATE_FILE",
				"type": "Copy",
				"dependsOn": [
					{
						"activity": "InsertLogExtract",
						"dependencyConditions": [
							"Succeeded"
						]
					}
				],
				"policy": {
					"timeout": "7.00:00:00",
					"retry": 0,
					"retryIntervalInSeconds": 30,
					"secureOutput": false,
					"secureInput": false
				},
				"userProperties": [],
				"typeProperties": {
					"source": {
						"type": "SqlDWSource",
						"sqlReaderStoredProcedureName": "[EXTRACT_MDATA].[USP_EDL_D365_DYN_REX_194]",
						"queryTimeout": "02:00:00",
						"partitionOption": "None"
					},
					"sink": {
						"type": "DelimitedTextSink",
						"storeSettings": {
							"type": "AzureBlobFSWriteSettings"
						},
						"formatSettings": {
							"type": "DelimitedTextWriteSettings",
							"quoteAllText": true,
							"fileExtension": ".txt"
						}
					},
					"enableStaging": false,
					"translator": {
						"type": "TabularTranslator",
						"typeConversion": true,
						"typeConversionSettings": {
							"allowDataTruncation": true,
							"treatBooleanAsNumber": false
						}
					}
				},
				"inputs": [
					{
						"referenceName": "d_AZURE_SYN_STORED_PROCEDURE",
						"type": "DatasetReference"
					}
				],
				"outputs": [
					{
						"referenceName": "f_EXTRACT_EDL_D365_DYN_REX_194",
						"type": "DatasetReference",
						"parameters": {
							"TargetFileSystem": {
								"value": "@variables('TargetFileSystem')",
								"type": "Expression"
							},
							"TargetDirectory": {
								"value": "@variables('TargetDirectory')",
								"type": "Expression"
							}
						}
					}
				]
			},
			{
				"name": "InsertLogExtract",
				"type": "SqlServerStoredProcedure",
				"dependsOn": [
					{
						"activity": "GetFileName",
						"dependencyConditions": [
							"Succeeded"
						]
					}
				],
				"policy": {
					"timeout": "0.12:00:00",
					"retry": 0,
					"retryIntervalInSeconds": 30,
					"secureOutput": false,
					"secureInput": false
				},
				"userProperties": [],
				"typeProperties": {
					"storedProcedureName": "[ingestion].[USP_InsertLogExtractDetail]",
					"storedProcedureParameters": {
						"EndTime": {
							"value": null,
							"type": "DateTime"
						},
						"Error": {
							"value": null,
							"type": "String"
						},
						"PipelineName": {
							"value": {
								"value": "@pipeline().Pipeline",
								"type": "Expression"
							},
							"type": "String"
						},
						"MasterRunID": {
							"value": {
								"value": "@pipeline().parameters.param_MasterRunID",
								"type": "Expression"
							},
							"type": "String"
						},
						"PipelineRunID": {
							"value": {
								"value": "@pipeline().RunId",
								"type": "Expression"
							},
							"type": "String"
						},
						"StartTime": {
							"value": {
								"value": "@convertFromUtc(pipeline().TriggerTime,'AUS Eastern Standard Time')",
								"type": "Expression"
							},
							"type": "DateTime"
						},
						"Status": {
							"value": "Started",
							"type": "String"
						},
						"TargetDirectory": {
							"value": {
								"value": "@variables('TargetDirectory')",
								"type": "Expression"
							},
							"type": "String"
						},
						"TargetFileName": {
							"value": {
								"value": "@activity('GetFileName').output.itemName",
								"type": "Expression"
							},
							"type": "String"
						},
						"TargetFileSystem": {
							"value": {
								"value": "@variables('TargetFileSystem')",
								"type": "Expression"
							},
							"type": "String"
						},
						"TriggerName": {
							"value": {
								"value": "@pipeline().parameters.param_TriggerName",
								"type": "Expression"
							},
							"type": "String"
						}
					}
				},
				"linkedServiceName": {
					"referenceName": "AzureSynapseAnalytics_EIM",
					"type": "LinkedServiceReference"
				}
			},
			{
				"name": "UpdateLogExtract_Completed",
				"type": "SqlServerStoredProcedure",
				"dependsOn": [
					{
						"activity": "GENERATE_FILE",
						"dependencyConditions": [
							"Succeeded"
						]
					}
				],
				"policy": {
					"timeout": "0.12:00:00",
					"retry": 0,
					"retryIntervalInSeconds": 30,
					"secureOutput": false,
					"secureInput": false
				},
				"userProperties": [],
				"typeProperties": {
					"storedProcedureName": "[ingestion].[USP_UpdateLogExtractDetail]",
					"storedProcedureParameters": {
						"EndTime": {
							"value": {
								"value": "@convertFromUtc(utcNow(),'AUS Eastern Standard Time')",
								"type": "Expression"
							},
							"type": "DateTime"
						},
						"ErrorMessage": {
							"value": null,
							"type": "String"
						},
						"PipelineRunID": {
							"value": {
								"value": "@pipeline().RunId",
								"type": "Expression"
							},
							"type": "String"
						},
						"MasterRunID": {
							"value": {
								"value": "@pipeline().parameters.param_MasterRunID",
								"type": "Expression"
							},
							"type": "String"
						},
						"Status": {
							"value": "Completed",
							"type": "String"
						},
						"TargetFileName": {
							"value": {
								"value": "@activity('GetFileName').output.itemName",
								"type": "Expression"
							}
						}
					}
				},
				"linkedServiceName": {
					"referenceName": "AzureSynapseAnalytics_EIM",
					"type": "LinkedServiceReference"
				}
			},
			{
				"name": "UpdateLogExtract_CopyFail",
				"type": "SqlServerStoredProcedure",
				"dependsOn": [
					{
						"activity": "GENERATE_FILE",
						"dependencyConditions": [
							"Failed"
						]
					}
				],
				"policy": {
					"timeout": "0.12:00:00",
					"retry": 0,
					"retryIntervalInSeconds": 30,
					"secureOutput": false,
					"secureInput": false
				},
				"userProperties": [],
				"typeProperties": {
					"storedProcedureName": "[ingestion].[USP_UpdateLogExtractDetail]",
					"storedProcedureParameters": {
						"EndTime": {
							"value": {
								"value": "@convertFromUtc(utcNow(),'AUS Eastern Standard Time')",
								"type": "Expression"
							},
							"type": "DateTime"
						},
						"ErrorMessage": {
							"value": {
								"value": "@activity('GENERATE_FILE').Error.message",
								"type": "Expression"
							},
							"type": "String"
						},
						"PipelineRunID": {
							"value": {
								"value": "@pipeline().RunId",
								"type": "Expression"
							},
							"type": "String"
						},
						"MasterRunID": {
							"value": {
								"value": "@pipeline().parameters.param_MasterRunID",
								"type": "Expression"
							},
							"type": "String"
						},
						"Status": {
							"value": "Error",
							"type": "String"
						},
						"TargetFileName": {
							"value": {
								"value": "@activity('GetFileName').output.itemName",
								"type": "Expression"
							}
						}
					}
				},
				"linkedServiceName": {
					"referenceName": "AzureSynapseAnalytics_EIM",
					"type": "LinkedServiceReference"
				}
			}
		],
		"parameters": {
			"param_MasterRunID": {
				"type": "string",
				"defaultValue": "TEST_MasterRunID"
			},
			"param_TriggerName": {
				"type": "string",
				"defaultValue": "TEST_TriggerName"
			}
		},
		"variables": {
			"TargetFileSystem": {
				"type": "String"
			},
			"TargetDirectory": {
				"type": "String"
			}
		},
		"folder": {
			"name": "EXTRACT/D365_EXTRACTS"
		},
		"annotations": []
	}
}