{
	"name": "p_extract_parallel",
	"properties": {
		"activities": [
			{
				"name": "Invoke Extract Pipeline",
				"type": "WebActivity",
				"dependsOn": [],
				"policy": {
					"timeout": "0.12:00:00",
					"retry": 0,
					"retryIntervalInSeconds": 30,
					"secureOutput": false,
					"secureInput": false
				},
				"userProperties": [],
				"typeProperties": {
					"url": {
						"value": "https://management.azure.com/subscriptions/@{pipeline().globalParameters.subscriptionId}/resourceGroups/@{pipeline().globalParameters.resourceGroup}/providers/Microsoft.DataFactory/factories/@{pipeline().globalParameters.factoryName}/pipelines/@{pipeline().parameters.pipeline_name}/createRun?api-version=2018-06-01",
						"type": "Expression"
					},
					"connectVia": {
						"referenceName": "irSelfHosted-ENV-vm-ms-ADF-SelfHosted",
						"type": "IntegrationRuntimeReference"
					},
					"method": "POST",
					"body": {
						"value": "{\n    \"param_MasterRunID\": '@{pipeline().parameters.master_run_id}'\n    , \"param_TriggerName\": '@{pipeline().parameters.trigger_name}'\n    ,\"param_ExtractName\":  '@{pipeline().parameters.extract_name}'\n    ,\"param_TableName\":  '@{pipeline().parameters.extract_table_name}'\n    ,\"param_TableSchema\":  '@{pipeline().parameters.extract_table_schema}'\n    ,\"param_ViewName\":  '@{pipeline().parameters.extract_view_name}'\n    ,\"param_ViewSchema\":  '@{pipeline().parameters.extract_view_schema}'\n    ,\"param_SPName\": '@{pipeline().parameters.extract_sp_name}'\n    ,\"param_SPSchema\": '@{pipeline().parameters.extract_sp_schema}'\n}",
						"type": "Expression"
					},
					"authentication": {
						"type": "MSI",
						"resource": "https://management.core.windows.net/"
					}
				}
			},
			{
				"name": "Until Pipeline Finishes Run",
				"type": "Until",
				"dependsOn": [
					{
						"activity": "Invoke Extract Pipeline",
						"dependencyConditions": [
							"Succeeded"
						]
					}
				],
				"userProperties": [],
				"typeProperties": {
					"expression": {
						"value": "@contains(variables('CompletionStatusList'),variables('RunStatus'))",
						"type": "Expression"
					},
					"activities": [
						{
							"name": "Wait 10 Seconds",
							"type": "Wait",
							"dependsOn": [],
							"userProperties": [],
							"typeProperties": {
								"waitTimeInSeconds": 10
							}
						},
						{
							"name": "Check Status",
							"type": "WebActivity",
							"dependsOn": [
								{
									"activity": "Wait 10 Seconds",
									"dependencyConditions": [
										"Succeeded"
									]
								}
							],
							"policy": {
								"timeout": "0.12:00:00",
								"retry": 0,
								"retryIntervalInSeconds": 30,
								"secureOutput": false,
								"secureInput": false
							},
							"userProperties": [],
							"typeProperties": {
								"url": {
									"value": "https://management.azure.com/subscriptions/@{pipeline().globalParameters.subscriptionId}/resourceGroups/@{pipeline().globalParameters.resourceGroup}/providers/Microsoft.DataFactory/factories/@{pipeline().globalParameters.factoryName}/pipelineruns/@{activity('Invoke Extract Pipeline').output.runId}?api-version=2018-06-01",
									"type": "Expression"
								},
								"connectVia": {
									"referenceName": "irSelfHosted-ENV-vm-ms-ADF-SelfHosted",
									"type": "IntegrationRuntimeReference"
								},
								"method": "GET",
								"authentication": {
									"type": "MSI",
									"resource": "https://management.core.windows.net/"
								}
							}
						},
						{
							"name": "Set Run Status",
							"type": "SetVariable",
							"dependsOn": [
								{
									"activity": "Check Status",
									"dependencyConditions": [
										"Succeeded"
									]
								}
							],
							"userProperties": [],
							"typeProperties": {
								"variableName": "RunStatus",
								"value": {
									"value": "@activity('Check Status').output.status",
									"type": "Expression"
								}
							}
						}
					],
					"timeout": "0.12:00:00"
				}
			}
		],
		"parameters": {
			"master_run_id": {
				"type": "string"
			},
			"trigger_name": {
				"type": "string"
			},
			"pipeline_name": {
				"type": "string"
			},
			"extract_name": {
				"type": "string"
			},
			"extract_sp_name": {
				"type": "string"
			},
			"extract_sp_schema": {
				"type": "string"
			},
			"extract_table_name": {
				"type": "string"
			},
			"extract_table_schema": {
				"type": "string"
			},
			"extract_view_name": {
				"type": "string"
			},
			"extract_view_schema": {
				"type": "string"
			}
		},
		"variables": {
			"RunStatus": {
				"type": "String",
				"defaultValue": "Not Started"
			},
			"CompletionStatusList": {
				"type": "String",
				"defaultValue": "[\"Succeeded\",\"Failed\",\"Cancelled\"]"
			}
		},
		"folder": {
			"name": "INGEST/Miscellaneous"
		},
		"annotations": []
	}
}