{
	"name": "p_ingest_entity_parallel_stg_from_datalake_changefeed_FC",
	"properties": {
		"activities": [
			{
				"name": "ForEach ChangeFeed files",
				"type": "ForEach",
				"dependsOn": [
					{
						"activity": "Get CF CSV files",
						"dependencyConditions": [
							"Succeeded"
						]
					},
					{
						"activity": "Truncate change feed table",
						"dependencyConditions": [
							"Succeeded"
						]
					}
				],
				"userProperties": [],
				"typeProperties": {
					"items": {
						"value": "@activity('Get CF CSV files').output.Value",
						"type": "Expression"
					},
					"isSequential": false,
					"batchCount": 50,
					"activities": [
						{
							"name": "Get File name and modified date",
							"type": "GetMetadata",
							"dependsOn": [],
							"policy": {
								"timeout": "7.00:00:00",
								"retry": 0,
								"retryIntervalInSeconds": 30,
								"secureOutput": false,
								"secureInput": false
							},
							"userProperties": [],
							"typeProperties": {
								"dataset": {
									"referenceName": "DLS_BLOB",
									"type": "DatasetReference",
									"parameters": {
										"FileName": {
											"value": "@item().Name",
											"type": "Expression"
										},
										"Directory": {
											"value": "@pipeline().parameters.Param_Data_Location",
											"type": "Expression"
										},
										"Container": {
											"value": "@pipeline().parameters.Param_Container_Name",
											"type": "Expression"
										},
										"AccountName": {
											"value": "@pipeline().parameters.Param_KV_StorageAccountURL",
											"type": "Expression"
										},
										"SecretKey": {
											"value": "@pipeline().parameters.Param_KV_StorageAccountSecretKey",
											"type": "Expression"
										}
									}
								},
								"fieldList": [
									"lastModified",
									"itemName"
								],
								"storeSettings": {
									"type": "AzureBlobFSReadSettings",
									"recursive": true,
									"enablePartitionDiscovery": false
								},
								"formatSettings": {
									"type": "DelimitedTextReadSettings"
								}
							}
						},
						{
							"name": "UpdateETLLog_ChangeFeed",
							"type": "SqlServerStoredProcedure",
							"dependsOn": [
								{
									"activity": "CopyDLFileIntoStaging",
									"dependencyConditions": [
										"Succeeded"
									]
								}
							],
							"policy": {
								"timeout": "7.00:00:00",
								"retry": 0,
								"retryIntervalInSeconds": 30,
								"secureOutput": false,
								"secureInput": false
							},
							"userProperties": [],
							"typeProperties": {
								"storedProcedureName": "[ingestion].[usp_UpdateLogEntity]",
								"storedProcedureParameters": {
									"EndTime": {
										"value": {
											"value": "@convertFromUtc(utcNow(),'AUS Eastern Standard Time')",
											"type": "Expression"
										},
										"type": "DateTime"
									},
									"ErrorMessage": {
										"value": null,
										"type": "String"
									},
									"Filestatus": {
										"value": null,
										"type": "String"
									},
									"MasterRunID": {
										"value": {
											"value": "@pipeline().parameters.Param_Master_Run_ID",
											"type": "Expression"
										},
										"type": "String"
									},
									"PipelineRunID": {
										"value": {
											"value": "@pipeline().RunId",
											"type": "Expression"
										},
										"type": "String"
									},
									"RowsEffected": {
										"value": {
											"value": "@activity('CopyDLFileIntoStaging').output.firstrow.RecordsEffected",
											"type": "Expression"
										},
										"type": "Int32"
									},
									"Status": {
										"value": "Completed",
										"type": "String"
									}
								}
							},
							"linkedServiceName": {
								"referenceName": "AzureSynapseAnalytics_EIM",
								"type": "LinkedServiceReference"
							}
						},
						{
							"name": "UpdateETLLog_OnError_ChangeFeed",
							"type": "SqlServerStoredProcedure",
							"dependsOn": [
								{
									"activity": "CopyDLFileIntoStaging",
									"dependencyConditions": [
										"Failed"
									]
								}
							],
							"policy": {
								"timeout": "7.00:00:00",
								"retry": 0,
								"retryIntervalInSeconds": 30,
								"secureOutput": false,
								"secureInput": false
							},
							"userProperties": [],
							"typeProperties": {
								"storedProcedureName": "[ingestion].[usp_UpdateLogEntity]",
								"storedProcedureParameters": {
									"EndTime": {
										"value": {
											"value": "@convertFromUtc(utcNow(),'AUS Eastern Standard Time')",
											"type": "Expression"
										},
										"type": "DateTime"
									},
									"ErrorMessage": {
										"value": {
											"value": "@activity('CopyDLFileIntoStaging').Error.message\n\n",
											"type": "Expression"
										},
										"type": "String"
									},
									"Filestatus": {
										"value": null,
										"type": "String"
									},
									"MasterRunID": {
										"value": {
											"value": "@pipeline().parameters.Param_Master_Run_ID",
											"type": "Expression"
										},
										"type": "String"
									},
									"PipelineRunID": {
										"value": {
											"value": "@pipeline().RunId",
											"type": "Expression"
										},
										"type": "String"
									},
									"RowsEffected": {
										"value": null,
										"type": "Int32"
									},
									"Status": {
										"value": "Failed",
										"type": "String"
									}
								}
							},
							"linkedServiceName": {
								"referenceName": "AzureSynapseAnalytics_EIM",
								"type": "LinkedServiceReference"
							}
						},
						{
							"name": "CreateETLLog_Change_Feed",
							"type": "Lookup",
							"dependsOn": [
								{
									"activity": "Get File name and modified date",
									"dependencyConditions": [
										"Succeeded"
									]
								}
							],
							"policy": {
								"timeout": "7.00:00:00",
								"retry": 0,
								"retryIntervalInSeconds": 30,
								"secureOutput": false,
								"secureInput": false
							},
							"userProperties": [],
							"typeProperties": {
								"source": {
									"type": "SqlDWSource",
									"sqlReaderStoredProcedureName": "[ingestion].[usp_InsertLogEntity]",
									"storedProcedureParameters": {
										"ComputeType": {
											"type": "String",
											"value": "General purpose"
										},
										"CoreCount": {
											"type": "Int32",
											"value": "4"
										},
										"EndTime": {
											"type": "DateTime",
											"value": null
										},
										"Entity": {
											"type": "String",
											"value": {
												"value": "@pipeline().parameters.Param_Entity",
												"type": "Expression"
											}
										},
										"ErrorMessage": {
											"type": "String",
											"value": null
										},
										"FileName": {
											"type": "String",
											"value": {
												"value": "@activity('Get File name and modified date').output.itemName",
												"type": "Expression"
											}
										},
										"MasterRunID": {
											"type": "String",
											"value": {
												"value": "@pipeline().parameters.Param_Master_Run_ID",
												"type": "Expression"
											}
										},
										"Parameters": {
											"type": "String",
											"value": null
										},
										"PipelineRunID": {
											"type": "String",
											"value": {
												"value": "@pipeline().RunId",
												"type": "Expression"
											}
										},
										"RowsEffected": {
											"type": "Int32",
											"value": null
										},
										"SchemaName": {
											"type": "String",
											"value": {
												"value": "@pipeline().parameters.Param_Schema",
												"type": "Expression"
											}
										},
										"SQLEDLBuildScript": {
											"type": "String",
											"value": null
										},
										"SQLValidationScript": {
											"type": "String",
											"value": null
										},
										"StartTime": {
											"type": "DateTime",
											"value": {
												"value": "@convertFromUtc(utcNow(),'AUS Eastern Standard Time')",
												"type": "Expression"
											}
										},
										"Status": {
											"type": "String",
											"value": "Started"
										},
										"TriggerName": {
											"type": "String",
											"value": {
												"value": "@pipeline().parameters.Param_Trigger_Name",
												"type": "Expression"
											}
										}
									},
									"queryTimeout": "02:00:00",
									"partitionOption": "None"
								},
								"dataset": {
									"referenceName": "ds_d365_Log",
									"type": "DatasetReference"
								}
							}
						},
						{
							"name": "CopyDLFileIntoStaging",
							"type": "Lookup",
							"dependsOn": [
								{
									"activity": "CreateETLLog_Change_Feed",
									"dependencyConditions": [
										"Succeeded"
									]
								}
							],
							"policy": {
								"timeout": "7.00:00:00",
								"retry": 0,
								"retryIntervalInSeconds": 30,
								"secureOutput": false,
								"secureInput": false
							},
							"userProperties": [],
							"typeProperties": {
								"source": {
									"type": "SqlDWSource",
									"sqlReaderStoredProcedureName": "[ingestion].[usp_LoadCFTable]",
									"storedProcedureParameters": {
										"SourceURL": {
											"type": "String",
											"value": {
												"value": "@concat(\npipeline().parameters.Param_KV_StorageAccountURL,\n'/',\npipeline().parameters.Param_Container_Name,\n'/',\npipeline().parameters.Param_Data_Location,\n'/',\nactivity('Get File name and modified date').output.itemName\n)",
												"type": "Expression"
											}
										},
										"TargetStagingSchema": {
											"type": "String",
											"value": {
												"value": "@pipeline().parameters.Param_Schema",
												"type": "Expression"
											}
										},
										"TargetStagingTable": {
											"type": "String",
											"value": {
												"value": "@pipeline().parameters.Param_Entity",
												"type": "Expression"
											}
										},
										"Firstrow": {
											"type": "String",
											"value": {
												"value": "@pipeline().parameters.Param_First_Row",
												"type": "Expression"
											}
										}
									},
									"queryTimeout": "02:00:00",
									"partitionOption": "None"
								},
								"dataset": {
									"referenceName": "ds_d365_RecordsEffected",
									"type": "DatasetReference"
								}
							}
						}
					]
				}
			},
			{
				"name": "Get CF CSV files",
				"description": "this is to filter out index.json",
				"type": "Filter",
				"dependsOn": [
					{
						"activity": "Get List of Files from change feed folder",
						"dependencyConditions": [
							"Succeeded"
						]
					}
				],
				"userProperties": [],
				"typeProperties": {
					"items": {
						"value": "@activity('Get List of Files from change feed folder').output.childItems",
						"type": "Expression"
					},
					"condition": {
						"value": "@and(not(equals(length(activity('Get List of Files from change feed folder').output.childItems),0)),endswith(item().name, '.csv'))",
						"type": "Expression"
					}
				}
			},
			{
				"name": "Data Lake modified time from watermark table",
				"type": "SetVariable",
				"dependsOn": [
					{
						"activity": "Lookup watermark Log",
						"dependencyConditions": [
							"Succeeded"
						]
					}
				],
				"userProperties": [],
				"typeProperties": {
					"variableName": "PreviousModifieddate",
					"value": {
						"value": "@activity('Lookup watermark Log').output.firstRow.DataLakeModified_DateTime",
						"type": "Expression"
					}
				}
			},
			{
				"name": "Lookup watermark Log",
				"type": "Lookup",
				"dependsOn": [],
				"policy": {
					"timeout": "7.00:00:00",
					"retry": 0,
					"retryIntervalInSeconds": 30,
					"secureOutput": false,
					"secureInput": false
				},
				"userProperties": [],
				"typeProperties": {
					"source": {
						"type": "SqlDWSource",
						"sqlReaderStoredProcedureName": "[ingestion].[usp_SelectWatermarkLog]",
						"storedProcedureParameters": {
							"Entity": {
								"type": "String",
								"value": {
									"value": "@pipeline().parameters.Param_Entity",
									"type": "Expression"
								}
							}
						},
						"queryTimeout": "02:00:00",
						"partitionOption": "None"
					},
					"dataset": {
						"referenceName": "ds_d365_SynapseTables",
						"type": "DatasetReference",
						"parameters": {
							"Entity_Name": {
								"value": "@pipeline().parameters.Param_Entity",
								"type": "Expression"
							},
							"Schema_Name": {
								"value": "@pipeline().parameters.Param_Schema",
								"type": "Expression"
							}
						}
					}
				}
			},
			{
				"name": "ingestion usp_EntityWatermarkLog",
				"type": "SqlServerStoredProcedure",
				"dependsOn": [
					{
						"activity": "ForEach ChangeFeed files",
						"dependencyConditions": [
							"Succeeded"
						]
					}
				],
				"policy": {
					"timeout": "7.00:00:00",
					"retry": 0,
					"retryIntervalInSeconds": 30,
					"secureOutput": false,
					"secureInput": false
				},
				"userProperties": [],
				"typeProperties": {
					"storedProcedureName": "[ingestion].[usp_EntityWatermarkLog]",
					"storedProcedureParameters": {
						"Entity": {
							"value": {
								"value": "@pipeline().parameters.Param_Entity",
								"type": "Expression"
							},
							"type": "String"
						},
						"Entity_Schema": {
							"value": {
								"value": "@pipeline().parameters.Param_Schema",
								"type": "Expression"
							},
							"type": "String"
						},
						"Entity_Table": {
							"value": {
								"value": "@pipeline().parameters.Param_Entity",
								"type": "Expression"
							},
							"type": "String"
						},
						"DataLakeModified_DateTime": {
							"value": {
								"value": "@pipeline().parameters.Param_EDLQualificationField",
								"type": "Expression"
							},
							"type": "String"
						}
					}
				},
				"linkedServiceName": {
					"referenceName": "AzureSynapseAnalytics_EIM",
					"type": "LinkedServiceReference"
				}
			},
			{
				"name": "Truncate change feed table",
				"type": "Lookup",
				"dependsOn": [
					{
						"activity": "Set the full table name",
						"dependencyConditions": [
							"Succeeded"
						]
					}
				],
				"policy": {
					"timeout": "7.00:00:00",
					"retry": 0,
					"retryIntervalInSeconds": 30,
					"secureOutput": false,
					"secureInput": false
				},
				"userProperties": [],
				"typeProperties": {
					"source": {
						"type": "SqlDWSource",
						"sqlReaderQuery": {
							"value": "@concat(\n'Truncate table ',\nvariables('ChangeFeedFullTable'),\n' ',\n'Select 0 '\n)",
							"type": "Expression"
						},
						"queryTimeout": "02:00:00",
						"partitionOption": "None"
					},
					"dataset": {
						"referenceName": "ds_d365_RecordsEffected",
						"type": "DatasetReference"
					}
				}
			},
			{
				"name": "Set the full table name",
				"type": "SetVariable",
				"dependsOn": [],
				"userProperties": [],
				"typeProperties": {
					"variableName": "ChangeFeedFullTable",
					"value": {
						"value": "@concat(\npipeline().parameters.Param_Schema\n,'.'\n,pipeline().parameters.Param_Entity\n)",
						"type": "Expression"
					}
				}
			},
			{
				"name": "Get List of Files from change feed folder",
				"type": "GetMetadata",
				"dependsOn": [
					{
						"activity": "Data Lake modified time from watermark table",
						"dependencyConditions": [
							"Succeeded"
						]
					}
				],
				"policy": {
					"timeout": "7.00:00:00",
					"retry": 0,
					"retryIntervalInSeconds": 30,
					"secureOutput": false,
					"secureInput": false
				},
				"userProperties": [],
				"typeProperties": {
					"dataset": {
						"referenceName": "DLS_FileType_CSV",
						"type": "DatasetReference",
						"parameters": {
							"Container": {
								"value": "@pipeline().parameters.Param_Container_Name",
								"type": "Expression"
							},
							"Directory": {
								"value": "@pipeline().parameters.Param_Data_Location",
								"type": "Expression"
							},
							"AccountName": {
								"value": "@pipeline().parameters.Param_KV_StorageAccountURL",
								"type": "Expression"
							},
							"SecretKey": {
								"value": "@pipeline().parameters.Param_KV_StorageAccountSecretKey",
								"type": "Expression"
							}
						}
					},
					"fieldList": [
						"childItems"
					],
					"storeSettings": {
						"type": "AzureBlobFSReadSettings",
						"recursive": true,
						"modifiedDatetimeStart": {
							"value": "@variables('PreviousModifieddate')",
							"type": "Expression"
						},
						"enablePartitionDiscovery": false
					},
					"formatSettings": {
						"type": "DelimitedTextReadSettings"
					}
				}
			}
		],
		"parameters": {
			"Param_Entity": {
				"type": "string",
				"defaultValue": "met_allocationquantityattachment"
			},
			"Param_ChangeFeed_Location": {
				"type": "string",
				"defaultValue": "met_allocationquantityattachment"
			},
			"Param_Schema": {
				"type": "string",
				"defaultValue": "STG_MDATA"
			},
			"Param_Container_Name": {
				"type": "string",
				"defaultValue": "dataverse-metcashpppri-unq83b681369e2e49a684e1636c9f2a8"
			},
			"Param_Master_Run_ID": {
				"type": "string",
				"defaultValue": "2"
			},
			"Param_Trigger_Name": {
				"type": "string",
				"defaultValue": "d365_tumbling_window_15min_trigger"
			},
			"Param_Data_Source": {
				"type": "string",
				"defaultValue": "DATA_VERSE"
			},
			"Param_EDLQualificationField": {
				"type": "string",
				"defaultValue": "SinkModifiedOn"
			},
			"Param_KV_StorageAccountURL": {
				"type": "string"
			},
			"Param_KV_StorageAccountSecretKey": {
				"type": "string"
			},
			"Param_Data_Location": {
				"type": "string"
			},
			"Param_First_Row": {
				"type": "string",
				"defaultValue": "1"
			}
		},
		"variables": {
			"LatestFileName": {
				"type": "String"
			},
			"PreviousModifieddate": {
				"type": "String",
				"defaultValue": "1900-01-01"
			},
			"LastestFileModifiedDate": {
				"type": "String",
				"defaultValue": "1900-01-01"
			},
			"ChangeFeedFullTable": {
				"type": "String"
			}
		},
		"folder": {
			"name": "INGEST/Ingestion_Entity"
		},
		"annotations": []
	}
}