{
	"name": "p_ingest_entity_parallel",
	"properties": {
		"activities": [
			{
				"name": "lookup_entity",
				"type": "Lookup",
				"dependsOn": [],
				"policy": {
					"timeout": "7.00:00:00",
					"retry": 0,
					"retryIntervalInSeconds": 30,
					"secureOutput": false,
					"secureInput": false
				},
				"userProperties": [],
				"typeProperties": {
					"source": {
						"type": "SqlDWSource",
						"sqlReaderQuery": {
							"value": "SELECT * FROM ingestion.ConfigurationEntity WHERE IsActive = 1 AND EntityName = '@{pipeline().parameters.Entity_Name}'",
							"type": "Expression"
						},
						"queryTimeout": "02:00:00",
						"partitionOption": "None"
					},
					"dataset": {
						"referenceName": "ds_d365_Config",
						"type": "DatasetReference"
					}
				}
			},
			{
				"name": "v_manifest",
				"type": "SetVariable",
				"dependsOn": [
					{
						"activity": "lookup_entity",
						"dependencyConditions": [
							"Succeeded"
						]
					}
				],
				"userProperties": [],
				"typeProperties": {
					"variableName": "v_manifest",
					"value": {
						"value": "@activity('lookup_entity').output.firstRow.RootManifestFillePath",
						"type": "Expression"
					}
				}
			},
			{
				"name": "v_root",
				"type": "SetVariable",
				"dependsOn": [
					{
						"activity": "lookup_entity",
						"dependencyConditions": [
							"Succeeded"
						]
					}
				],
				"userProperties": [],
				"typeProperties": {
					"variableName": "v_root",
					"value": {
						"value": "@activity('lookup_entity').output.firstRow.RootLocation",
						"type": "Expression"
					}
				}
			},
			{
				"name": "v_entity",
				"type": "SetVariable",
				"dependsOn": [
					{
						"activity": "lookup_entity",
						"dependencyConditions": [
							"Succeeded"
						]
					}
				],
				"userProperties": [],
				"typeProperties": {
					"variableName": "v_entity",
					"value": {
						"value": "@activity('lookup_entity').output.firstRow.EntityName",
						"type": "Expression"
					}
				}
			},
			{
				"name": "v_root_flag",
				"type": "SetVariable",
				"dependsOn": [
					{
						"activity": "lookup_entity",
						"dependencyConditions": [
							"Succeeded"
						]
					}
				],
				"userProperties": [],
				"typeProperties": {
					"variableName": "v_root_flag",
					"value": {
						"value": "@activity('lookup_entity').output.firstRow.RootFlag",
						"type": "Expression"
					}
				}
			},
			{
				"name": "v_change_feed_root",
				"type": "SetVariable",
				"dependsOn": [
					{
						"activity": "lookup_entity",
						"dependencyConditions": [
							"Succeeded"
						]
					}
				],
				"userProperties": [],
				"typeProperties": {
					"variableName": "v_change_feed_root",
					"value": {
						"value": "@activity('lookup_entity').output.firstRow.ChangefeedLocation",
						"type": "Expression"
					}
				}
			},
			{
				"name": "v_change_feed_manifest",
				"type": "SetVariable",
				"dependsOn": [
					{
						"activity": "lookup_entity",
						"dependencyConditions": [
							"Succeeded"
						]
					}
				],
				"userProperties": [],
				"typeProperties": {
					"variableName": "v_change_feed_manifest",
					"value": {
						"value": "@activity('lookup_entity').output.firstRow.ChangefeedManifestFilePath",
						"type": "Expression"
					}
				}
			},
			{
				"name": "v_source_system",
				"type": "SetVariable",
				"dependsOn": [
					{
						"activity": "lookup_entity",
						"dependencyConditions": [
							"Succeeded"
						]
					}
				],
				"userProperties": [],
				"typeProperties": {
					"variableName": "v_source_system",
					"value": {
						"value": "@activity('lookup_entity').output.firstRow.TargetStagingSchema",
						"type": "Expression"
					}
				}
			},
			{
				"name": "v_source_lake_schema",
				"description": "@activity('lookup_entity').output.firstRow.SourceLakeSchema",
				"type": "SetVariable",
				"dependsOn": [
					{
						"activity": "lookup_entity",
						"dependencyConditions": [
							"Succeeded"
						]
					}
				],
				"userProperties": [],
				"typeProperties": {
					"variableName": "v_source_lake_schema",
					"value": {
						"value": "@activity('lookup_entity').output.firstRow.SourceLakeSchema",
						"type": "Expression"
					}
				}
			},
			{
				"name": "v_source_lake_table",
				"description": "@activity('lookup_entity').output.firstRow.SourceLakeTable",
				"type": "SetVariable",
				"dependsOn": [
					{
						"activity": "lookup_entity",
						"dependencyConditions": [
							"Succeeded"
						]
					}
				],
				"userProperties": [],
				"typeProperties": {
					"variableName": "v_source_lake_table",
					"value": {
						"value": "@activity('lookup_entity').output.firstRow.SourceLakeTable",
						"type": "Expression"
					}
				}
			},
			{
				"name": "v_source_lake_database",
				"description": "@activity('lookup_entity').output.firstRow.SourceLakeDatabase",
				"type": "SetVariable",
				"dependsOn": [
					{
						"activity": "lookup_entity",
						"dependencyConditions": [
							"Succeeded"
						]
					}
				],
				"userProperties": [],
				"typeProperties": {
					"variableName": "v_source_lake_database",
					"value": {
						"value": "@activity('lookup_entity').output.firstRow.SourceLakeDatabase",
						"type": "Expression"
					}
				}
			},
			{
				"name": "v_target_staging_schema",
				"description": "@activity('lookup_entity').output.firstRow.TargetStagingSchema",
				"type": "SetVariable",
				"dependsOn": [
					{
						"activity": "lookup_entity",
						"dependencyConditions": [
							"Succeeded"
						]
					}
				],
				"userProperties": [],
				"typeProperties": {
					"variableName": "v_target_staging_schema",
					"value": {
						"value": "@activity('lookup_entity').output.firstRow.TargetStagingSchema",
						"type": "Expression"
					}
				}
			},
			{
				"name": "v_target_staging_table",
				"description": "@activity('lookup_entity').output.firstRow.TargetStagingTable",
				"type": "SetVariable",
				"dependsOn": [
					{
						"activity": "lookup_entity",
						"dependencyConditions": [
							"Succeeded"
						]
					}
				],
				"userProperties": [],
				"typeProperties": {
					"variableName": "v_target_staging_table",
					"value": {
						"value": "@activity('lookup_entity').output.firstRow.TargetStagingTable",
						"type": "Expression"
					}
				}
			},
			{
				"name": "v_data_source",
				"type": "SetVariable",
				"dependsOn": [
					{
						"activity": "lookup_entity",
						"dependencyConditions": [
							"Succeeded"
						]
					}
				],
				"userProperties": [],
				"typeProperties": {
					"variableName": "v_data_source",
					"value": {
						"value": "@activity('lookup_entity').output.firstRow.SourceType",
						"type": "Expression"
					}
				}
			},
			{
				"name": "v_edl_schema",
				"type": "SetVariable",
				"dependsOn": [
					{
						"activity": "lookup_entity",
						"dependencyConditions": [
							"Succeeded"
						]
					}
				],
				"userProperties": [],
				"typeProperties": {
					"variableName": "v_edl_schema",
					"value": {
						"value": "@activity('lookup_entity').output.firstRow.EDLSchema",
						"type": "Expression"
					}
				}
			},
			{
				"name": "v_edl_table",
				"type": "SetVariable",
				"dependsOn": [
					{
						"activity": "lookup_entity",
						"dependencyConditions": [
							"Succeeded"
						]
					}
				],
				"userProperties": [],
				"typeProperties": {
					"variableName": "v_edl_table",
					"value": {
						"value": "@activity('lookup_entity').output.firstRow.EDLTable",
						"type": "Expression"
					}
				}
			},
			{
				"name": "v_source_system_valid_from",
				"type": "SetVariable",
				"dependsOn": [
					{
						"activity": "lookup_entity",
						"dependencyConditions": [
							"Succeeded"
						]
					}
				],
				"userProperties": [],
				"typeProperties": {
					"variableName": "v_source_system_valid_from",
					"value": {
						"value": "@activity('lookup_entity').output.firstRow.EDLQualificationField",
						"type": "Expression"
					}
				}
			},
			{
				"name": "v_primary_key_list",
				"type": "SetVariable",
				"dependsOn": [
					{
						"activity": "lookup_entity",
						"dependencyConditions": [
							"Succeeded"
						]
					}
				],
				"userProperties": [],
				"typeProperties": {
					"variableName": "v_primary_key_list",
					"value": {
						"value": "@split(activity('lookup_entity').output.firstRow.PrimaryKeyList,',')\n\n",
						"type": "Expression"
					}
				}
			},
			{
				"name": "v_containerName",
				"type": "SetVariable",
				"dependsOn": [
					{
						"activity": "lookup_entity",
						"dependencyConditions": [
							"Succeeded"
						]
					}
				],
				"userProperties": [],
				"typeProperties": {
					"variableName": "v_container_name",
					"value": {
						"value": "@activity('lookup_entity').output.firstRow.ContainerName",
						"type": "Expression"
					}
				}
			},
			{
				"name": "v_scd_type",
				"description": "",
				"type": "SetVariable",
				"dependsOn": [
					{
						"activity": "lookup_entity",
						"dependencyConditions": [
							"Succeeded"
						]
					}
				],
				"userProperties": [],
				"typeProperties": {
					"variableName": "v_scd_type",
					"value": {
						"value": "@string(activity('lookup_entity').output.firstRow.SCD_Type)",
						"type": "Expression"
					}
				}
			},
			{
				"name": "v_MoveToProcessing",
				"description": "",
				"type": "SetVariable",
				"dependsOn": [
					{
						"activity": "lookup_entity",
						"dependencyConditions": [
							"Succeeded"
						]
					}
				],
				"userProperties": [],
				"typeProperties": {
					"variableName": "v_MoveToProcessing",
					"value": {
						"value": "@bool( activity('lookup_entity').output.firstRow.MoveToProcessing)",
						"type": "Expression"
					}
				}
			},
			{
				"name": "p_ingest_entity_parallel_stg_then_edl",
				"type": "ExecutePipeline",
				"dependsOn": [
					{
						"activity": "v_manifest",
						"dependencyConditions": [
							"Succeeded"
						]
					},
					{
						"activity": "v_entity",
						"dependencyConditions": [
							"Succeeded"
						]
					},
					{
						"activity": "v_root_flag",
						"dependencyConditions": [
							"Succeeded"
						]
					},
					{
						"activity": "v_change_feed_root",
						"dependencyConditions": [
							"Succeeded"
						]
					},
					{
						"activity": "v_change_feed_manifest",
						"dependencyConditions": [
							"Succeeded"
						]
					},
					{
						"activity": "v_source_system",
						"dependencyConditions": [
							"Succeeded"
						]
					},
					{
						"activity": "v_source_lake_schema",
						"dependencyConditions": [
							"Succeeded"
						]
					},
					{
						"activity": "v_source_lake_table",
						"dependencyConditions": [
							"Succeeded"
						]
					},
					{
						"activity": "v_source_lake_database",
						"dependencyConditions": [
							"Succeeded"
						]
					},
					{
						"activity": "v_target_staging_schema",
						"dependencyConditions": [
							"Succeeded"
						]
					},
					{
						"activity": "v_target_staging_table",
						"dependencyConditions": [
							"Succeeded"
						]
					},
					{
						"activity": "v_data_source",
						"dependencyConditions": [
							"Succeeded"
						]
					},
					{
						"activity": "v_edl_schema",
						"dependencyConditions": [
							"Succeeded"
						]
					},
					{
						"activity": "v_edl_table",
						"dependencyConditions": [
							"Succeeded"
						]
					},
					{
						"activity": "v_source_system_valid_from",
						"dependencyConditions": [
							"Succeeded"
						]
					},
					{
						"activity": "v_primary_key_list",
						"dependencyConditions": [
							"Succeeded"
						]
					},
					{
						"activity": "v_containerName",
						"dependencyConditions": [
							"Succeeded"
						]
					},
					{
						"activity": "v_scd_type",
						"dependencyConditions": [
							"Succeeded"
						]
					},
					{
						"activity": "v_MoveToProcessing",
						"dependencyConditions": [
							"Succeeded"
						]
					},
					{
						"activity": "v_MoveToArchive",
						"dependencyConditions": [
							"Succeeded"
						]
					},
					{
						"activity": "v_SourceDirectory",
						"dependencyConditions": [
							"Succeeded"
						]
					},
					{
						"activity": "v_ProcessingDirectory",
						"dependencyConditions": [
							"Succeeded"
						]
					},
					{
						"activity": "v_ArchiveDirectory",
						"dependencyConditions": [
							"Succeeded"
						]
					},
					{
						"activity": "Set EDL Qualification Field",
						"dependencyConditions": [
							"Succeeded"
						]
					},
					{
						"activity": "v_root",
						"dependencyConditions": [
							"Succeeded"
						]
					},
					{
						"activity": "Get URL From KV",
						"dependencyConditions": [
							"Succeeded"
						]
					},
					{
						"activity": "Set KV_StorageAccountSecretKey",
						"dependencyConditions": [
							"Succeeded"
						]
					}
				],
				"userProperties": [],
				"typeProperties": {
					"pipeline": {
						"referenceName": "p_ingest_entity_parallel_stg_then_edl",
						"type": "PipelineReference"
					},
					"waitOnCompletion": true,
					"parameters": {
						"p_manifest": {
							"value": "@variables('v_manifest')",
							"type": "Expression"
						},
						"p_root": {
							"value": "@variables('v_root')",
							"type": "Expression"
						},
						"p_root_flag": {
							"value": "@variables('v_root_flag')",
							"type": "Expression"
						},
						"p_change_feed_root": {
							"value": "@variables('v_change_feed_root')",
							"type": "Expression"
						},
						"p_change_feed_manifest": {
							"value": "@variables('v_change_feed_manifest')",
							"type": "Expression"
						},
						"p_source_system": {
							"value": "@variables('v_source_system')",
							"type": "Expression"
						},
						"p_source_lake_schema": {
							"value": "@variables('v_source_lake_schema')",
							"type": "Expression"
						},
						"p_source_lake_table": {
							"value": "@variables('v_source_lake_table')",
							"type": "Expression"
						},
						"p_source_lake_database": {
							"value": "@variables('v_source_lake_database')",
							"type": "Expression"
						},
						"p_target_staging_schema": {
							"value": "@variables('v_target_staging_schema')",
							"type": "Expression"
						},
						"p_target_staging_table": {
							"value": "@variables('v_target_staging_table')",
							"type": "Expression"
						},
						"p_data_source": {
							"value": "@variables('v_data_source')",
							"type": "Expression"
						},
						"p_edl_schema": {
							"value": "@variables('v_edl_schema')",
							"type": "Expression"
						},
						"p_edl_table": {
							"value": "@variables('v_edl_table')",
							"type": "Expression"
						},
						"p_source_system_valid_from": {
							"value": "@variables('v_source_system_valid_from')",
							"type": "Expression"
						},
						"p_primary_key_list": {
							"value": "@variables('v_primary_key_list')",
							"type": "Expression"
						},
						"p_containername": {
							"value": "@variables('v_container_name')",
							"type": "Expression"
						},
						"p_scd_type": {
							"value": "@variables('v_scd_type')",
							"type": "Expression"
						},
						"p_Move_To_Processing": {
							"value": "@variables('v_MoveToProcessing')",
							"type": "Expression"
						},
						"p_Move_To_Archive": {
							"value": "@variables('v_MoveToArchive')",
							"type": "Expression"
						},
						"p_Source_Directory": {
							"value": "@variables('v_SourceDirectory')",
							"type": "Expression"
						},
						"p_Processing_Directory": {
							"value": "@variables('v_ProcessingDirectory')",
							"type": "Expression"
						},
						"p_Archive_Directory": {
							"value": "@variables('v_ArchiveDirectory')",
							"type": "Expression"
						},
						"p_Master_Run_ID": {
							"value": "@pipeline().parameters.Master_Run_ID",
							"type": "Expression"
						},
						"p_Trigger_Name": {
							"value": "@pipeline().parameters.Trigger_Name",
							"type": "Expression"
						},
						"p_Entity": {
							"value": "@variables('v_entity')",
							"type": "Expression"
						},
						"p_full_reload_required_flag": {
							"value": "@pipeline().parameters.full_reload_required_flag",
							"type": "Expression"
						},
						"p_KV_StorageAccountURL": {
							"value": "@activity('Get URL From KV').output.value",
							"type": "Expression"
						},
						"p_KV_StorageAccountSecretKey": {
							"value": "@variables('v_KV_StorageAccountSecretKey')",
							"type": "Expression"
						},
						"p_EDLQualificationField": {
							"value": "@variables('v_EDLQualificationField')",
							"type": "Expression"
						}
					}
				}
			},
			{
				"name": "v_MoveToArchive",
				"description": "",
				"type": "SetVariable",
				"dependsOn": [
					{
						"activity": "lookup_entity",
						"dependencyConditions": [
							"Succeeded"
						]
					}
				],
				"userProperties": [],
				"typeProperties": {
					"variableName": "v_MoveToArchive",
					"value": {
						"value": "@bool( activity('lookup_entity').output.firstRow.MoveToArchive)",
						"type": "Expression"
					}
				}
			},
			{
				"name": "v_SourceDirectory",
				"description": "@activity('lookup_entity').output.firstRow.SourceLakeDatabase",
				"type": "SetVariable",
				"dependsOn": [
					{
						"activity": "lookup_entity",
						"dependencyConditions": [
							"Succeeded"
						]
					}
				],
				"userProperties": [],
				"typeProperties": {
					"variableName": "v_SourceDirectory",
					"value": {
						"value": "@string( activity('lookup_entity').output.firstRow.SourceDirectory)",
						"type": "Expression"
					}
				}
			},
			{
				"name": "v_ProcessingDirectory",
				"description": "",
				"type": "SetVariable",
				"dependsOn": [
					{
						"activity": "lookup_entity",
						"dependencyConditions": [
							"Succeeded"
						]
					}
				],
				"userProperties": [],
				"typeProperties": {
					"variableName": "v_ProcessingDirectory",
					"value": {
						"value": "@string( activity('lookup_entity').output.firstRow.ProcessingDirectory)",
						"type": "Expression"
					}
				}
			},
			{
				"name": "v_ArchiveDirectory",
				"description": "",
				"type": "SetVariable",
				"dependsOn": [
					{
						"activity": "lookup_entity",
						"dependencyConditions": [
							"Succeeded"
						]
					}
				],
				"userProperties": [],
				"typeProperties": {
					"variableName": "v_ArchiveDirectory",
					"value": {
						"value": "@string( activity('lookup_entity').output.firstRow.ArchiveDirectory)",
						"type": "Expression"
					}
				}
			},
			{
				"name": "Set KV_StorageAccountSecretKey",
				"type": "SetVariable",
				"dependsOn": [
					{
						"activity": "lookup_entity",
						"dependencyConditions": [
							"Succeeded"
						]
					}
				],
				"userProperties": [],
				"typeProperties": {
					"variableName": "v_KV_StorageAccountSecretKey",
					"value": {
						"value": "@string(activity('lookup_entity').output.firstRow.KV_StorageAccountSecretKey)",
						"type": "Expression"
					}
				}
			},
			{
				"name": "Set KV_StorageAccountURL",
				"type": "SetVariable",
				"dependsOn": [
					{
						"activity": "lookup_entity",
						"dependencyConditions": [
							"Succeeded"
						]
					}
				],
				"userProperties": [],
				"typeProperties": {
					"variableName": "v_KV_StorageAccountURL",
					"value": {
						"value": "@activity('lookup_entity').output.firstRow.KV_StorageAccountURL",
						"type": "Expression"
					}
				}
			},
			{
				"name": "Set EDL Qualification Field",
				"type": "SetVariable",
				"dependsOn": [
					{
						"activity": "lookup_entity",
						"dependencyConditions": [
							"Succeeded"
						]
					}
				],
				"userProperties": [],
				"typeProperties": {
					"variableName": "v_EDLQualificationField",
					"value": {
						"value": "@activity('lookup_entity').output.firstRow.EDLQualificationField",
						"type": "Expression"
					}
				}
			},
			{
				"name": "Get URL From KV",
				"type": "WebActivity",
				"dependsOn": [
					{
						"activity": "Set KV_StorageAccountURL",
						"dependencyConditions": [
							"Succeeded"
						]
					}
				],
				"policy": {
					"timeout": "0.12:00:00",
					"retry": 0,
					"retryIntervalInSeconds": 30,
					"secureOutput": false,
					"secureInput": false
				},
				"userProperties": [],
				"typeProperties": {
					"url": {
						"value": "@concat(pipeline().globalParameters.KeyVault_DNSName,'secrets/',variables('v_KV_StorageAccountURL'),'?api-version=7.0')",
						"type": "Expression"
					},
					"method": "GET",
					"authentication": {
						"type": "MSI",
						"resource": "https://vault.azure.net"
					}
				}
			}
		],
		"parameters": {
			"Entity_Name": {
				"type": "string",
				"defaultValue": "BYSkuProjectionsDaily"
			},
			"Master_Run_ID": {
				"type": "string",
				"defaultValue": "manual_run"
			},
			"Trigger_Name": {
				"type": "string"
			},
			"Full_Reload_Required_Flag": {
				"type": "bool",
				"defaultValue": false
			},
			"Force_Build": {
				"type": "bool",
				"defaultValue": false
			}
		},
		"variables": {
			"v_root": {
				"type": "String"
			},
			"v_manifest": {
				"type": "String"
			},
			"v_entity": {
				"type": "String"
			},
			"v_root_flag": {
				"type": "Boolean"
			},
			"v_change_feed_root": {
				"type": "String"
			},
			"v_change_feed_manifest": {
				"type": "String"
			},
			"v_source_system": {
				"type": "String"
			},
			"v_source_lake_schema": {
				"type": "String"
			},
			"v_source_lake_table": {
				"type": "String"
			},
			"v_source_lake_database": {
				"type": "String"
			},
			"v_target_staging_schema": {
				"type": "String"
			},
			"v_target_staging_table": {
				"type": "String"
			},
			"v_data_source": {
				"type": "String"
			},
			"v_edl_schema": {
				"type": "String"
			},
			"v_edl_table": {
				"type": "String"
			},
			"v_source_system_valid_from": {
				"type": "String"
			},
			"v_primary_key_list": {
				"type": "Array"
			},
			"v_container_name": {
				"type": "String"
			},
			"v_source_record_count": {
				"type": "String"
			},
			"v_target_record_count": {
				"type": "String"
			},
			"v_email_recon_failure_message": {
				"type": "String"
			},
			"v_email_recon_failure_subject": {
				"type": "String",
				"defaultValue": "Reconciliation failure"
			},
			"v_scd_type": {
				"type": "String"
			},
			"v_MoveToProcessing": {
				"type": "Boolean"
			},
			"v_MoveToArchive": {
				"type": "Boolean"
			},
			"v_SourceDirectory": {
				"type": "String"
			},
			"v_ProcessingDirectory": {
				"type": "String"
			},
			"v_ArchiveDirectory": {
				"type": "String"
			},
			"v_KV_StorageAccountURL": {
				"type": "String"
			},
			"v_KV_StorageAccountSecretKey": {
				"type": "String"
			},
			"v_EDLQualificationField": {
				"type": "String"
			}
		},
		"folder": {
			"name": "INGEST/Ingestion_Entity"
		},
		"annotations": [],
		"lastPublishTime": "2022-05-12T01:39:45Z"
	}
}