{
	"name": "p_ingest_entity_parallel_stg_from_datalake",
	"properties": {
		"activities": [
			{
				"name": "If Data Loading From Root or Change Feed",
				"description": "If Data Loading From Root or Change Feed",
				"type": "IfCondition",
				"dependsOn": [],
				"userProperties": [],
				"typeProperties": {
					"expression": {
						"value": "@equals(pipeline().parameters.Param_Root_Flag, true)",
						"type": "Expression"
					},
					"ifFalseActivities": [
						{
							"name": "p_ingest_entity_parallel_stg_datalake_changefeed_FC",
							"type": "ExecutePipeline",
							"dependsOn": [],
							"userProperties": [],
							"typeProperties": {
								"pipeline": {
									"referenceName": "p_ingest_entity_parallel_stg_from_datalake_changefeed_FC",
									"type": "PipelineReference"
								},
								"waitOnCompletion": true,
								"parameters": {
									"Param_Entity": {
										"value": "@pipeline().parameters.Param_Entity",
										"type": "Expression"
									},
									"Param_ChangeFeed_Location": {
										"value": "@pipeline().parameters.Param_Change_Feed_Root_Location",
										"type": "Expression"
									},
									"Param_Schema": {
										"value": "@pipeline().parameters.Param_Schema",
										"type": "Expression"
									},
									"Param_Container_Name": {
										"value": "@pipeline().parameters.Param_Container_Name",
										"type": "Expression"
									},
									"Param_Master_Run_ID": {
										"value": "@pipeline().parameters.Param_Master_Run_ID",
										"type": "Expression"
									},
									"Param_Trigger_Name": {
										"value": "@pipeline().parameters.Param_Trigger_Name",
										"type": "Expression"
									},
									"Param_Data_Source": {
										"value": "@pipeline().parameters.Param_SourceType",
										"type": "Expression"
									},
									"Param_EDLQualificationField": {
										"value": "@pipeline().parameters.Param_EDL_QualificationField",
										"type": "Expression"
									},
									"Param_KV_StorageAccountURL": {
										"value": "@pipeline().parameters.Param_KV_StorageAccountURL",
										"type": "Expression"
									},
									"Param_KV_StorageAccountSecretKey": {
										"value": "@pipeline().parameters.Param_KV_StorageAccountSecretKey",
										"type": "Expression"
									},
									"Param_Data_Location": {
										"value": "@pipeline().parameters.Param_Data_Location",
										"type": "Expression"
									},
									"Param_First_Row": {
										"value": "@pipeline().parameters.Param_First_Row",
										"type": "Expression"
									}
								}
							}
						}
					],
					"ifTrueActivities": [
						{
							"name": "p_ingest_entity_parallel_stg_datalake_root_filecheck",
							"type": "ExecutePipeline",
							"dependsOn": [],
							"userProperties": [],
							"typeProperties": {
								"pipeline": {
									"referenceName": "p_ingest_entity_parallel_stg_from_datalake_root_FC",
									"type": "PipelineReference"
								},
								"waitOnCompletion": true,
								"parameters": {
									"Param_Entity": {
										"value": "@pipeline().parameters.Param_Entity",
										"type": "Expression"
									},
									"Param_Root_Location": {
										"value": "@pipeline().parameters.Param_Root_location",
										"type": "Expression"
									},
									"Param_Schema": {
										"value": "@pipeline().parameters.Param_Schema",
										"type": "Expression"
									},
									"Param_Container_Name": {
										"value": "@pipeline().parameters.Param_Container_Name",
										"type": "Expression"
									},
									"Param_Master_Run_ID": {
										"value": "@pipeline().parameters.Param_Master_Run_ID",
										"type": "Expression"
									},
									"Param_Trigger_Name": {
										"value": "@pipeline().parameters.Param_Trigger_Name",
										"type": "Expression"
									},
									"Param_KV_StorageAccountURL": {
										"value": "@pipeline().parameters.Param_KV_StorageAccountURL",
										"type": "Expression"
									},
									"Param_KV_StorageAccountSecretKey": {
										"value": "@pipeline().parameters.Param_KV_StorageAccountSecretKey",
										"type": "Expression"
									},
									"Param_EDLQualificationField": {
										"value": "@pipeline().parameters.Param_EDL_QualificationField",
										"type": "Expression"
									}
								}
							}
						}
					]
				}
			}
		],
		"parameters": {
			"Param_Root_Flag": {
				"type": "string"
			},
			"Param_Root_location": {
				"type": "string"
			},
			"Param_Schema": {
				"type": "string"
			},
			"Param_Entity": {
				"type": "string"
			},
			"Param_Master_Run_ID": {
				"type": "string"
			},
			"Param_Change_Feed_Root_Location": {
				"type": "string"
			},
			"Param_Trigger_Name": {
				"type": "string"
			},
			"Param_Container_Name": {
				"type": "string"
			},
			"Param_SourceType": {
				"type": "string",
				"defaultValue": "BlueYonder"
			},
			"Param_KV_StorageAccountURL": {
				"type": "string"
			},
			"Param_KV_StorageAccountSecretKey": {
				"type": "string"
			},
			"Param_EDL_QualificationField": {
				"type": "string"
			},
			"Param_Data_Location": {
				"type": "string"
			},
			"Param_First_Row": {
				"type": "string",
				"defaultValue": "1"
			}
		},
		"folder": {
			"name": "INGEST/Ingestion_Entity"
		},
		"annotations": []
	}
}