{
	"name": "p_ingest_entity_lake_database",
	"properties": {
		"activities": [
			{
				"name": "CreateETLLog",
				"type": "Lookup",
				"dependsOn": [],
				"policy": {
					"timeout": "7.00:00:00",
					"retry": 0,
					"retryIntervalInSeconds": 30,
					"secureOutput": false,
					"secureInput": false
				},
				"userProperties": [],
				"typeProperties": {
					"source": {
						"type": "SqlDWSource",
						"sqlReaderStoredProcedureName": "[ingestion].[usp_InsertLogEntity]",
						"storedProcedureParameters": {
							"ComputeType": {
								"type": "String",
								"value": "General purpose"
							},
							"CoreCount": {
								"type": "Int32",
								"value": "4"
							},
							"EndTime": {
								"type": "DateTime",
								"value": null
							},
							"Entity": {
								"type": "String",
								"value": {
									"value": "@pipeline().parameters.Param_Entity",
									"type": "Expression"
								}
							},
							"ErrorMessage": {
								"type": "String",
								"value": null
							},
							"MasterRunID": {
								"type": "String",
								"value": {
									"value": "@pipeline().parameters.Param_Master_Run_ID",
									"type": "Expression"
								}
							},
							"Parameters": {
								"type": "String",
								"value": null
							},
							"PipelineRunID": {
								"type": "String",
								"value": {
									"value": "@pipeline().RunId",
									"type": "Expression"
								}
							},
							"RowsEffected": {
								"type": "Int32",
								"value": null
							},
							"SQLEDLBuildScript": {
								"type": "String",
								"value": null
							},
							"SQLValidationScript": {
								"type": "String",
								"value": null
							},
							"StartTime": {
								"type": "DateTime",
								"value": {
									"value": "@utcnow()",
									"type": "Expression"
								}
							},
							"Status": {
								"type": "String",
								"value": "Started"
							},
							"TriggerName": {
								"type": "String",
								"value": "d365_tumbling_window_15min_trigger"
							},
							"SchemaName": {
								"type": "String",
								"value": {
									"value": "@pipeline().parameters.Param_Schema",
									"type": "Expression"
								}
							}
						},
						"queryTimeout": "02:00:00",
						"partitionOption": "None"
					},
					"dataset": {
						"referenceName": "ds_d365_Log",
						"type": "DatasetReference"
					}
				}
			},
			{
				"name": "UpdateETLLog_Root",
				"type": "SqlServerStoredProcedure",
				"dependsOn": [
					{
						"activity": "CreateETLLog",
						"dependencyConditions": [
							"Succeeded"
						]
					}
				],
				"policy": {
					"timeout": "7.00:00:00",
					"retry": 0,
					"retryIntervalInSeconds": 30,
					"secureOutput": false,
					"secureInput": false
				},
				"userProperties": [],
				"typeProperties": {
					"storedProcedureName": "[ingestion].[usp_UpdateLogEntity]",
					"storedProcedureParameters": {
						"EndTime": {
							"value": {
								"value": "@utcnow()",
								"type": "Expression"
							},
							"type": "DateTime"
						},
						"ErrorMessage": {
							"value": null,
							"type": "String"
						},
						"MasterRunID": {
							"value": {
								"value": "@pipeline().parameters.Param_Master_Run_ID",
								"type": "Expression"
							},
							"type": "String"
						},
						"PipelineRunID": {
							"value": {
								"value": "@pipeline().RunId",
								"type": "Expression"
							},
							"type": "String"
						},
						"RowsEffected": {
							"value": {
								"value": "0",
								"type": "Expression"
							},
							"type": "Int32"
						},
						"Status": {
							"value": "Completed",
							"type": "String"
						}
					}
				},
				"linkedServiceName": {
					"referenceName": "AzureSynapseAnalytics_EIM",
					"type": "LinkedServiceReference"
				}
			},
			{
				"name": "UpdateETLLog_OnError_Root",
				"type": "SqlServerStoredProcedure",
				"dependsOn": [
					{
						"activity": "CreateETLLog",
						"dependencyConditions": [
							"Failed"
						]
					}
				],
				"policy": {
					"timeout": "7.00:00:00",
					"retry": 0,
					"retryIntervalInSeconds": 30,
					"secureOutput": false,
					"secureInput": false
				},
				"userProperties": [],
				"typeProperties": {
					"storedProcedureName": "[ingestion].[usp_UpdateLogEntity]",
					"storedProcedureParameters": {
						"EndTime": {
							"value": {
								"value": "@utcnow()",
								"type": "Expression"
							},
							"type": "DateTime"
						},
						"ErrorMessage": {
							"value": {
								"value": "@pipeline().parameters.Param_Schema",
								"type": "Expression"
							},
							"type": "String"
						},
						"MasterRunID": {
							"value": {
								"value": "@pipeline().parameters.Param_Schema",
								"type": "Expression"
							},
							"type": "String"
						},
						"PipelineRunID": {
							"value": {
								"value": "@pipeline().RunId",
								"type": "Expression"
							},
							"type": "String"
						},
						"RowsEffected": {
							"value": null,
							"type": "Int32"
						},
						"Status": {
							"value": "Failed",
							"type": "String"
						}
					}
				},
				"linkedServiceName": {
					"referenceName": "AzureSynapseAnalytics_EIM",
					"type": "LinkedServiceReference"
				}
			}
		],
		"parameters": {
			"Param_Master_Run_ID": {
				"type": "string"
			},
			"Param_Schema": {
				"type": "string"
			},
			"Param_Entity": {
				"type": "string"
			},
			"Param_Sync_Schema": {
				"type": "string"
			},
			"Param_Sync_Entity": {
				"type": "string"
			}
		},
		"folder": {
			"name": "INGEST"
		},
		"annotations": [],
		"lastPublishTime": "2022-05-19T03:30:03Z"
	}
}