{
	"name": "p_ingest_entity_hyper",
	"properties": {
		"activities": [
			{
				"name": "LookupConfig",
				"description": "",
				"type": "Lookup",
				"dependsOn": [],
				"policy": {
					"timeout": "7.00:00:00",
					"retry": 0,
					"retryIntervalInSeconds": 30,
					"secureOutput": false,
					"secureInput": false
				},
				"userProperties": [],
				"typeProperties": {
					"source": {
						"type": "SqlDWSource",
						"sqlReaderStoredProcedureName": "[ingestion].[usp_SelectEntities]",
						"storedProcedureParameters": {
							"selectEntities": {
								"type": "String",
								"value": {
									"value": "@pipeline().parameters.entities",
									"type": "Expression"
								}
							},
							"triggerName": {
								"type": "String",
								"value": {
									"value": "@pipeline().parameters.trigger_name",
									"type": "Expression"
								}
							}
						},
						"queryTimeout": "02:00:00",
						"partitionOption": "None"
					},
					"dataset": {
						"referenceName": "ds_d365_ConfigurationTable",
						"type": "DatasetReference"
					},
					"firstRowOnly": false
				}
			},
			{
				"name": "ForEach Entity",
				"type": "ForEach",
				"dependsOn": [
					{
						"activity": "LookupConfig",
						"dependencyConditions": [
							"Succeeded"
						]
					}
				],
				"userProperties": [],
				"typeProperties": {
					"items": {
						"value": "@activity('LookupConfig').output.value",
						"type": "Expression"
					},
					"isSequential": false,
					"batchCount": 50,
					"activities": [
						{
							"name": "Execute Entity Ingest",
							"type": "ExecutePipeline",
							"dependsOn": [],
							"userProperties": [],
							"typeProperties": {
								"pipeline": {
									"referenceName": "p_ingest_entity_parallel",
									"type": "PipelineReference"
								},
								"waitOnCompletion": true,
								"parameters": {
									"Entity_Name": {
										"value": "@item().EntityName",
										"type": "Expression"
									},
									"Master_Run_ID": {
										"value": "@pipeline().parameters.master_run_id",
										"type": "Expression"
									},
									"Trigger_Name": {
										"value": "@pipeline().parameters.trigger_name",
										"type": "Expression"
									}
								}
							}
						},
						{
							"name": "Delete Log",
							"type": "SqlServerStoredProcedure",
							"dependsOn": [
								{
									"activity": "Execute Entity Ingest",
									"dependencyConditions": [
										"Succeeded"
									]
								}
							],
							"policy": {
								"timeout": "7.00:00:00",
								"retry": 0,
								"retryIntervalInSeconds": 30,
								"secureOutput": false,
								"secureInput": false
							},
							"userProperties": [],
							"typeProperties": {
								"storedProcedureName": "[ingestion].[usp_DeleteLogOfEntities]",
								"storedProcedureParameters": {
									"entity": {
										"value": {
											"value": "@item().EntityName",
											"type": "Expression"
										},
										"type": "String"
									},
									"pipeline_run_id": {
										"value": {
											"value": "@pipeline().parameters.master_run_id",
											"type": "Expression"
										},
										"type": "String"
									},
									"trigger_name": {
										"value": {
											"value": "@pipeline().parameters.trigger_name",
											"type": "Expression"
										},
										"type": "String"
									}
								}
							},
							"linkedServiceName": {
								"referenceName": "AzureSynapseAnalytics_EIM",
								"type": "LinkedServiceReference"
							}
						}
					]
				}
			},
			{
				"name": "Update Main Log on Error",
				"type": "SqlServerStoredProcedure",
				"dependsOn": [
					{
						"activity": "ForEach Entity",
						"dependencyConditions": [
							"Failed"
						]
					}
				],
				"policy": {
					"timeout": "7.00:00:00",
					"retry": 0,
					"retryIntervalInSeconds": 30,
					"secureOutput": false,
					"secureInput": false
				},
				"userProperties": [],
				"typeProperties": {
					"storedProcedureName": "[ingestion].[usp_UpdateLogMain]",
					"storedProcedureParameters": {
						"EndTime": {
							"value": {
								"value": "@convertFromUtc(utcNow(),'AUS Eastern Standard Time')",
								"type": "Expression"
							},
							"type": "DateTime"
						},
						"ErrorMessage": {
							"value": "Error in Pipeline",
							"type": "String"
						},
						"MasterRunID": {
							"value": {
								"value": "@pipeline().parameters.master_run_id",
								"type": "Expression"
							},
							"type": "String"
						},
						"Status": {
							"value": "Failed",
							"type": "String"
						}
					}
				},
				"linkedServiceName": {
					"referenceName": "AzureSynapseAnalytics_EIM",
					"type": "LinkedServiceReference"
				}
			}
		],
		"parameters": {
			"entities": {
				"type": "string",
				"defaultValue": "CustTable"
			},
			"trigger_name": {
				"type": "string"
			},
			"load_type": {
				"type": "string",
				"defaultValue": "incremental"
			},
			"full_reload_required_flag": {
				"type": "bool",
				"defaultValue": false
			},
			"master_run_id": {
				"type": "string"
			},
			"force_build": {
				"type": "bool",
				"defaultValue": false
			}
		},
		"folder": {
			"name": "INGEST/Ingestion_Entity"
		},
		"annotations": [],
		"lastPublishTime": "2022-05-12T01:39:45Z"
	}
}