{
	"name": "p_ingest_ref_and_model_hyper",
	"properties": {
		"activities": [
			{
				"name": "Get list of silos",
				"type": "Lookup",
				"dependsOn": [
					{
						"activity": "Do all silos need to be executed",
						"dependencyConditions": [
							"Succeeded"
						]
					}
				],
				"policy": {
					"timeout": "7.00:00:00",
					"retry": 0,
					"retryIntervalInSeconds": 30,
					"secureOutput": false,
					"secureInput": false
				},
				"userProperties": [],
				"typeProperties": {
					"source": {
						"type": "SqlDWSource",
						"sqlReaderQuery": {
							"value": "@variables('sSQL')",
							"type": "Expression"
						},
						"queryTimeout": "00:05:00",
						"partitionOption": "None"
					},
					"dataset": {
						"referenceName": "ds_Model_Silo",
						"type": "DatasetReference"
					},
					"firstRowOnly": false
				}
			},
			{
				"name": "Loop through silos",
				"type": "ForEach",
				"dependsOn": [
					{
						"activity": "Get list of silos",
						"dependencyConditions": [
							"Succeeded"
						]
					}
				],
				"userProperties": [],
				"typeProperties": {
					"items": {
						"value": "@activity('Get list of silos').output.value",
						"type": "Expression"
					},
					"isSequential": true,
					"activities": [
						{
							"name": "Get SPs in the silo",
							"type": "Lookup",
							"dependsOn": [
								{
									"activity": "Set sSQL",
									"dependencyConditions": [
										"Succeeded"
									]
								}
							],
							"policy": {
								"timeout": "7.00:00:00",
								"retry": 0,
								"retryIntervalInSeconds": 30,
								"secureOutput": false,
								"secureInput": false
							},
							"userProperties": [],
							"typeProperties": {
								"source": {
									"type": "SqlDWSource",
									"sqlReaderQuery": {
										"value": "@variables('sSQL')",
										"type": "Expression"
									},
									"queryTimeout": "02:00:00",
									"partitionOption": "None"
								},
								"dataset": {
									"referenceName": "ds_log",
									"type": "DatasetReference"
								},
								"firstRowOnly": false
							}
						},
						{
							"name": "Set sSQL",
							"type": "SetVariable",
							"dependsOn": [],
							"userProperties": [],
							"typeProperties": {
								"variableName": "sSQL",
								"value": {
									"value": "@concat('Exec ingestion.usp_GetModelSPList ',\n'@TriggerName = ',\n'''',\npipeline().parameters.trigger_name,\n'''',\n', @Silo = ',\nitem().Silo ,\n',@model_sp_list = ',\n'''',\npipeline().parameters.model_sp_List,\n''''\n)",
									"type": "Expression"
								}
							}
						},
						{
							"name": "Execute p_ingest_ref_and_model_hyper_pipeline",
							"description": "",
							"type": "ExecutePipeline",
							"dependsOn": [
								{
									"activity": "Get SPs in the silo",
									"dependencyConditions": [
										"Succeeded"
									]
								}
							],
							"userProperties": [],
							"typeProperties": {
								"pipeline": {
									"referenceName": "p_ingest_ref_and_model_parallel",
									"type": "PipelineReference"
								},
								"waitOnCompletion": true,
								"parameters": {
									"master_run_id": {
										"value": "@pipeline().parameters.master_pipeline_runid",
										"type": "Expression"
									},
									"trigger_name": {
										"value": "@pipeline().parameters.trigger_name",
										"type": "Expression"
									},
									"silo": {
										"value": "@item().Silo",
										"type": "Expression"
									},
									"sp_list": {
										"value": "@activity('Get SPs in the silo').output.value",
										"type": "Expression"
									},
									"full_reload": {
										"value": "@pipeline().parameters.full_reload",
										"type": "Expression"
									}
								}
							}
						}
					]
				}
			},
			{
				"name": "Do all silos need to be executed",
				"type": "IfCondition",
				"dependsOn": [],
				"userProperties": [],
				"typeProperties": {
					"expression": {
						"value": "@equals(pipeline().parameters.silo, 'All')",
						"type": "Expression"
					},
					"ifFalseActivities": [
						{
							"name": "Build Silo extraction script_copy1",
							"description": "",
							"type": "SetVariable",
							"dependsOn": [],
							"userProperties": [],
							"typeProperties": {
								"variableName": "sSQL",
								"value": {
									"value": "@concat(\n'Select Distinct Silo \nFrom ingestion.ConfigurationModel\nWhere silo >=',pipeline().parameters.silo,\n' Order by Silo asc'\n)",
									"type": "Expression"
								}
							}
						}
					],
					"ifTrueActivities": [
						{
							"name": "Build Silo extraction script",
							"type": "SetVariable",
							"dependsOn": [],
							"userProperties": [],
							"typeProperties": {
								"variableName": "sSQL",
								"value": "Select Distinct Silo \nFrom ingestion.ConfigurationModel\nOrder by Silo asc"
							}
						}
					]
				}
			}
		],
		"parameters": {
			"trigger_name": {
				"type": "string"
			},
			"master_pipeline_runid": {
				"type": "string",
				"defaultValue": " Z4cadad49-50f7-410b-b32f-a7adedbdea54"
			},
			"silo": {
				"type": "string",
				"defaultValue": "All"
			},
			"full_reload": {
				"type": "string",
				"defaultValue": "Y"
			},
			"model_sp_List": {
				"type": "string",
				"defaultValue": "SP_Populate_Sku_Daily_projections_fact"
			}
		},
		"variables": {
			"sSQL": {
				"type": "String"
			},
			"ErrorMessage": {
				"type": "String"
			}
		},
		"folder": {
			"name": "INGEST/Ref_and_Model"
		},
		"annotations": []
	}
}