{
	"name": "p_ingest_entity_parallel_stg_then_edl",
	"properties": {
		"activities": [
			{
				"name": "If Source equals target",
				"type": "IfCondition",
				"dependsOn": [
					{
						"activity": "Move to EDL when STG is NOT empty",
						"dependencyConditions": [
							"Succeeded"
						]
					}
				],
				"userProperties": [],
				"typeProperties": {
					"expression": {
						"value": "@equals(variables('v_source_record_count'),variables('v_target_record_count'))",
						"type": "Expression"
					},
					"ifFalseActivities": [
						{
							"name": "SendEmail",
							"type": "ExecutePipeline",
							"dependsOn": [
								{
									"activity": "Set recon failure message",
									"dependencyConditions": [
										"Succeeded"
									]
								}
							],
							"userProperties": [],
							"typeProperties": {
								"pipeline": {
									"referenceName": "send-email",
									"type": "PipelineReference"
								},
								"waitOnCompletion": true,
								"parameters": {
									"email": {
										"value": "@pipeline().globalParameters.supportEmail",
										"type": "Expression"
									},
									"subject": {
										"value": "@variables('v_email_recon_failure_subject')",
										"type": "Expression"
									},
									"body": {
										"value": "@variables('v_email_recon_failure_message')",
										"type": "Expression"
									},
									"importance": "1"
								}
							}
						},
						{
							"name": "Set recon failure message",
							"type": "SetVariable",
							"dependsOn": [],
							"userProperties": [],
							"typeProperties": {
								"variableName": "v_email_recon_failure_message",
								"value": {
									"value": "@concat(\n'Reconciliation failed for entity: ',\npipeline().parameters.p_Entity,\n',   EDL table: ',\npipeline().parameters.p_edl_schema,\n'.',\npipeline().parameters.p_edl_table,\n' Records: ',\nvariables('v_target_record_count'),\n',  Source Full Extract ',\npipeline().parameters.p_Entity,\n' Records: ',\nvariables('v_source_record_count')\n)",
									"type": "Expression"
								}
							}
						}
					]
				}
			},
			{
				"name": "Move to EDL when STG is NOT empty",
				"type": "IfCondition",
				"dependsOn": [
					{
						"activity": "Case SourceType STG",
						"dependencyConditions": [
							"Succeeded"
						]
					}
				],
				"userProperties": [],
				"typeProperties": {
					"expression": {
						"value": "@greater(int(variables('v_source_record_count')), 0)",
						"type": "Expression"
					},
					"ifFalseActivities": [
						{
							"name": "Set Target Count 0",
							"type": "SetVariable",
							"dependsOn": [],
							"userProperties": [],
							"typeProperties": {
								"variableName": "v_target_record_count",
								"value": "0"
							}
						}
					],
					"ifTrueActivities": [
						{
							"name": "Move Data_from_STG_to_EDL",
							"type": "ExecutePipeline",
							"dependsOn": [
								{
									"activity": "Build statistics for STG",
									"dependencyConditions": [
										"Succeeded"
									]
								}
							],
							"userProperties": [],
							"typeProperties": {
								"pipeline": {
									"referenceName": "p_ingest_entity_parallel_stg_to_edl",
									"type": "PipelineReference"
								},
								"waitOnCompletion": true,
								"parameters": {
									"source_system_valid_from": {
										"value": "@pipeline().parameters.p_source_system_valid_from",
										"type": "Expression"
									},
									"primary_key_list": {
										"value": "@pipeline().parameters.p_primary_key_list",
										"type": "Expression"
									},
									"full_reload_required_flag": {
										"value": "@pipeline().parameters.p_full_reload_required_flag",
										"type": "Expression"
									},
									"edl_schema": {
										"value": "@pipeline().parameters.p_edl_schema",
										"type": "Expression"
									},
									"edl_table_name": {
										"value": "@pipeline().parameters.p_edl_table",
										"type": "Expression"
									},
									"staging_schema": {
										"value": "@pipeline().parameters.p_target_staging_schema",
										"type": "Expression"
									},
									"staging_table_name": {
										"value": "@pipeline().parameters.p_target_staging_table",
										"type": "Expression"
									},
									"Param_Master_Run_ID": {
										"value": "@pipeline().parameters.p_Master_Run_ID",
										"type": "Expression"
									},
									"Param_Entity": {
										"value": "@pipeline().parameters.p_Entity",
										"type": "Expression"
									},
									"Param_Trigger_Name": {
										"value": "@pipeline().parameters.p_Trigger_Name",
										"type": "Expression"
									},
									"is_root_flag": {
										"value": "@pipeline().parameters.p_root_flag",
										"type": "Expression"
									},
									"scd_type": {
										"value": "@pipeline().parameters.p_scd_type",
										"type": "Expression"
									}
								}
							}
						},
						{
							"name": "Get EDL_record_count",
							"type": "Lookup",
							"dependsOn": [
								{
									"activity": "Move Data_from_STG_to_EDL",
									"dependencyConditions": [
										"Succeeded"
									]
								}
							],
							"policy": {
								"timeout": "7.00:00:00",
								"retry": 0,
								"retryIntervalInSeconds": 30,
								"secureOutput": false,
								"secureInput": false
							},
							"userProperties": [],
							"typeProperties": {
								"source": {
									"type": "SqlDWSource",
									"sqlReaderStoredProcedureName": "[ingestion].[usp_GetEDLTableRecordCount]",
									"storedProcedureParameters": {
										"SourceStagingTable": {
											"type": "String",
											"value": {
												"value": "@pipeline().parameters.p_edl_table",
												"type": "Expression"
											}
										},
										"SourceStagingSchema": {
											"type": "String",
											"value": {
												"value": "@pipeline().parameters.p_edl_schema",
												"type": "Expression"
											}
										}
									},
									"queryTimeout": "02:00:00",
									"partitionOption": "None"
								},
								"dataset": {
									"referenceName": "ds_d365_RecordsEffected",
									"type": "DatasetReference"
								}
							}
						},
						{
							"name": "Set target_record_count",
							"type": "SetVariable",
							"dependsOn": [
								{
									"activity": "Get EDL_record_count",
									"dependencyConditions": [
										"Succeeded"
									]
								}
							],
							"userProperties": [],
							"typeProperties": {
								"variableName": "v_target_record_count",
								"value": {
									"value": "@activity('Get EDL_record_count').output.firstrow.ReocrdsEffected",
									"type": "Expression"
								}
							}
						},
						{
							"name": "Build statistics for EDL",
							"type": "ExecutePipeline",
							"dependsOn": [
								{
									"activity": "Move Data_from_STG_to_EDL",
									"dependencyConditions": [
										"Succeeded"
									]
								}
							],
							"userProperties": [],
							"typeProperties": {
								"pipeline": {
									"referenceName": "p_Build_statistics",
									"type": "PipelineReference"
								},
								"waitOnCompletion": true,
								"parameters": {
									"trigger_name": {
										"value": "@pipeline().parameters.p_Trigger_Name",
										"type": "Expression"
									},
									"master_pipeline_run_id": {
										"value": "@pipeline().parameters.p_Master_Run_ID",
										"type": "Expression"
									},
									"pipeline_run_id": {
										"value": "@pipeline().RunId",
										"type": "Expression"
									},
									"schema": {
										"value": "@pipeline().parameters.p_edl_schema",
										"type": "Expression"
									},
									"table": {
										"value": "@pipeline().parameters.p_edl_table",
										"type": "Expression"
									},
									"force_build": false
								}
							}
						},
						{
							"name": "Build statistics for STG",
							"type": "ExecutePipeline",
							"dependsOn": [],
							"userProperties": [],
							"typeProperties": {
								"pipeline": {
									"referenceName": "p_Build_statistics",
									"type": "PipelineReference"
								},
								"waitOnCompletion": true,
								"parameters": {
									"trigger_name": {
										"value": "@pipeline().parameters.p_Trigger_Name",
										"type": "Expression"
									},
									"master_pipeline_run_id": {
										"value": "@pipeline().parameters.p_Master_Run_ID",
										"type": "Expression"
									},
									"pipeline_run_id": {
										"value": "@pipeline().RunId",
										"type": "Expression"
									},
									"schema": {
										"value": "@pipeline().parameters.p_target_staging_schema",
										"type": "Expression"
									},
									"table": {
										"value": "@pipeline().parameters.p_target_staging_table",
										"type": "Expression"
									},
									"force_build": true
								}
							}
						}
					]
				}
			},
			{
				"name": "Case SourceType STG",
				"type": "Switch",
				"dependsOn": [
					{
						"activity": "Move file to Processing",
						"dependencyConditions": [
							"Succeeded"
						]
					}
				],
				"userProperties": [],
				"typeProperties": {
					"on": {
						"value": "@pipeline().parameters.p_data_source",
						"type": "Expression"
					},
					"cases": [
						{
							"value": "BlueYonder",
							"activities": [
								{
									"name": "Execute Pipeline to Load Data From Datalake_copy2",
									"type": "ExecutePipeline",
									"dependsOn": [],
									"userProperties": [],
									"typeProperties": {
										"pipeline": {
											"referenceName": "p_ingest_entity_parallel_stg_from_blueyonder",
											"type": "PipelineReference"
										},
										"waitOnCompletion": true,
										"parameters": {
											"Param_Entity": {
												"value": "@pipeline().parameters.p_Entity",
												"type": "Expression"
											},
											"Param_ChangeFeed_Location": {
												"value": "@pipeline().parameters.p_change_feed_root",
												"type": "Expression"
											},
											"Param_Schema": {
												"value": "@pipeline().parameters.p_source_system",
												"type": "Expression"
											},
											"Param_Container_Name": {
												"value": "@pipeline().parameters.p_containername",
												"type": "Expression"
											},
											"Param_Master_Run_ID": {
												"value": "@pipeline().parameters.p_Master_Run_ID",
												"type": "Expression"
											},
											"Param_Trigger_Name": {
												"value": "@pipeline().parameters.p_Trigger_Name",
												"type": "Expression"
											},
											"Param_EDLSchema": {
												"value": "@pipeline().parameters.p_edl_schema",
												"type": "Expression"
											},
											"Param_EDLEntity": {
												"value": "@pipeline().parameters.p_edl_table",
												"type": "Expression"
											},
											"Param_AccountName": {
												"value": "@pipeline().parameters.p_KV_StorageAccountURL",
												"type": "Expression"
											},
											"Param_SecretKey": {
												"value": "@pipeline().parameters.p_KV_StorageAccountSecretKey",
												"type": "Expression"
											}
										}
									}
								},
								{
									"name": "v_source_record_count",
									"description": "Hard coded =1",
									"type": "SetVariable",
									"dependsOn": [
										{
											"activity": "Execute Pipeline to Load Data From Datalake_copy2",
											"dependencyConditions": [
												"Succeeded"
											]
										}
									],
									"userProperties": [],
									"typeProperties": {
										"variableName": "v_source_record_count",
										"value": "1"
									}
								}
							]
						},
						{
							"value": "DATA_LAKE",
							"activities": [
								{
									"name": "Get record count from DL Root folder",
									"type": "Lookup",
									"dependsOn": [
										{
											"activity": "Set v_root_file_url",
											"dependencyConditions": [
												"Succeeded"
											]
										}
									],
									"policy": {
										"timeout": "7.00:00:00",
										"retry": 0,
										"retryIntervalInSeconds": 30,
										"secureOutput": false,
										"secureInput": false
									},
									"userProperties": [],
									"typeProperties": {
										"source": {
											"type": "AzureSqlSource",
											"sqlReaderStoredProcedureName": "[ingestion].[usp_GetDLD365FileRowCount]",
											"storedProcedureParameters": {
												"fileURL": {
													"type": "String",
													"value": {
														"value": "@variables('v_root_file_url')",
														"type": "Expression"
													}
												}
											},
											"queryTimeout": "02:00:00",
											"partitionOption": "None"
										},
										"dataset": {
											"referenceName": "ds_d365_RecordsEffected_Serveless",
											"type": "DatasetReference"
										}
									}
								},
								{
									"name": "Set source_record_count",
									"type": "SetVariable",
									"dependsOn": [
										{
											"activity": "Get record count from DL Root folder",
											"dependencyConditions": [
												"Succeeded"
											]
										}
									],
									"userProperties": [],
									"typeProperties": {
										"variableName": "v_source_record_count",
										"value": {
											"value": "@activity('Get record count from DL Root folder').output.firstrow.RecordsEffected",
											"type": "Expression"
										}
									}
								},
								{
									"name": "p_ingest_entity_parallel_stg_from_datalake",
									"type": "ExecutePipeline",
									"dependsOn": [
										{
											"activity": "Set Data Location for DL",
											"dependencyConditions": [
												"Succeeded"
											]
										}
									],
									"userProperties": [],
									"typeProperties": {
										"pipeline": {
											"referenceName": "p_ingest_entity_parallel_stg_from_datalake",
											"type": "PipelineReference"
										},
										"waitOnCompletion": true,
										"parameters": {
											"Param_Root_Flag": {
												"value": "@pipeline().parameters.p_root_flag",
												"type": "Expression"
											},
											"Param_Root_location": {
												"value": "@pipeline().parameters.p_root",
												"type": "Expression"
											},
											"Param_Schema": {
												"value": "@pipeline().parameters.p_source_system",
												"type": "Expression"
											},
											"Param_Entity": {
												"value": "@pipeline().parameters.p_Entity",
												"type": "Expression"
											},
											"Param_Master_Run_ID": {
												"value": "@pipeline().parameters.p_Master_Run_ID",
												"type": "Expression"
											},
											"Param_Change_Feed_Root_Location": {
												"value": "@pipeline().parameters.p_change_feed_root",
												"type": "Expression"
											},
											"Param_Trigger_Name": {
												"value": "@pipeline().parameters.p_Trigger_Name",
												"type": "Expression"
											},
											"Param_Container_Name": {
												"value": "@pipeline().parameters.p_containername",
												"type": "Expression"
											},
											"Param_SourceType": {
												"value": "@pipeline().parameters.p_data_source",
												"type": "Expression"
											},
											"Param_KV_StorageAccountURL": {
												"value": "@pipeline().parameters.p_KV_StorageAccountURL",
												"type": "Expression"
											},
											"Param_KV_StorageAccountSecretKey": {
												"value": "@pipeline().parameters.p_KV_StorageAccountSecretKey",
												"type": "Expression"
											},
											"Param_EDL_QualificationField": {
												"value": "@pipeline().parameters.p_EDLQualificationField",
												"type": "Expression"
											},
											"Param_Data_Location": {
												"value": "@variables('v_data_file_location')",
												"type": "Expression"
											},
											"Param_First_Row": "1"
										}
									}
								},
								{
									"name": "Set v_root_file_url",
									"type": "SetVariable",
									"dependsOn": [],
									"userProperties": [],
									"typeProperties": {
										"variableName": "v_root_file_url",
										"value": {
											"value": "@concat('/',\npipeline().parameters.p_root,\n'/',\npipeline().parameters.p_Entity,\n'/*.csv')",
											"type": "Expression"
										}
									}
								},
								{
									"name": "Set Data Location for DL",
									"type": "SetVariable",
									"dependsOn": [],
									"userProperties": [],
									"typeProperties": {
										"variableName": "v_data_file_location",
										"value": {
											"value": "@concat(\npipeline().parameters.p_change_feed_root,\n'/',\npipeline().parameters.p_Entity\n)",
											"type": "Expression"
										}
									}
								}
							]
						},
						{
							"value": "DATA_VERSE",
							"activities": [
								{
									"name": "p_ingest_entity_parallel_stg_from_datalake_copy1",
									"type": "ExecutePipeline",
									"dependsOn": [
										{
											"activity": "sp_drop_extra_columns",
											"dependencyConditions": [
												"Succeeded"
											]
										}
									],
									"userProperties": [],
									"typeProperties": {
										"pipeline": {
											"referenceName": "p_ingest_entity_parallel_stg_from_datalake",
											"type": "PipelineReference"
										},
										"waitOnCompletion": true,
										"parameters": {
											"Param_Root_Flag": {
												"value": "@pipeline().parameters.p_root_flag",
												"type": "Expression"
											},
											"Param_Root_location": {
												"value": "@pipeline().parameters.p_root",
												"type": "Expression"
											},
											"Param_Schema": {
												"value": "@pipeline().parameters.p_source_system",
												"type": "Expression"
											},
											"Param_Entity": {
												"value": "@pipeline().parameters.p_Entity",
												"type": "Expression"
											},
											"Param_Master_Run_ID": {
												"value": "@pipeline().parameters.p_Master_Run_ID",
												"type": "Expression"
											},
											"Param_Change_Feed_Root_Location": {
												"value": "@pipeline().parameters.p_change_feed_root",
												"type": "Expression"
											},
											"Param_Trigger_Name": {
												"value": "@pipeline().parameters.p_Trigger_Name",
												"type": "Expression"
											},
											"Param_Container_Name": {
												"value": "@pipeline().parameters.p_containername",
												"type": "Expression"
											},
											"Param_SourceType": {
												"value": "@pipeline().parameters.p_data_source",
												"type": "Expression"
											},
											"Param_KV_StorageAccountURL": {
												"value": "@pipeline().parameters.p_KV_StorageAccountURL",
												"type": "Expression"
											},
											"Param_KV_StorageAccountSecretKey": {
												"value": "@pipeline().parameters.p_KV_StorageAccountSecretKey",
												"type": "Expression"
											},
											"Param_EDL_QualificationField": {
												"value": "@pipeline().parameters.p_EDLQualificationField",
												"type": "Expression"
											},
											"Param_Data_Location": {
												"value": "@variables('v_data_file_location')",
												"type": "Expression"
											},
											"Param_First_Row": "1"
										}
									}
								},
								{
									"name": "Set Data File Location",
									"type": "SetVariable",
									"dependsOn": [],
									"userProperties": [],
									"typeProperties": {
										"variableName": "v_data_file_location",
										"value": {
											"value": "@pipeline().parameters.p_change_feed_root",
											"type": "Expression"
										}
									}
								},
								{
									"name": "sp_drop_extra_columns",
									"type": "SqlServerStoredProcedure",
									"dependsOn": [
										{
											"activity": "Set Data File Location",
											"dependencyConditions": [
												"Succeeded"
											]
										}
									],
									"policy": {
										"timeout": "0.12:00:00",
										"retry": 0,
										"retryIntervalInSeconds": 30,
										"secureOutput": false,
										"secureInput": false
									},
									"userProperties": [],
									"typeProperties": {
										"storedProcedureName": "[ingestion].[usp_BYStagingPrepare]",
										"storedProcedureParameters": {
											"SourceStagingSchema": {
												"value": {
													"value": "@pipeline().parameters.p_target_staging_schema",
													"type": "Expression"
												},
												"type": "String"
											},
											"SourceStagingTable": {
												"value": {
													"value": "@pipeline().parameters.p_target_staging_table",
													"type": "Expression"
												},
												"type": "String"
											}
										}
									},
									"linkedServiceName": {
										"referenceName": "AzureSynapseAnalytics_EIM",
										"type": "LinkedServiceReference"
									}
								},
								{
									"name": "SP_populate_modifieddate",
									"description": "SP_populate_modifieddate",
									"type": "SqlServerStoredProcedure",
									"dependsOn": [
										{
											"activity": "p_ingest_entity_parallel_stg_from_datalake_copy1",
											"dependencyConditions": [
												"Succeeded"
											]
										}
									],
									"policy": {
										"timeout": "0.12:00:00",
										"retry": 0,
										"retryIntervalInSeconds": 30,
										"secureOutput": false,
										"secureInput": false
									},
									"userProperties": [],
									"typeProperties": {
										"storedProcedureName": "[ingestion].[usp_GenericStaging]",
										"storedProcedureParameters": {
											"SourceEDLSchema": {
												"value": {
													"value": "@pipeline().parameters.p_edl_schema",
													"type": "Expression"
												},
												"type": "String"
											},
											"SourceEDLTable": {
												"value": {
													"value": "@pipeline().parameters.p_edl_table",
													"type": "Expression"
												},
												"type": "String"
											},
											"SourceStagingSchema": {
												"value": {
													"value": "@pipeline().parameters.p_target_staging_schema",
													"type": "Expression"
												},
												"type": "String"
											},
											"SourceStagingTable": {
												"value": {
													"value": "@pipeline().parameters.p_target_staging_table",
													"type": "Expression"
												},
												"type": "String"
											},
											"EDLQualificationField": {
												"value": {
													"value": "@pipeline().parameters.p_EDLQualificationField",
													"type": "Expression"
												},
												"type": "String"
											}
										}
									},
									"linkedServiceName": {
										"referenceName": "AzureSynapseAnalytics_EIM",
										"type": "LinkedServiceReference"
									}
								},
								{
									"name": "v_source_record_count_copy",
									"description": "Hard coded =1",
									"type": "SetVariable",
									"dependsOn": [
										{
											"activity": "SP_populate_modifieddate",
											"dependencyConditions": [
												"Succeeded"
											]
										}
									],
									"userProperties": [],
									"typeProperties": {
										"variableName": "v_source_record_count",
										"value": "1"
									}
								}
							]
						},
						{
							"value": "SundryExternalSystems",
							"activities": [
								{
									"name": "Execute Pipeline to Load Data From Datalake_copy2_copy1",
									"type": "ExecutePipeline",
									"dependsOn": [],
									"userProperties": [],
									"typeProperties": {
										"pipeline": {
											"referenceName": "p_ingest_entity_parallel_stg_from_blueyonder",
											"type": "PipelineReference"
										},
										"waitOnCompletion": true,
										"parameters": {
											"Param_Entity": {
												"value": "@pipeline().parameters.p_Entity",
												"type": "Expression"
											},
											"Param_ChangeFeed_Location": {
												"value": "@pipeline().parameters.p_change_feed_root",
												"type": "Expression"
											},
											"Param_Schema": {
												"value": "@pipeline().parameters.p_source_system",
												"type": "Expression"
											},
											"Param_Container_Name": {
												"value": "@pipeline().parameters.p_containername",
												"type": "Expression"
											},
											"Param_Master_Run_ID": {
												"value": "@pipeline().parameters.p_Master_Run_ID",
												"type": "Expression"
											},
											"Param_Trigger_Name": {
												"value": "@pipeline().parameters.p_Trigger_Name",
												"type": "Expression"
											},
											"Param_EDLSchema": {
												"value": "@pipeline().parameters.p_edl_schema",
												"type": "Expression"
											},
											"Param_EDLEntity": {
												"value": "@pipeline().parameters.p_edl_table",
												"type": "Expression"
											},
											"Param_AccountName": {
												"value": "@pipeline().parameters.p_KV_StorageAccountURL",
												"type": "Expression"
											},
											"Param_SecretKey": {
												"value": "@pipeline().parameters.p_KV_StorageAccountSecretKey",
												"type": "Expression"
											}
										}
									}
								},
								{
									"name": "v_source_record_count_copy1",
									"description": "Hard coded =1",
									"type": "SetVariable",
									"dependsOn": [
										{
											"activity": "Execute Pipeline to Load Data From Datalake_copy2_copy1",
											"dependencyConditions": [
												"Succeeded"
											]
										}
									],
									"userProperties": [],
									"typeProperties": {
										"variableName": "v_source_record_count",
										"value": "1"
									}
								}
							]
						}
					],
					"defaultActivities": [
						{
							"name": "Wait1",
							"description": "Added to allow compilation",
							"type": "Wait",
							"dependsOn": [],
							"userProperties": [],
							"typeProperties": {
								"waitTimeInSeconds": 1
							}
						}
					]
				}
			},
			{
				"name": "Move file to Processing",
				"type": "IfCondition",
				"dependsOn": [],
				"userProperties": [],
				"typeProperties": {
					"expression": {
						"value": "@equals(pipeline().parameters.p_Move_To_Processing, true)",
						"type": "Expression"
					},
					"ifTrueActivities": [
						{
							"name": "Move files to processing",
							"type": "ExecutePipeline",
							"dependsOn": [],
							"userProperties": [],
							"typeProperties": {
								"pipeline": {
									"referenceName": "p_Move_Files",
									"type": "PipelineReference"
								},
								"waitOnCompletion": true,
								"parameters": {
									"SourceStore_Location": {
										"value": "@pipeline().parameters.p_containername",
										"type": "Expression"
									},
									"SourceStore_Directory": {
										"value": "@pipeline().parameters.p_Source_Directory",
										"type": "Expression"
									},
									"DestinationStore_Location": {
										"value": "@pipeline().parameters.p_containername",
										"type": "Expression"
									},
									"DestinationStore_Directory": {
										"value": "@pipeline().parameters.p_Processing_Directory",
										"type": "Expression"
									},
									"AccountName": {
										"value": "@pipeline().parameters.p_KV_StorageAccountURL",
										"type": "Expression"
									},
									"SecretKey": {
										"value": "@pipeline().parameters.p_KV_StorageAccountSecretKey",
										"type": "Expression"
									}
								}
							}
						}
					]
				}
			},
			{
				"name": "Move file to Archive",
				"type": "IfCondition",
				"dependsOn": [
					{
						"activity": "Case SourceType STG",
						"dependencyConditions": [
							"Succeeded"
						]
					}
				],
				"userProperties": [],
				"typeProperties": {
					"expression": {
						"value": "@equals(pipeline().parameters.p_Move_To_Archive, true)",
						"type": "Expression"
					},
					"ifTrueActivities": [
						{
							"name": "Move files to archive",
							"type": "ExecutePipeline",
							"dependsOn": [],
							"userProperties": [],
							"typeProperties": {
								"pipeline": {
									"referenceName": "p_Move_Files",
									"type": "PipelineReference"
								},
								"waitOnCompletion": true,
								"parameters": {
									"SourceStore_Location": {
										"value": "@pipeline().parameters.p_containername",
										"type": "Expression"
									},
									"SourceStore_Directory": {
										"value": "@pipeline().parameters.p_Processing_Directory",
										"type": "Expression"
									},
									"DestinationStore_Location": {
										"value": "@pipeline().parameters.p_containername",
										"type": "Expression"
									},
									"DestinationStore_Directory": {
										"value": "@pipeline().parameters.p_Archive_Directory",
										"type": "Expression"
									},
									"AccountName": {
										"value": "@pipeline().parameters.p_KV_StorageAccountURL",
										"type": "Expression"
									},
									"SecretKey": {
										"value": "@pipeline().parameters.p_KV_StorageAccountSecretKey",
										"type": "Expression"
									}
								}
							}
						}
					]
				}
			}
		],
		"parameters": {
			"p_manifest": {
				"type": "string"
			},
			"p_root": {
				"type": "string"
			},
			"p_root_flag": {
				"type": "bool"
			},
			"p_change_feed_root": {
				"type": "string"
			},
			"p_change_feed_manifest": {
				"type": "string"
			},
			"p_source_system": {
				"type": "string"
			},
			"p_source_lake_schema": {
				"type": "string"
			},
			"p_source_lake_table": {
				"type": "string"
			},
			"p_source_lake_database": {
				"type": "string"
			},
			"p_target_staging_schema": {
				"type": "string"
			},
			"p_target_staging_table": {
				"type": "string"
			},
			"p_data_source": {
				"type": "string"
			},
			"p_edl_schema": {
				"type": "string"
			},
			"p_edl_table": {
				"type": "string"
			},
			"p_source_system_valid_from": {
				"type": "string"
			},
			"p_primary_key_list": {
				"type": "array"
			},
			"p_containername": {
				"type": "string"
			},
			"p_scd_type": {
				"type": "string"
			},
			"p_Move_To_Processing": {
				"type": "bool"
			},
			"p_Move_To_Archive": {
				"type": "bool"
			},
			"p_Source_Directory": {
				"type": "string"
			},
			"p_Processing_Directory": {
				"type": "string"
			},
			"p_Archive_Directory": {
				"type": "string"
			},
			"p_Master_Run_ID": {
				"type": "string"
			},
			"p_Trigger_Name": {
				"type": "string"
			},
			"p_Entity": {
				"type": "string"
			},
			"p_full_reload_required_flag": {
				"type": "string"
			},
			"p_KV_StorageAccountURL": {
				"type": "string"
			},
			"p_KV_StorageAccountSecretKey": {
				"type": "string"
			},
			"p_EDLQualificationField": {
				"type": "string"
			}
		},
		"variables": {
			"v_email_recon_failure_message": {
				"type": "String"
			},
			"v_email_recon_failure_subject": {
				"type": "String"
			},
			"v_source_record_count": {
				"type": "String"
			},
			"v_target_record_count": {
				"type": "String"
			},
			"v_root_file_url": {
				"type": "String"
			},
			"v_data_file_location": {
				"type": "String"
			}
		},
		"folder": {
			"name": "INGEST/Ingestion_Entity"
		},
		"annotations": []
	}
}