{
	"name": "p_ingest_main",
	"properties": {
		"activities": [
			{
				"name": "Build Ref and Model",
				"type": "IfCondition",
				"dependsOn": [
					{
						"activity": "Ingest Entity",
						"dependencyConditions": [
							"Succeeded",
							"Skipped"
						]
					}
				],
				"userProperties": [],
				"typeProperties": {
					"expression": {
						"value": "@equals(pipeline().parameters.execute_model_build, 'Y')",
						"type": "Expression"
					},
					"ifTrueActivities": [
						{
							"name": "Execute p_ingest_ref_and_model_pipeline",
							"type": "ExecutePipeline",
							"dependsOn": [],
							"userProperties": [],
							"typeProperties": {
								"pipeline": {
									"referenceName": "p_ingest_ref_and_model_hyper",
									"type": "PipelineReference"
								},
								"waitOnCompletion": true,
								"parameters": {
									"trigger_name": {
										"value": "@pipeline().parameters.trigger_name",
										"type": "Expression"
									},
									"master_pipeline_runid": {
										"value": "@pipeline().RunId",
										"type": "Expression"
									},
									"silo": {
										"value": "@pipeline().parameters.sillos",
										"type": "Expression"
									},
									"full_reload": {
										"value": "@pipeline().parameters.full_reload",
										"type": "Expression"
									},
									"model_sp_List": {
										"value": "@pipeline().parameters.model_sp_List",
										"type": "Expression"
									}
								}
							}
						}
					]
				}
			},
			{
				"name": "Ingest Entity",
				"type": "IfCondition",
				"dependsOn": [
					{
						"activity": "Create Main Log",
						"dependencyConditions": [
							"Succeeded"
						]
					}
				],
				"userProperties": [],
				"typeProperties": {
					"expression": {
						"value": "@equals(pipeline().parameters.execute_entity_load, 'Y')",
						"type": "Expression"
					},
					"ifTrueActivities": [
						{
							"name": "Execute p_ingest_entity",
							"type": "ExecutePipeline",
							"dependsOn": [],
							"userProperties": [],
							"typeProperties": {
								"pipeline": {
									"referenceName": "p_ingest_entity_hyper",
									"type": "PipelineReference"
								},
								"waitOnCompletion": true,
								"parameters": {
									"entities": {
										"value": "@pipeline().parameters.entities",
										"type": "Expression"
									},
									"trigger_name": {
										"value": "@pipeline().parameters.trigger_name",
										"type": "Expression"
									},
									"load_type": {
										"value": "@pipeline().parameters.load_type",
										"type": "Expression"
									},
									"full_reload_required_flag": {
										"value": "@pipeline().parameters.full_reload",
										"type": "Expression"
									},
									"master_run_id": {
										"value": "@pipeline().RunId",
										"type": "Expression"
									}
								}
							}
						}
					]
				}
			},
			{
				"name": "PBI Refresh",
				"type": "IfCondition",
				"dependsOn": [
					{
						"activity": "Build Ref and Model",
						"dependencyConditions": [
							"Succeeded",
							"Skipped"
						]
					}
				],
				"userProperties": [],
				"typeProperties": {
					"expression": {
						"value": "@equals(pipeline().parameters.execute_pbi_refresh, 'Y')",
						"type": "Expression"
					},
					"ifTrueActivities": [
						{
							"name": "p_ingest_PBIRefresh_hyper",
							"type": "ExecutePipeline",
							"dependsOn": [],
							"userProperties": [],
							"typeProperties": {
								"pipeline": {
									"referenceName": "p_ingest_PBIRefresh_hyper",
									"type": "PipelineReference"
								},
								"waitOnCompletion": true,
								"parameters": {
									"trigger_name": {
										"value": "@pipeline().parameters.trigger_name",
										"type": "Expression"
									},
									"master_run_id": {
										"value": "@pipeline().RunId",
										"type": "Expression"
									}
								}
							}
						}
					]
				}
			},
			{
				"name": "Export File",
				"type": "IfCondition",
				"dependsOn": [
					{
						"activity": "Ingest Entity",
						"dependencyConditions": [
							"Succeeded",
							"Skipped"
						]
					}
				],
				"userProperties": [],
				"typeProperties": {
					"expression": {
						"value": "@equals(pipeline().parameters.execute_file_export, 'Y')",
						"type": "Expression"
					},
					"ifTrueActivities": [
						{
							"name": "Execute Extract Pipeline",
							"type": "ExecutePipeline",
							"dependsOn": [],
							"userProperties": [],
							"typeProperties": {
								"pipeline": {
									"referenceName": "p_extract_hyper",
									"type": "PipelineReference"
								},
								"waitOnCompletion": true,
								"parameters": {
									"entities": {
										"value": "@pipeline().parameters.export_pipelines",
										"type": "Expression"
									},
									"trigger_name": {
										"value": "@pipeline().parameters.trigger_name",
										"type": "Expression"
									},
									"master_run_id": {
										"value": "@pipeline().RunId",
										"type": "Expression"
									}
								}
							}
						},
						{
							"name": "Execute Encrypt Pipeline",
							"type": "ExecutePipeline",
							"dependsOn": [
								{
									"activity": "Execute Extract Pipeline",
									"dependencyConditions": [
										"Succeeded"
									]
								}
							],
							"userProperties": [],
							"typeProperties": {
								"pipeline": {
									"referenceName": "p_encrypt",
									"type": "PipelineReference"
								},
								"waitOnCompletion": true,
								"parameters": {
									"MasterPipelineID": {
										"value": "@pipeline().RunId",
										"type": "Expression"
									},
									"TriggerName": {
										"value": "@pipeline().parameters.trigger_name",
										"type": "Expression"
									}
								}
							}
						}
					]
				}
			},
			{
				"name": "Create Main Log",
				"description": "",
				"type": "Lookup",
				"dependsOn": [],
				"policy": {
					"timeout": "7.00:00:00",
					"retry": 0,
					"retryIntervalInSeconds": 30,
					"secureOutput": false,
					"secureInput": false
				},
				"userProperties": [],
				"typeProperties": {
					"source": {
						"type": "SqlDWSource",
						"sqlReaderStoredProcedureName": "[ingestion].[usp_InsertLogMain]",
						"storedProcedureParameters": {
							"ErrorMessage": {
								"type": "String",
								"value": null
							},
							"MasterRunID": {
								"type": "String",
								"value": {
									"value": "@pipeline().RunId",
									"type": "Expression"
								}
							},
							"Parameters": {
								"type": "String",
								"value": null
							},
							"Status": {
								"type": "String",
								"value": "Started"
							},
							"TriggerName": {
								"type": "String",
								"value": {
									"value": "@pipeline().parameters.trigger_name",
									"type": "Expression"
								}
							}
						},
						"queryTimeout": "02:00:00",
						"partitionOption": "None"
					},
					"dataset": {
						"referenceName": "ds_d365_Log",
						"type": "DatasetReference"
					}
				}
			},
			{
				"name": "Update Main Log",
				"type": "SqlServerStoredProcedure",
				"dependsOn": [
					{
						"activity": "PBI Refresh",
						"dependencyConditions": [
							"Succeeded",
							"Skipped"
						]
					},
					{
						"activity": "Export File",
						"dependencyConditions": [
							"Skipped",
							"Succeeded"
						]
					}
				],
				"policy": {
					"timeout": "7.00:00:00",
					"retry": 0,
					"retryIntervalInSeconds": 30,
					"secureOutput": false,
					"secureInput": false
				},
				"userProperties": [],
				"typeProperties": {
					"storedProcedureName": "[ingestion].[usp_UpdateLogMain]",
					"storedProcedureParameters": {
						"EndTime": {
							"value": {
								"value": "@convertFromUtc(utcNow(),'AUS Eastern Standard Time')",
								"type": "Expression"
							},
							"type": "DateTime"
						},
						"ErrorMessage": {
							"value": null,
							"type": "String"
						},
						"MasterRunID": {
							"value": {
								"value": "@pipeline().RunId",
								"type": "Expression"
							},
							"type": "String"
						},
						"Status": {
							"value": "Completed",
							"type": "String"
						}
					}
				},
				"linkedServiceName": {
					"referenceName": "AzureSynapseAnalytics_EIM",
					"type": "LinkedServiceReference"
				}
			}
		],
		"parameters": {
			"entities": {
				"type": "string",
				"defaultValue": "Order"
			},
			"load_type": {
				"type": "string",
				"defaultValue": "incremental"
			},
			"trigger_name": {
				"type": "string"
			},
			"validation": {
				"type": "string",
				"defaultValue": "row_count"
			},
			"execute_entity_load": {
				"type": "string",
				"defaultValue": "Y"
			},
			"execute_model_build": {
				"type": "string",
				"defaultValue": "N"
			},
			"execute_pbi_refresh": {
				"type": "string",
				"defaultValue": "N"
			},
			"execute_file_export": {
				"type": "string",
				"defaultValue": "N"
			},
			"sillos": {
				"type": "string",
				"defaultValue": "All"
			},
			"pbi_dataset_refresh": {
				"type": "string",
				"defaultValue": "All"
			},
			"file_export": {
				"type": "string",
				"defaultValue": "All"
			},
			"full_reload": {
				"type": "string",
				"defaultValue": "Y"
			},
			"model_sp_List": {
				"type": "string",
				"defaultValue": "All"
			},
			"force_build_statistics": {
				"type": "bool",
				"defaultValue": false
			},
			"export_pipelines": {
				"type": "string",
				"defaultValue": "All"
			}
		},
		"folder": {
			"name": "INGEST"
		},
		"annotations": []
	}
}