{
	"name": "p_ingest_entity_parallel_stg_from_data_lake_root_DL",
	"properties": {
		"description": "DL - Dataload",
		"activities": [
			{
				"name": "UpdateETLLog_Root",
				"type": "SqlServerStoredProcedure",
				"dependsOn": [
					{
						"activity": "CopyDLFileIntoStaging",
						"dependencyConditions": [
							"Succeeded"
						]
					}
				],
				"policy": {
					"timeout": "7.00:00:00",
					"retry": 0,
					"retryIntervalInSeconds": 30,
					"secureOutput": false,
					"secureInput": false
				},
				"userProperties": [],
				"typeProperties": {
					"storedProcedureName": "[ingestion].[usp_UpdateLogEntity]",
					"storedProcedureParameters": {
						"EndTime": {
							"value": {
								"value": "@convertFromUtc(utcNow(),'AUS Eastern Standard Time')",
								"type": "Expression"
							},
							"type": "DateTime"
						},
						"ErrorMessage": {
							"value": null,
							"type": "String"
						},
						"MasterRunID": {
							"value": {
								"value": "@pipeline().parameters.Param_Master_Run_ID",
								"type": "Expression"
							},
							"type": "String"
						},
						"PipelineRunID": {
							"value": {
								"value": "@pipeline().RunId",
								"type": "Expression"
							},
							"type": "String"
						},
						"RowsEffected": {
							"value": {
								"value": "@activity('CopyDLFileIntoStaging').output.firstrow.RecordsEffected",
								"type": "Expression"
							},
							"type": "Int32"
						},
						"FileStatus": {
							"value": "RFP",
							"type": "String"
						},
						"Status": {
							"value": "Completed",
							"type": "String"
						}
					}
				},
				"linkedServiceName": {
					"referenceName": "AzureSynapseAnalytics_EIM",
					"type": "LinkedServiceReference"
				}
			},
			{
				"name": "UpdateETLLog_OnError_Root",
				"type": "SqlServerStoredProcedure",
				"dependsOn": [
					{
						"activity": "CopyDLFileIntoStaging",
						"dependencyConditions": [
							"Failed"
						]
					}
				],
				"policy": {
					"timeout": "7.00:00:00",
					"retry": 0,
					"retryIntervalInSeconds": 30,
					"secureOutput": false,
					"secureInput": false
				},
				"userProperties": [],
				"typeProperties": {
					"storedProcedureName": "[ingestion].[usp_UpdateLogEntity]",
					"storedProcedureParameters": {
						"EndTime": {
							"value": {
								"value": "@convertFromUtc(utcNow(),'AUS Eastern Standard Time')",
								"type": "Expression"
							},
							"type": "DateTime"
						},
						"ErrorMessage": {
							"value": {
								"value": "@activity('CopyDLFileIntoStaging').Error.message",
								"type": "Expression"
							},
							"type": "String"
						},
						"MasterRunID": {
							"value": {
								"value": "@pipeline().parameters.Param_Master_Run_ID",
								"type": "Expression"
							},
							"type": "String"
						},
						"PipelineRunID": {
							"value": {
								"value": "@pipeline().RunId",
								"type": "Expression"
							},
							"type": "String"
						},
						"RowsEffected": {
							"value": null,
							"type": "Int32"
						},
						"Status": {
							"value": "Failed",
							"type": "String"
						},
						"FileStatus": {
							"value": null,
							"type": "String"
						}
					}
				},
				"linkedServiceName": {
					"referenceName": "AzureSynapseAnalytics_EIM",
					"type": "LinkedServiceReference"
				}
			},
			{
				"name": "CreateETLLog",
				"type": "Lookup",
				"dependsOn": [],
				"policy": {
					"timeout": "7.00:00:00",
					"retry": 0,
					"retryIntervalInSeconds": 30,
					"secureOutput": false,
					"secureInput": false
				},
				"userProperties": [],
				"typeProperties": {
					"source": {
						"type": "SqlDWSource",
						"sqlReaderStoredProcedureName": "[ingestion].[usp_InsertLogEntity]",
						"storedProcedureParameters": {
							"ComputeType": {
								"type": "String",
								"value": {
									"value": "General purpose",
									"type": "Expression"
								}
							},
							"CoreCount": {
								"type": "Int32",
								"value": {
									"value": "4",
									"type": "Expression"
								}
							},
							"EndTime": {
								"type": "DateTime",
								"value": null
							},
							"Entity": {
								"type": "String",
								"value": {
									"value": "@pipeline().parameters.Param_Entity",
									"type": "Expression"
								}
							},
							"ErrorMessage": {
								"type": "String",
								"value": null
							},
							"FileName": {
								"type": "String",
								"value": {
									"value": "All files in root folder",
									"type": "Expression"
								}
							},
							"MasterRunID": {
								"type": "String",
								"value": {
									"value": "@pipeline().parameters.Param_Master_Run_ID",
									"type": "Expression"
								}
							},
							"Parameters": {
								"type": "String",
								"value": null
							},
							"PipelineRunID": {
								"type": "String",
								"value": {
									"value": "@pipeline().RunId",
									"type": "Expression"
								}
							},
							"RowsEffected": {
								"type": "Int32",
								"value": null
							},
							"SchemaName": {
								"type": "String",
								"value": {
									"value": "@pipeline().parameters.Param_Schema",
									"type": "Expression"
								}
							},
							"SQLEDLBuildScript": {
								"type": "String",
								"value": null
							},
							"SQLValidationScript": {
								"type": "String",
								"value": null
							},
							"StartTime": {
								"type": "DateTime",
								"value": {
									"value": "@convertFromUtc(utcNow(),'AUS Eastern Standard Time')",
									"type": "Expression"
								}
							},
							"Status": {
								"type": "String",
								"value": "Started"
							},
							"TriggerName": {
								"type": "String",
								"value": {
									"value": "@pipeline().parameters.Param_Trigger_Name",
									"type": "Expression"
								}
							}
						},
						"queryTimeout": "02:00:00",
						"partitionOption": "None"
					},
					"dataset": {
						"referenceName": "ds_d365_Log",
						"type": "DatasetReference"
					}
				}
			},
			{
				"name": "Update Root Flag",
				"type": "SqlServerStoredProcedure",
				"dependsOn": [
					{
						"activity": "UpdateETLLog_Root",
						"dependencyConditions": [
							"Succeeded"
						]
					}
				],
				"policy": {
					"timeout": "7.00:00:00",
					"retry": 0,
					"retryIntervalInSeconds": 30,
					"secureOutput": false,
					"secureInput": false
				},
				"userProperties": [],
				"typeProperties": {
					"storedProcedureName": "[ingestion].[usp_UpdateConfigurationEntity]",
					"storedProcedureParameters": {
						"EntityName": {
							"value": {
								"value": "@pipeline().parameters.Param_Entity",
								"type": "Expression"
							},
							"type": "String"
						},
						"SchemaName": {
							"value": {
								"value": "@pipeline().parameters.Param_Schema",
								"type": "Expression"
							},
							"type": "String"
						}
					}
				},
				"linkedServiceName": {
					"referenceName": "AzureSynapseAnalytics_EIM",
					"type": "LinkedServiceReference"
				}
			},
			{
				"name": "CopyDLFileIntoStaging",
				"type": "Lookup",
				"dependsOn": [
					{
						"activity": "CreateETLLog",
						"dependencyConditions": [
							"Succeeded"
						]
					}
				],
				"policy": {
					"timeout": "7.00:00:00",
					"retry": 0,
					"retryIntervalInSeconds": 30,
					"secureOutput": false,
					"secureInput": false
				},
				"userProperties": [],
				"typeProperties": {
					"source": {
						"type": "SqlDWSource",
						"sqlReaderStoredProcedureName": "[ingestion].[usp_CreateFLTable]",
						"storedProcedureParameters": {
							"RootLocation": {
								"type": "String",
								"value": {
									"value": "@pipeline().parameters.Param_Root_Location",
									"type": "Expression"
								}
							},
							"SourceStagingSchema": {
								"type": "String",
								"value": {
									"value": "@pipeline().parameters.Param_Schema",
									"type": "Expression"
								}
							},
							"SourceStagingTable": {
								"type": "String",
								"value": {
									"value": "@pipeline().parameters.Param_Entity",
									"type": "Expression"
								}
							},
							"StorageDirectoryURL": {
								"type": "String",
								"value": {
									"value": "@pipeline().globalParameters.d365StorageURL",
									"type": "Expression"
								}
							}
						},
						"queryTimeout": "02:00:00",
						"partitionOption": "None"
					},
					"dataset": {
						"referenceName": "ds_d365_RecordsEffected",
						"type": "DatasetReference"
					}
				}
			},
			{
				"name": "ingestion usp_EntityWatermarkLog",
				"type": "SqlServerStoredProcedure",
				"dependsOn": [
					{
						"activity": "Update Root Flag",
						"dependencyConditions": [
							"Succeeded"
						]
					}
				],
				"policy": {
					"timeout": "7.00:00:00",
					"retry": 0,
					"retryIntervalInSeconds": 30,
					"secureOutput": false,
					"secureInput": false
				},
				"userProperties": [],
				"typeProperties": {
					"storedProcedureName": "[ingestion].[usp_EntityWatermarkLog]",
					"storedProcedureParameters": {
						"Entity": {
							"value": {
								"value": "@pipeline().parameters.Param_Entity",
								"type": "Expression"
							},
							"type": "String"
						},
						"Entity_Schema": {
							"value": {
								"value": "@pipeline().parameters.Param_Schema",
								"type": "Expression"
							},
							"type": "String"
						},
						"Entity_Table": {
							"value": {
								"value": "@concat(pipeline().parameters.Param_Entity,'_FL')",
								"type": "Expression"
							},
							"type": "String"
						},
						"DataLakeModified_DateTime": {
							"value": {
								"value": "@pipeline().parameters.Param_EDLQualificationField",
								"type": "Expression"
							},
							"type": "String"
						}
					}
				},
				"linkedServiceName": {
					"referenceName": "AzureSynapseAnalytics_EIM",
					"type": "LinkedServiceReference"
				}
			}
		],
		"parameters": {
			"Param_Entity": {
				"type": "string",
				"defaultValue": "CustTable"
			},
			"Param_Schema": {
				"type": "string",
				"defaultValue": "STG_D365"
			},
			"Param_Root_Location": {
				"type": "string",
				"defaultValue": "metcash-pbmssit.sandbox.operations.dynamics.com/Tables/Common/Customer/Main"
			},
			"Param_Master_Run_ID": {
				"type": "string",
				"defaultValue": "2"
			},
			"Param_Trigger_Name": {
				"type": "string"
			},
			"Param_EDLQualificationField": {
				"type": "string"
			}
		},
		"variables": {
			"RowsEffected": {
				"type": "String",
				"defaultValue": "0"
			}
		},
		"folder": {
			"name": "INGEST/Ingestion_Entity"
		},
		"annotations": []
	}
}