{
	"name": "p_ingest_entity_parallel_stg_from_datalake_root_FC",
	"properties": {
		"activities": [
			{
				"name": "Get Entiy file metadata",
				"type": "GetMetadata",
				"dependsOn": [],
				"policy": {
					"timeout": "7.00:00:00",
					"retry": 0,
					"retryIntervalInSeconds": 30,
					"secureOutput": false,
					"secureInput": false
				},
				"userProperties": [],
				"typeProperties": {
					"dataset": {
						"referenceName": "DLS_FileType_CSV",
						"type": "DatasetReference",
						"parameters": {
							"Container": {
								"value": "@pipeline().parameters.Param_Container_Name",
								"type": "Expression"
							},
							"Directory": {
								"value": "@concat(\npipeline().parameters.Param_Root_Location,\n'/',\npipeline().parameters.Param_Entity\n)",
								"type": "Expression"
							},
							"AccountName": {
								"value": "@pipeline().parameters.Param_KV_StorageAccountURL",
								"type": "Expression"
							},
							"SecretKey": {
								"value": "@pipeline().parameters.Param_KV_StorageAccountSecretKey",
								"type": "Expression"
							}
						}
					},
					"fieldList": [
						"childItems"
					],
					"storeSettings": {
						"type": "AzureBlobFSReadSettings",
						"recursive": true,
						"enablePartitionDiscovery": false
					},
					"formatSettings": {
						"type": "DelimitedTextReadSettings"
					}
				}
			},
			{
				"name": "Filter matching entity file",
				"type": "Filter",
				"dependsOn": [
					{
						"activity": "Get Entiy file metadata",
						"dependencyConditions": [
							"Succeeded"
						]
					}
				],
				"userProperties": [],
				"typeProperties": {
					"items": {
						"value": "@activity('Get Entiy file metadata').output.childItems",
						"type": "Expression"
					},
					"condition": {
						"value": "@and(not(equals(length(activity('Get Entiy file metadata').output.childItems),0)),endswith(item().name, '.csv'))",
						"type": "Expression"
					}
				}
			},
			{
				"name": "Are there any matching files",
				"type": "IfCondition",
				"dependsOn": [
					{
						"activity": "Filter matching entity file",
						"dependencyConditions": [
							"Succeeded"
						]
					}
				],
				"userProperties": [],
				"typeProperties": {
					"expression": {
						"value": "@not(equals(activity('Filter matching entity file').output.FilteredItemsCount,0))",
						"type": "Expression"
					},
					"ifFalseActivities": [
						{
							"name": "UpdateETLLog_Root",
							"type": "SqlServerStoredProcedure",
							"dependsOn": [
								{
									"activity": "CreateETLLog",
									"dependencyConditions": [
										"Succeeded"
									]
								}
							],
							"policy": {
								"timeout": "7.00:00:00",
								"retry": 0,
								"retryIntervalInSeconds": 30,
								"secureOutput": false,
								"secureInput": false
							},
							"userProperties": [],
							"typeProperties": {
								"storedProcedureName": "[ingestion].[usp_UpdateLogEntity]",
								"storedProcedureParameters": {
									"EndTime": {
										"value": {
											"value": "@convertFromUtc(utcNow(),'AUS Eastern Standard Time')",
											"type": "Expression"
										},
										"type": "DateTime"
									},
									"ErrorMessage": {
										"value": null,
										"type": "String"
									},
									"Filestatus": {
										"value": "RFNF",
										"type": "String"
									},
									"MasterRunID": {
										"value": {
											"value": "@pipeline().parameters.Param_Master_Run_ID",
											"type": "Expression"
										},
										"type": "String"
									},
									"PipelineRunID": {
										"value": {
											"value": "@pipeline().RunId",
											"type": "Expression"
										},
										"type": "String"
									},
									"RowsEffected": {
										"value": null,
										"type": "Int32"
									},
									"Status": {
										"value": "Completed",
										"type": "String"
									}
								}
							},
							"linkedServiceName": {
								"referenceName": "AzureSynapseAnalytics_EIM",
								"type": "LinkedServiceReference"
							}
						},
						{
							"name": "CreateETLLog",
							"type": "Lookup",
							"dependsOn": [],
							"policy": {
								"timeout": "7.00:00:00",
								"retry": 0,
								"retryIntervalInSeconds": 30,
								"secureOutput": false,
								"secureInput": false
							},
							"userProperties": [],
							"typeProperties": {
								"source": {
									"type": "SqlDWSource",
									"sqlReaderStoredProcedureName": "[ingestion].[usp_InsertLogEntity]",
									"storedProcedureParameters": {
										"ComputeType": {
											"type": "String",
											"value": "General purpose"
										},
										"CoreCount": {
											"type": "Int32",
											"value": "4"
										},
										"EndTime": {
											"type": "DateTime",
											"value": null
										},
										"Entity": {
											"type": "String",
											"value": {
												"value": "@pipeline().parameters.Param_Entity",
												"type": "Expression"
											}
										},
										"ErrorMessage": {
											"type": "String",
											"value": null
										},
										"MasterRunID": {
											"type": "String",
											"value": {
												"value": "@pipeline().parameters.Param_Master_Run_ID",
												"type": "Expression"
											}
										},
										"Parameters": {
											"type": "String",
											"value": null
										},
										"PipelineRunID": {
											"type": "String",
											"value": {
												"value": "@pipeline().RunId",
												"type": "Expression"
											}
										},
										"RowsEffected": {
											"type": "Int32",
											"value": null
										},
										"SQLEDLBuildScript": {
											"type": "String",
											"value": null
										},
										"SQLValidationScript": {
											"type": "String",
											"value": null
										},
										"StartTime": {
											"type": "DateTime",
											"value": {
												"value": "@convertFromUtc(utcNow(),'AUS Eastern Standard Time')",
												"type": "Expression"
											}
										},
										"Status": {
											"type": "String",
											"value": "Started"
										},
										"TriggerName": {
											"type": "String",
											"value": {
												"value": "@pipeline().parameters.Param_Trigger_Name",
												"type": "Expression"
											}
										},
										"SchemaName": {
											"type": "String",
											"value": {
												"value": "@pipeline().parameters.Param_Schema",
												"type": "Expression"
											}
										},
										"FileName": {
											"type": "String",
											"value": {
												"value": "No files found",
												"type": "Expression"
											}
										}
									},
									"queryTimeout": "02:00:00",
									"partitionOption": "None"
								},
								"dataset": {
									"referenceName": "ds_d365_Log",
									"type": "DatasetReference"
								}
							}
						}
					],
					"ifTrueActivities": [
						{
							"name": "p_ingest_entity_parallel_stg_data_lake_root",
							"type": "ExecutePipeline",
							"dependsOn": [],
							"userProperties": [],
							"typeProperties": {
								"pipeline": {
									"referenceName": "p_ingest_entity_parallel_stg_from_data_lake_root_DL",
									"type": "PipelineReference"
								},
								"waitOnCompletion": true,
								"parameters": {
									"Param_Entity": {
										"value": "@pipeline().parameters.Param_Entity",
										"type": "Expression"
									},
									"Param_Schema": {
										"value": "@pipeline().parameters.Param_Schema",
										"type": "Expression"
									},
									"Param_Root_Location": {
										"value": "@pipeline().parameters.Param_Root_Location",
										"type": "Expression"
									},
									"Param_Master_Run_ID": {
										"value": "@pipeline().parameters.Param_Master_Run_ID",
										"type": "Expression"
									},
									"Param_Trigger_Name": {
										"value": "@pipeline().parameters.Param_Trigger_Name",
										"type": "Expression"
									},
									"Param_EDLQualificationField": {
										"value": "@pipeline().parameters.Param_EDLQualificationField",
										"type": "Expression"
									}
								}
							}
						}
					]
				}
			}
		],
		"parameters": {
			"Param_Entity": {
				"type": "string",
				"defaultValue": "TaxInformationVendTable_IN"
			},
			"Param_Root_Location": {
				"type": "string",
				"defaultValue": "metcash-pbmssit.sandbox.operations.dynamics.com/Tables/Finance/Tax/Main"
			},
			"Param_Schema": {
				"type": "string",
				"defaultValue": "pbmsstg"
			},
			"Param_Container_Name": {
				"type": "string",
				"defaultValue": "dynamics365-financeandoperations"
			},
			"Param_Master_Run_ID": {
				"type": "string",
				"defaultValue": "asdsadasda1"
			},
			"Param_Trigger_Name": {
				"type": "string"
			},
			"Param_KV_StorageAccountURL": {
				"type": "string"
			},
			"Param_KV_StorageAccountSecretKey": {
				"type": "string"
			},
			"Param_EDLQualificationField": {
				"type": "string"
			}
		},
		"folder": {
			"name": "INGEST/Ingestion_Entity"
		},
		"annotations": []
	}
}