{
	"name": "p_update_e4i_recon_stats_history",
	"properties": {
		"activities": [
			{
				"name": "Refresh Salesforce Recon Stats History",
				"type": "SqlServerStoredProcedure",
				"dependsOn": [],
				"policy": {
					"timeout": "0.12:00:00",
					"retry": 0,
					"retryIntervalInSeconds": 30,
					"secureOutput": false,
					"secureInput": false
				},
				"userProperties": [],
				"typeProperties": {
					"storedProcedureName": "[e4i].[SP_Insert_Reconcilation_SF_SourceToTargetHistory]"
				},
				"linkedServiceName": {
					"referenceName": "AzureSynapseAnalytics_EIM",
					"type": "LinkedServiceReference"
				}
			},
			{
				"name": "Refresh Retail Scan Recon Stats History",
				"type": "SqlServerStoredProcedure",
				"dependsOn": [
					{
						"activity": "Refresh Salesforce Recon Stats History",
						"dependencyConditions": [
							"Succeeded"
						]
					}
				],
				"policy": {
					"timeout": "0.12:00:00",
					"retry": 0,
					"retryIntervalInSeconds": 30,
					"secureOutput": false,
					"secureInput": false
				},
				"userProperties": [],
				"typeProperties": {
					"storedProcedureName": "[e4i].[SP_Insert_Reconcilation_RS_SourceToTargetHistory]"
				},
				"linkedServiceName": {
					"referenceName": "AzureSynapseAnalytics_EIM",
					"type": "LinkedServiceReference"
				}
			}
		],
		"folder": {
			"name": "INGEST/Miscellaneous"
		},
		"annotations": []
	}
}