{
	"name": "p_xdock_location",
	"properties": {
		"description": "save json to synapse as XDock_Location_JSON",
		"activities": [
			{
				"name": "GenerateToken",
				"type": "WebActivity",
				"dependsOn": [],
				"policy": {
					"timeout": "0.12:00:00",
					"retry": 0,
					"retryIntervalInSeconds": 30,
					"secureOutput": false,
					"secureInput": false
				},
				"userProperties": [],
				"typeProperties": {
					"url": "https://login.microsoftonline.com/metcash.com/oauth2/v2.0/token",
					"method": "POST",
					"headers": {
						"Content-Type": "application/x-www-form-urlencoded"
					},
					"body": "grant_type= client_credentials&client_id=aa9e850d-58e5-43a8-a22d-d78ef8b81780&client_secret=cZ98Q~cQlGUKw8Skcu0OgvmFYcb-sGFJUmgbnbLr& scope=api://aa9e850d-58e5-43a8-a22d-d78ef8b81780/.default"
				}
			},
			{
				"name": "DataRef",
				"type": "WebActivity",
				"dependsOn": [
					{
						"activity": "GenerateToken",
						"dependencyConditions": [
							"Succeeded"
						]
					}
				],
				"policy": {
					"timeout": "0.12:00:00",
					"retry": 0,
					"retryIntervalInSeconds": 30,
					"secureOutput": false,
					"secureInput": false
				},
				"userProperties": [],
				"typeProperties": {
					"url": "https://cloud-api-s2.metcash.com/apimgw/pbmsdatareference/v1/api/edilookup/v1/db/fetchdata",
					"method": "POST",
					"headers": {
						"Ocp-Apim-Subscription-Key": "005fb948daba4d77989e0c401d1f0fd2",
						"Content-Type": "application/json",
						"Authorization": {
							"value": "@concat('Bearer ', activity('GenerateToken').output.access_token)",
							"type": "Expression"
						},
						"Ocp-Apim-Trace": "true"
					},
					"body": {
						"transactionID": "",
						"serviceName": "Test",
						"InterfaceID": "",
						"columns": [
							"\"LOCATION_ID\"",
							"\"FACILITY_CODE\"",
							"\"DIVISION\"",
							"\"DISTRIBUTION_CENTRE\"",
							"\"WAREHOUSE_CODE\"",
							"\"WAREHOUSE_STATE\"",
							"\"WAREHOUSE_STATE_CODE\"",
							"\"DALLAS_SERVER\"",
							"\"DALLAS_INSTANCE\"",
							"\"COMMODITY_TYPE\"",
							"\"YARD_ITEM_TYPE\"",
							"\"LEGAL_ENTITY\"",
							"\"OWNING_ERP\"",
							"\"RECEIPT_TYPE\"",
							"\"DIMENSION\"",
							"\"INTEGRATION_PO_TARGET\"",
							"\"INTEGRATION_CO_TARGET\"",
							"\"SITEID\"",
							"\"DESCRIPTION\""
						],
						"tableName": "tibtstbp.\"XDOCK_LOCATION\""
					}
				}
			},
			{
				"name": "CopyToADL",
				"type": "Copy",
				"dependsOn": [
					{
						"activity": "DataRef",
						"dependencyConditions": [
							"Succeeded"
						]
					}
				],
				"policy": {
					"timeout": "0.12:00:00",
					"retry": 0,
					"retryIntervalInSeconds": 30,
					"secureOutput": false,
					"secureInput": false
				},
				"userProperties": [],
				"typeProperties": {
					"source": {
						"type": "DelimitedTextSource",
						"additionalColumns": [
							{
								"name": "mycolumn",
								"value": {
									"value": "@{activity('DataRef').output.resultSet}",
									"type": "Expression"
								}
							}
						],
						"storeSettings": {
							"type": "AzureBlobFSReadSettings",
							"recursive": true,
							"enablePartitionDiscovery": false
						},
						"formatSettings": {
							"type": "DelimitedTextReadSettings"
						}
					},
					"sink": {
						"type": "DelimitedTextSink",
						"storeSettings": {
							"type": "AzureBlobFSWriteSettings"
						},
						"formatSettings": {
							"type": "DelimitedTextWriteSettings",
							"quoteAllText": true,
							"fileExtension": ".txt"
						}
					},
					"enableStaging": false,
					"translator": {
						"type": "TabularTranslator",
						"mappings": [
							{
								"source": {
									"name": "mycolumn",
									"type": "String"
								},
								"sink": {
									"ordinal": 1
								}
							}
						],
						"typeConversion": true,
						"typeConversionSettings": {
							"allowDataTruncation": true,
							"treatBooleanAsNumber": false
						}
					}
				},
				"inputs": [
					{
						"referenceName": "f_xdock_location_template",
						"type": "DatasetReference"
					}
				],
				"outputs": [
					{
						"referenceName": "f_xdock_location_sink",
						"type": "DatasetReference"
					}
				]
			},
			{
				"name": "CopyToSyn",
				"type": "Copy",
				"dependsOn": [
					{
						"activity": "CopyToADL",
						"dependencyConditions": [
							"Succeeded"
						]
					}
				],
				"policy": {
					"timeout": "0.12:00:00",
					"retry": 0,
					"retryIntervalInSeconds": 30,
					"secureOutput": false,
					"secureInput": false
				},
				"userProperties": [],
				"typeProperties": {
					"source": {
						"type": "DelimitedTextSource",
						"storeSettings": {
							"type": "AzureBlobFSReadSettings",
							"recursive": true,
							"enablePartitionDiscovery": false
						},
						"formatSettings": {
							"type": "DelimitedTextReadSettings"
						}
					},
					"sink": {
						"type": "SqlDWSink",
						"preCopyScript": "TRUNCATE TABLE stg_mdata.XDock_Location_JSON",
						"allowCopyCommand": true,
						"disableMetricsCollection": false
					},
					"enableStaging": true,
					"stagingSettings": {
						"linkedServiceName": {
							"referenceName": "AzureDataLakeStorage",
							"type": "LinkedServiceReference"
						},
						"path": "xdock-location/staging"
					},
					"translator": {
						"type": "TabularTranslator",
						"mappings": [
							{
								"source": {
									"path": "$['Column_1']"
								},
								"sink": {
									"name": "JSON_Value",
									"type": "String"
								}
							}
						]
					}
				},
				"inputs": [
					{
						"referenceName": "f_xdock_location_sink",
						"type": "DatasetReference"
					}
				],
				"outputs": [
					{
						"referenceName": "d_SYN_stg_XDock_Location_JSON",
						"type": "DatasetReference"
					}
				]
			},
			{
				"name": "StgToExtract",
				"type": "SqlServerStoredProcedure",
				"dependsOn": [
					{
						"activity": "CopyToSyn",
						"dependencyConditions": [
							"Succeeded"
						]
					}
				],
				"policy": {
					"timeout": "0.12:00:00",
					"retry": 0,
					"retryIntervalInSeconds": 30,
					"secureOutput": false,
					"secureInput": false
				},
				"userProperties": [],
				"typeProperties": {
					"storedProcedureName": "[ingestion].[usp_xDock_Location_stg_to_edl]",
					"storedProcedureParameters": {
						"Pipeline_Run_Id": {
							"value": {
								"value": "@pipeline().RunId",
								"type": "Expression"
							},
							"type": "String"
						},
						"pipeline_trigger_datetime": {
							"value": {
								"value": "@convertFromUtc(pipeline().TriggerTime,'AUS Eastern Standard Time')",
								"type": "Expression"
							},
							"type": "DateTime"
						}
					}
				},
				"linkedServiceName": {
					"referenceName": "AzureSynapseAnalytics_EIM",
					"type": "LinkedServiceReference"
				}
			}
		],
		"variables": {
			"WAREHOUSE_CODE": {
				"type": "String"
			},
			"LOCATION_ID": {
				"type": "String"
			},
			"column": {
				"type": "String"
			},
			"length": {
				"type": "String"
			},
			"json_output_1": {
				"type": "String"
			},
			"json_output_2": {
				"type": "String"
			}
		},
		"folder": {
			"name": "INGEST"
		},
		"annotations": [],
		"lastPublishTime": "2022-11-15T04:32:14Z"
	},
	"type": "Microsoft.DataFactory/factories/pipelines"
}